order_id,order_date,region,country,channel,category,product,units,unit_price,discount,revenue,customer_rating,returned
100000,2024-01-01,North America,United States,Mobile App,Home & Kitchen,Espresso Machine,2,86.51,0.0,173.02,5.0,0
100001,2024-01-01,Asia Pacific,Singapore,Web,Sports,Fitness Tracker,1,75.66,0.0,75.66,,0
100002,2024-01-01,Latin America,Argentina,Web,Beauty,Skincare Kit,4,118.04,0.05,448.55,5.0,0
100003,2024-01-01,Latin America,Brazil,Web,Sports,Trail Backpack,1,146.14,0.0,146.14,4.0,1
100004,2024-01-01,Latin America,Brazil,Mobile App,Sports,Yoga Mat,1,118.73,0.15,100.92,4.0,1
100005,2024-01-01,North America,Mexico,Web,Beauty,Lip Palette,3,110.15,0.0,330.45,,0
100006,2024-01-02,North America,Canada,Web,Home & Kitchen,Espresso Machine,1,90.35,0.0,90.35,,0
100007,2024-01-02,Europe,Spain,Web,Beauty,Vitamin C Serum,1,45.96,0.0,45.96,5.0,0
100008,2024-01-02,North America,Canada,Web,Electronics,USB-C Hub,4,352.68,0.0,1410.72,,0
100009,2024-01-02,North America,Mexico,Web,Fashion,Denim Jacket,1,107.43,0.0,107.43,,0
100010,2024-01-02,Asia Pacific,Australia,Web,Electronics,USB-C Hub,2,341.4,0.0,682.8,4.0,0
100011,2024-01-02,Latin America,Argentina,Web,Electronics,Wireless Earbuds,3,183.49,0.0,550.47,3.0,0
100012,2024-01-02,Asia Pacific,Japan,Retail Partner,Fashion,Wool Sweater,3,43.35,0.15,110.54,4.0,0
100013,2024-01-03,North America,Canada,Retail Partner,Home & Kitchen,Smart Lamp,2,186.19,0.0,372.38,3.0,0
100014,2024-01-03,North America,United States,Mobile App,Electronics,Mechanical Keyboard,1,53.73,0.05,51.04,4.0,0
100015,2024-01-03,Europe,United Kingdom,Web,Home & Kitchen,Chef Knife Set,1,172.5,0.0,172.5,4.0,0
100016,2024-01-03,Latin America,Argentina,Mobile App,Home & Kitchen,Linen Bedding,1,151.84,0.2,121.47,,0
100017,2024-01-03,Europe,France,Web,Electronics,Wireless Earbuds,2,184.45,0.0,368.9,5.0,0
100018,2024-01-04,North America,Mexico,Web,Beauty,Hair Dryer,3,95.56,0.0,286.68,5.0,1
100019,2024-01-04,Europe,Spain,Marketplace,Sports,Yoga Mat,1,115.37,0.0,115.37,5.0,0
100020,2024-01-04,Latin America,Argentina,Web,Home & Kitchen,Smart Lamp,1,205.77,0.0,205.77,5.0,0
100021,2024-01-04,North America,Mexico,Mobile App,Fashion,Leather Belt,2,124.03,0.0,248.06,3.0,0
100022,2024-01-05,North America,Mexico,Mobile App,Electronics,Wireless Earbuds,2,186.74,0.1,336.13,4.0,0
100023,2024-01-05,Europe,Germany,Mobile App,Home & Kitchen,Espresso Machine,3,79.33,0.1,214.19,3.0,0
100024,2024-01-05,North America,Canada,Web,Home & Kitchen,Air Fryer,3,161.8,0.1,436.86,,1
100025,2024-01-05,North America,United States,Web,Beauty,Fragrance Set,2,112.66,0.1,202.79,,0
100026,2024-01-05,Europe,United Kingdom,Mobile App,Fashion,Running Shoes,4,54.95,0.0,219.8,,0
100027,2024-01-05,Europe,Germany,Marketplace,Electronics,USB-C Hub,2,354.01,0.05,672.62,5.0,0
100028,2024-01-05,Europe,Spain,Mobile App,Home & Kitchen,Smart Lamp,2,185.87,0.0,371.74,5.0,0
100029,2024-01-05,North America,Mexico,Retail Partner,Electronics,Wireless Earbuds,1,170.79,0.2,136.63,4.0,0
100030,2024-01-05,North America,United States,Mobile App,Electronics,Smartwatch,4,364.77,0.1,1313.17,,0
100031,2024-01-05,North America,Canada,Mobile App,Electronics,USB-C Hub,1,387.49,0.05,368.12,5.0,0
100032,2024-01-05,Europe,United Kingdom,Mobile App,Beauty,Fragrance Set,1,100.15,0.0,100.15,,1
100033,2024-01-06,Asia Pacific,India,Marketplace,Beauty,Skincare Kit,1,116.45,0.0,116.45,,0
100034,2024-01-06,Europe,Spain,Web,Electronics,USB-C Hub,1,368.56,0.2,294.85,5.0,0
100035,2024-01-06,North America,United States,Mobile App,Sports,Trail Backpack,3,167.92,0.0,503.76,,0
100036,2024-01-06,Europe,France,Web,Electronics,USB-C Hub,1,364.99,0.0,364.99,5.0,0
100037,2024-01-07,Asia Pacific,Australia,Web,Home & Kitchen,Espresso Machine,1,80.87,0.2,64.7,3.0,0
100038,2024-01-07,Europe,Spain,Marketplace,Fashion,Leather Belt,1,126.66,0.0,126.66,,0
100039,2024-01-07,Europe,Germany,Mobile App,Electronics,Smartwatch,1,389.39,0.0,389.39,4.0,0
100040,2024-01-07,Europe,France,Web,Home & Kitchen,Smart Lamp,2,195.57,0.0,391.14,5.0,0
100041,2024-01-08,North America,Mexico,Mobile App,Sports,Fitness Tracker,2,72.08,0.2,115.33,5.0,0
100042,2024-01-08,Europe,Spain,Mobile App,Beauty,Skincare Kit,3,118.39,0.0,355.17,4.0,0
100043,2024-01-08,Europe,Spain,Marketplace,Home & Kitchen,Smart Lamp,2,194.59,0.05,369.72,3.0,0
100044,2024-01-08,Asia Pacific,Australia,Retail Partner,Electronics,Smartwatch,1,380.87,0.0,380.87,5.0,0
100045,2024-01-08,North America,Mexico,Marketplace,Electronics,Smartwatch,2,391.12,0.05,743.13,5.0,0
100046,2024-01-08,North America,Mexico,Web,Electronics,Wireless Earbuds,4,173.93,0.2,556.58,,0
100047,2024-01-08,Asia Pacific,India,Web,Home & Kitchen,Espresso Machine,2,86.95,0.15,147.81,5.0,0
100048,2024-01-08,Europe,United Kingdom,Retail Partner,Electronics,USB-C Hub,1,335.95,0.0,335.95,,0
100049,2024-01-08,Asia Pacific,Australia,Mobile App,Electronics,Mechanical Keyboard,2,46.87,0.05,89.05,,0
100050,2024-01-09,Asia Pacific,India,Mobile App,Electronics,USB-C Hub,1,387.09,0.1,348.38,5.0,0
100051,2024-01-10,Europe,United Kingdom,Web,Electronics,Smartwatch,4,362.74,0.0,1450.96,4.0,0
100052,2024-01-10,Europe,Spain,Mobile App,Fashion,Denim Jacket,1,103.43,0.2,82.74,5.0,0
100053,2024-01-10,North America,Mexico,Mobile App,Beauty,Lip Palette,1,104.84,0.1,94.36,4.0,0
100054,2024-01-10,North America,United States,Mobile App,Electronics,Mechanical Keyboard,2,50.71,0.2,81.14,5.0,0
100055,2024-01-11,Asia Pacific,India,Mobile App,Fashion,Sunglasses,2,181.71,0.0,363.42,4.0,0
100056,2024-01-11,Europe,United Kingdom,Mobile App,Sports,Dumbbell Set,2,185.64,0.15,315.59,,0
100057,2024-01-12,North America,Canada,Mobile App,Beauty,Lip Palette,1,108.31,0.1,97.48,5.0,0
100058,2024-01-12,Europe,Spain,Retail Partner,Sports,Trail Backpack,2,149.58,0.0,299.16,,0
100059,2024-01-12,North America,United States,Mobile App,Beauty,Fragrance Set,2,114.36,0.05,217.28,4.0,0
100060,2024-01-12,Asia Pacific,Singapore,Retail Partner,Home & Kitchen,Chef Knife Set,3,189.7,0.0,569.1,,0
100061,2024-01-12,North America,Mexico,Web,Fashion,Denim Jacket,1,110.13,0.0,110.13,5.0,0
100062,2024-01-13,Latin America,Brazil,Web,Fashion,Wool Sweater,1,44.13,0.05,41.92,,0
100063,2024-01-13,Europe,Germany,Web,Sports,Yoga Mat,1,103.49,0.0,103.49,4.0,0
100064,2024-01-13,North America,Mexico,Mobile App,Home & Kitchen,Linen Bedding,2,149.93,0.0,299.86,5.0,0
100065,2024-01-13,Asia Pacific,Australia,Mobile App,Sports,Trail Backpack,4,149.68,0.0,598.72,5.0,0
100066,2024-01-13,North America,Mexico,Marketplace,Electronics,Smartwatch,1,389.0,0.0,389.0,,0
100067,2024-01-13,North America,United States,Mobile App,Electronics,Smartwatch,1,366.13,0.05,347.82,5.0,0
100068,2024-01-13,Asia Pacific,Australia,Mobile App,Home & Kitchen,Linen Bedding,1,168.33,0.05,159.91,4.0,0
100069,2024-01-13,Latin America,Brazil,Mobile App,Home & Kitchen,Chef Knife Set,4,195.04,0.0,780.16,5.0,0
100070,2024-01-13,Latin America,Brazil,Mobile App,Home & Kitchen,Linen Bedding,3,145.68,0.2,349.63,,0
100071,2024-01-14,North America,Mexico,Web,Home & Kitchen,Air Fryer,3,183.98,0.0,551.94,,0
100072,2024-01-15,North America,United States,Web,Electronics,USB-C Hub,3,351.68,0.15,896.78,3.0,0
100073,2024-01-15,North America,Canada,Retail Partner,Electronics,Smartwatch,2,381.64,0.0,763.28,,0
100074,2024-01-15,North America,Canada,Web,Sports,Yoga Mat,3,107.41,0.0,322.23,4.0,1
100075,2024-01-15,North America,Canada,Mobile App,Sports,Fitness Tracker,1,73.6,0.1,66.24,,0
100076,2024-01-15,North America,Mexico,Marketplace,Fashion,Running Shoes,4,53.41,0.1,192.28,5.0,0
100077,2024-01-15,Europe,United Kingdom,Web,Electronics,Wireless Earbuds,1,175.76,0.0,175.76,3.0,0
100078,2024-01-16,Europe,Spain,Web,Fashion,Leather Belt,1,130.33,0.05,123.81,5.0,0
100079,2024-01-16,Asia Pacific,Japan,Web,Home & Kitchen,Smart Lamp,1,194.09,0.15,164.98,5.0,0
100080,2024-01-16,North America,United States,Mobile App,Home & Kitchen,Espresso Machine,1,90.29,0.0,90.29,5.0,0
100081,2024-01-17,North America,United States,Marketplace,Home & Kitchen,Linen Bedding,2,168.17,0.1,302.71,5.0,0
100082,2024-01-17,Asia Pacific,Japan,Mobile App,Electronics,Smartwatch,1,395.04,0.05,375.29,5.0,0
100083,2024-01-17,North America,Mexico,Mobile App,Beauty,Vitamin C Serum,1,44.67,0.05,42.44,3.0,0
100084,2024-01-17,Europe,Spain,Web,Fashion,Leather Belt,4,119.22,0.05,453.04,5.0,0
100085,2024-01-17,North America,United States,Marketplace,Electronics,Mechanical Keyboard,2,53.68,0.0,107.36,5.0,0
100086,2024-01-17,North America,Canada,Web,Fashion,Running Shoes,1,54.57,0.0,54.57,3.0,1
100087,2024-01-17,Europe,France,Marketplace,Electronics,Smartwatch,3,383.81,0.05,1093.86,5.0,0
100088,2024-01-18,Asia Pacific,India,Mobile App,Sports,Yoga Mat,1,113.71,0.0,113.71,4.0,1
100089,2024-01-18,Europe,United Kingdom,Mobile App,Electronics,Wireless Earbuds,2,168.81,0.15,286.98,,0
100090,2024-01-18,Europe,Spain,Marketplace,Beauty,Fragrance Set,1,115.44,0.0,115.44,5.0,0
100091,2024-01-18,Europe,France,Mobile App,Electronics,Smartwatch,2,393.13,0.0,786.26,4.0,0
100092,2024-01-19,Europe,Spain,Mobile App,Home & Kitchen,Chef Knife Set,2,182.78,0.2,292.45,5.0,0
100093,2024-01-19,North America,Canada,Mobile App,Fashion,Running Shoes,1,57.5,0.0,57.5,,0
100094,2024-01-19,Asia Pacific,Japan,Web,Home & Kitchen,Espresso Machine,1,88.57,0.15,75.28,3.0,0
100095,2024-01-19,Asia Pacific,Singapore,Web,Fashion,Wool Sweater,1,45.96,0.0,45.96,5.0,0
100096,2024-01-19,Asia Pacific,Japan,Retail Partner,Home & Kitchen,Smart Lamp,3,211.72,0.05,603.4,5.0,0
100097,2024-01-20,North America,Mexico,Mobile App,Electronics,Mechanical Keyboard,2,49.47,0.0,98.94,,0
100098,2024-01-20,Latin America,Brazil,Mobile App,Sports,Yoga Mat,2,114.81,0.05,218.14,3.0,1
100099,2024-01-20,Europe,France,Web,Sports,Trail Backpack,2,161.79,0.1,291.22,4.0,0
100100,2024-01-20,Latin America,Chile,Retail Partner,Electronics,4K Monitor,4,160.25,0.15,544.85,5.0,0
100101,2024-01-21,Europe,United Kingdom,Retail Partner,Fashion,Wool Sweater,2,43.53,0.0,87.06,5.0,0
100102,2024-01-21,North America,Mexico,Web,Home & Kitchen,Air Fryer,1,160.53,0.0,160.53,,0
100103,2024-01-21,North America,Canada,Mobile App,Sports,Dumbbell Set,2,163.72,0.0,327.44,,0
100104,2024-01-21,Europe,Germany,Web,Fashion,Running Shoes,2,57.12,0.0,114.24,4.0,1
100105,2024-01-21,North America,Mexico,Web,Home & Kitchen,Linen Bedding,4,148.34,0.1,534.02,5.0,0
100106,2024-01-21,Europe,Germany,Web,Home & Kitchen,Smart Lamp,2,191.91,0.0,383.82,,0
100107,2024-01-22,Latin America,Argentina,Retail Partner,Electronics,Mechanical Keyboard,1,47.73,0.2,38.18,5.0,0
100108,2024-01-22,Asia Pacific,Japan,Marketplace,Fashion,Sunglasses,1,174.39,0.15,148.23,5.0,0
100109,2024-01-22,Asia Pacific,India,Web,Fashion,Running Shoes,3,57.0,0.15,145.35,5.0,0
100110,2024-01-22,Europe,Spain,Web,Fashion,Wool Sweater,2,47.68,0.05,90.59,,0
100111,2024-01-22,North America,United States,Mobile App,Sports,Yoga Mat,1,120.49,0.15,102.42,5.0,0
100112,2024-01-22,North America,Mexico,Mobile App,Sports,Trail Backpack,1,157.27,0.0,157.27,5.0,0
100113,2024-01-22,Asia Pacific,Singapore,Marketplace,Home & Kitchen,Linen Bedding,4,163.91,0.15,557.29,5.0,0
100114,2024-01-23,Europe,Germany,Web,Fashion,Sunglasses,1,181.1,0.2,144.88,5.0,0
100115,2024-01-23,North America,Canada,Mobile App,Electronics,Mechanical Keyboard,4,49.94,0.05,189.77,,0
100116,2024-01-23,North America,Mexico,Mobile App,Fashion,Wool Sweater,3,44.55,0.2,106.92,,0
100117,2024-01-24,Latin America,Chile,Web,Electronics,Mechanical Keyboard,1,52.45,0.2,41.96,5.0,0
100118,2024-01-24,North America,Canada,Web,Fashion,Running Shoes,1,51.56,0.2,41.25,3.0,0
100119,2024-01-24,North America,Mexico,Mobile App,Beauty,Vitamin C Serum,4,46.68,0.2,149.38,3.0,0
100120,2024-01-24,Europe,Spain,Web,Fashion,Sunglasses,3,185.95,0.0,557.85,3.0,1
100121,2024-01-24,North America,United States,Web,Sports,Cycling Helmet,3,224.46,0.2,538.7,,1
100122,2024-01-25,North America,Mexico,Web,Fashion,Leather Belt,4,136.63,0.05,519.19,4.0,0
100123,2024-01-25,North America,Canada,Web,Fashion,Leather Belt,1,135.0,0.0,135.0,,0
100124,2024-01-25,Asia Pacific,India,Web,Electronics,Smartwatch,4,383.02,0.0,1532.08,,0
100125,2024-01-25,North America,United States,Web,Sports,Trail Backpack,1,167.21,0.0,167.21,5.0,0
100126,2024-01-25,North America,Canada,Web,Home & Kitchen,Smart Lamp,1,187.47,0.15,159.35,4.0,0
100127,2024-01-25,North America,Canada,Mobile App,Electronics,4K Monitor,1,151.15,0.0,151.15,5.0,0
100128,2024-01-25,North America,Canada,Marketplace,Fashion,Denim Jacket,1,100.54,0.05,95.51,5.0,0
100129,2024-01-25,Asia Pacific,Japan,Web,Electronics,Smartwatch,3,395.85,0.0,1187.55,5.0,0
100130,2024-01-26,North America,United States,Mobile App,Beauty,Hair Dryer,1,92.78,0.05,88.14,4.0,0
100131,2024-01-26,North America,United States,Web,Electronics,Mechanical Keyboard,1,50.61,0.15,43.02,,0
100132,2024-01-26,North America,Mexico,Web,Electronics,Wireless Earbuds,2,173.78,0.2,278.05,,0
100133,2024-01-26,Europe,Spain,Web,Fashion,Leather Belt,3,130.52,0.1,352.4,5.0,0
100134,2024-01-26,Latin America,Argentina,Web,Fashion,Wool Sweater,2,41.96,0.2,67.14,5.0,0
100135,2024-01-26,Europe,Germany,Mobile App,Sports,Dumbbell Set,2,169.88,0.2,271.81,3.0,0
100136,2024-01-26,North America,United States,Mobile App,Electronics,4K Monitor,2,162.14,0.0,324.28,4.0,0
100137,2024-01-26,Asia Pacific,Japan,Mobile App,Beauty,Vitamin C Serum,3,43.83,0.0,131.49,5.0,0
100138,2024-01-27,Asia Pacific,Singapore,Web,Fashion,Sunglasses,4,181.86,0.2,581.95,,0
100139,2024-01-27,Latin America,Argentina,Mobile App,Home & Kitchen,Espresso Machine,1,89.65,0.0,89.65,,0
100140,2024-01-27,Asia Pacific,Australia,Web,Electronics,Wireless Earbuds,1,181.71,0.1,163.54,,0
100141,2024-01-27,North America,Mexico,Mobile App,Sports,Fitness Tracker,3,70.61,0.05,201.24,4.0,0
100142,2024-01-27,North America,Canada,Web,Electronics,Wireless Earbuds,2,175.35,0.0,350.7,5.0,0
100143,2024-01-28,Asia Pacific,Singapore,Mobile App,Beauty,Hair Dryer,1,92.0,0.1,82.8,4.0,1
100144,2024-01-28,Europe,France,Web,Sports,Dumbbell Set,2,178.35,0.0,356.7,3.0,0
100145,2024-01-28,Asia Pacific,Australia,Mobile App,Beauty,Lip Palette,4,111.43,0.0,445.72,5.0,0
100146,2024-01-28,Europe,Spain,Web,Electronics,Smartwatch,1,351.12,0.05,333.56,,0
100147,2024-01-28,North America,United States,Web,Electronics,Mechanical Keyboard,1,54.75,0.15,46.54,4.0,0
100148,2024-01-28,Asia Pacific,Australia,Web,Home & Kitchen,Chef Knife Set,4,186.78,0.05,709.76,5.0,0
100149,2024-01-29,North America,Mexico,Mobile App,Sports,Fitness Tracker,3,77.05,0.2,184.92,5.0,0
100150,2024-01-29,Europe,France,Mobile App,Fashion,Wool Sweater,1,42.27,0.2,33.82,,0
100151,2024-01-29,Europe,France,Web,Beauty,Lip Palette,1,101.27,0.0,101.27,4.0,0
100152,2024-01-30,North America,Mexico,Marketplace,Sports,Fitness Tracker,1,77.5,0.15,65.88,5.0,0
100153,2024-01-30,North America,Mexico,Web,Fashion,Leather Belt,3,131.33,0.0,393.99,4.0,0
100154,2024-01-30,North America,United States,Marketplace,Electronics,USB-C Hub,1,369.35,0.0,369.35,,0
100155,2024-01-31,North America,Canada,Mobile App,Sports,Dumbbell Set,4,180.61,0.0,722.44,5.0,0
100156,2024-01-31,North America,Canada,Web,Home & Kitchen,Air Fryer,3,169.06,0.15,431.1,4.0,0
100157,2024-01-31,North America,Canada,Retail Partner,Home & Kitchen,Air Fryer,1,173.58,0.15,147.54,5.0,0
100158,2024-01-31,Latin America,Brazil,Web,Electronics,Mechanical Keyboard,3,49.91,0.15,127.27,4.0,0
100159,2024-01-31,Asia Pacific,Japan,Web,Home & Kitchen,Chef Knife Set,1,178.67,0.0,178.67,5.0,0
100160,2024-01-31,Europe,United Kingdom,Marketplace,Home & Kitchen,Espresso Machine,2,91.07,0.0,182.14,,0
100161,2024-02-01,North America,Canada,Web,Fashion,Denim Jacket,1,104.92,0.0,104.92,,0
100162,2024-02-01,Asia Pacific,Japan,Web,Fashion,Denim Jacket,1,103.36,0.0,103.36,5.0,0
100163,2024-02-01,North America,United States,Marketplace,Sports,Cycling Helmet,1,228.11,0.2,182.49,4.0,0
100164,2024-02-01,Asia Pacific,Singapore,Web,Electronics,Wireless Earbuds,1,181.45,0.05,172.38,,0
100165,2024-02-01,North America,Canada,Web,Home & Kitchen,Chef Knife Set,2,183.01,0.2,292.82,,0
100166,2024-02-01,North America,United States,Web,Fashion,Wool Sweater,4,42.16,0.0,168.64,,0
100167,2024-02-01,North America,Mexico,Marketplace,Sports,Fitness Tracker,2,71.36,0.2,114.18,4.0,0
100168,2024-02-02,North America,United States,Mobile App,Home & Kitchen,Air Fryer,4,171.51,0.15,583.13,,0
100169,2024-02-02,Europe,France,Web,Beauty,Fragrance Set,2,101.31,0.0,202.62,5.0,0
100170,2024-02-02,North America,United States,Mobile App,Electronics,Wireless Earbuds,2,171.68,0.05,326.19,,0
100171,2024-02-02,Asia Pacific,Australia,Mobile App,Electronics,Smartwatch,2,394.26,0.1,709.67,,1
100172,2024-02-02,North America,United States,Marketplace,Home & Kitchen,Smart Lamp,1,194.89,0.2,155.91,5.0,0
100173,2024-02-02,Europe,Germany,Mobile App,Electronics,Mechanical Keyboard,1,52.03,0.1,46.83,,0
100174,2024-02-02,Latin America,Brazil,Marketplace,Home & Kitchen,Chef Knife Set,2,190.41,0.05,361.78,,0
100175,2024-02-02,North America,Canada,Web,Home & Kitchen,Linen Bedding,4,160.08,0.1,576.29,,0
100176,2024-02-03,North America,Mexico,Mobile App,Beauty,Lip Palette,3,111.37,0.0,334.11,4.0,0
100177,2024-02-03,Latin America,Brazil,Marketplace,Home & Kitchen,Chef Knife Set,2,185.06,0.05,351.61,4.0,0
100178,2024-02-03,North America,Canada,Retail Partner,Beauty,Skincare Kit,1,109.32,0.0,109.32,3.0,0
100179,2024-02-03,North America,Mexico,Mobile App,Electronics,Wireless Earbuds,3,187.44,0.05,534.2,,0
100180,2024-02-03,Europe,United Kingdom,Retail Partner,Beauty,Fragrance Set,2,107.36,0.15,182.51,5.0,0
100181,2024-02-03,North America,Mexico,Mobile App,Fashion,Wool Sweater,2,45.89,0.05,87.19,5.0,0
100182,2024-02-03,North America,United States,Web,Home & Kitchen,Linen Bedding,1,147.09,0.05,139.74,,0
100183,2024-02-04,North America,Mexico,Web,Beauty,Skincare Kit,2,111.48,0.0,222.96,5.0,0
100184,2024-02-04,Asia Pacific,India,Retail Partner,Sports,Yoga Mat,1,112.11,0.0,112.11,4.0,0
100185,2024-02-04,Europe,France,Web,Sports,Cycling Helmet,1,210.13,0.0,210.13,,0
100186,2024-02-04,Europe,Germany,Web,Fashion,Wool Sweater,4,43.52,0.2,139.26,5.0,0
100187,2024-02-05,North America,United States,Marketplace,Sports,Fitness Tracker,2,70.24,0.0,140.48,,0
100188,2024-02-05,Europe,United Kingdom,Web,Sports,Dumbbell Set,4,188.74,0.1,679.46,,0
100189,2024-02-05,North America,Mexico,Marketplace,Sports,Yoga Mat,1,103.52,0.0,103.52,,0
100190,2024-02-06,North America,Canada,Mobile App,Fashion,Running Shoes,4,54.43,0.15,185.06,5.0,0
100191,2024-02-06,Asia Pacific,Singapore,Mobile App,Beauty,Vitamin C Serum,2,45.83,0.0,91.66,4.0,0
100192,2024-02-06,Europe,Germany,Marketplace,Sports,Cycling Helmet,4,217.32,0.0,869.28,,0
100193,2024-02-06,Asia Pacific,India,Web,Sports,Fitness Tracker,2,75.76,0.0,151.52,4.0,0
100194,2024-02-06,North America,Mexico,Web,Fashion,Denim Jacket,1,111.11,0.15,94.44,,0
100195,2024-02-07,North America,Mexico,Mobile App,Electronics,Wireless Earbuds,1,192.0,0.15,163.2,5.0,0
100196,2024-02-07,Europe,Spain,Web,Electronics,USB-C Hub,4,335.96,0.05,1276.65,,0
100197,2024-02-07,Asia Pacific,India,Web,Home & Kitchen,Chef Knife Set,1,193.46,0.05,183.79,3.0,0
100198,2024-02-07,North America,United States,Marketplace,Beauty,Lip Palette,2,110.14,0.0,220.28,5.0,0
100199,2024-02-07,Latin America,Chile,Web,Fashion,Wool Sweater,2,44.99,0.1,80.98,5.0,0
100200,2024-02-07,Latin America,Argentina,Retail Partner,Home & Kitchen,Chef Knife Set,1,187.67,0.0,187.67,4.0,0
100201,2024-02-07,Latin America,Argentina,Mobile App,Electronics,4K Monitor,4,168.47,0.0,673.88,5.0,0
100202,2024-02-07,Europe,Spain,Web,Electronics,Mechanical Keyboard,2,50.76,0.0,101.52,,0
100203,2024-02-07,Europe,United Kingdom,Marketplace,Home & Kitchen,Smart Lamp,1,191.37,0.0,191.37,,0
100204,2024-02-08,Europe,France,Mobile App,Electronics,Wireless Earbuds,1,181.92,0.0,181.92,,0
100205,2024-02-08,Asia Pacific,Australia,Web,Home & Kitchen,Air Fryer,3,168.58,0.0,505.74,,0
100206,2024-02-08,Europe,Spain,Marketplace,Fashion,Running Shoes,1,57.91,0.0,57.91,,0
100207,2024-02-08,North America,Canada,Web,Sports,Fitness Tracker,4,68.2,0.1,245.52,5.0,0
100208,2024-02-08,North America,Canada,Web,Electronics,4K Monitor,3,164.95,0.0,494.85,4.0,0
100209,2024-02-08,Asia Pacific,Singapore,Mobile App,Home & Kitchen,Chef Knife Set,2,199.63,0.1,359.33,3.0,0
100210,2024-02-09,Latin America,Argentina,Marketplace,Sports,Dumbbell Set,3,168.83,0.2,405.19,,1
100211,2024-02-09,North America,Mexico,Web,Home & Kitchen,Chef Knife Set,4,189.28,0.15,643.55,4.0,1
100212,2024-02-09,Asia Pacific,Japan,Web,Beauty,Vitamin C Serum,2,48.43,0.0,96.86,,0
100213,2024-02-09,Asia Pacific,Japan,Mobile App,Fashion,Sunglasses,2,166.63,0.0,333.26,4.0,0
100214,2024-02-09,Latin America,Argentina,Mobile App,Electronics,Smartwatch,2,361.79,0.2,578.86,,0
100215,2024-02-10,Europe,Spain,Web,Home & Kitchen,Smart Lamp,2,189.12,0.0,378.24,5.0,0
100216,2024-02-10,North America,United States,Web,Electronics,USB-C Hub,2,382.77,0.05,727.26,5.0,0
100217,2024-02-10,North America,Mexico,Web,Sports,Trail Backpack,2,144.0,0.1,259.2,5.0,0
100218,2024-02-10,Europe,France,Mobile App,Fashion,Running Shoes,2,59.72,0.1,107.5,4.0,0
100219,2024-02-10,North America,Canada,Retail Partner,Electronics,Smartwatch,3,386.07,0.1,1042.39,4.0,0
100220,2024-02-10,North America,Canada,Mobile App,Fashion,Running Shoes,1,54.07,0.15,45.96,5.0,0
100221,2024-02-11,North America,United States,Web,Electronics,USB-C Hub,1,370.84,0.0,370.84,,0
100222,2024-02-11,Europe,Spain,Marketplace,Fashion,Leather Belt,2,133.78,0.0,267.56,,0
100223,2024-02-11,Europe,Spain,Mobile App,Beauty,Hair Dryer,1,101.55,0.1,91.39,3.0,0
100224,2024-02-11,Asia Pacific,India,Web,Electronics,USB-C Hub,4,370.19,0.0,1480.76,,0
100225,2024-02-11,Asia Pacific,India,Retail Partner,Fashion,Sunglasses,1,179.17,0.2,143.34,,1
100226,2024-02-11,North America,Mexico,Web,Home & Kitchen,Linen Bedding,3,147.1,0.0,441.3,4.0,0
100227,2024-02-11,North America,Mexico,Mobile App,Sports,Trail Backpack,1,145.8,0.15,123.93,,0
100228,2024-02-11,Europe,Spain,Retail Partner,Home & Kitchen,Linen Bedding,4,154.68,0.0,618.72,,0
100229,2024-02-11,North America,Mexico,Web,Beauty,Skincare Kit,4,113.77,0.0,455.08,3.0,0
100230,2024-02-11,Latin America,Chile,Mobile App,Sports,Trail Backpack,1,144.5,0.0,144.5,5.0,0
100231,2024-02-11,North America,Mexico,Mobile App,Beauty,Lip Palette,2,104.28,0.0,208.56,,0
100232,2024-02-12,Europe,United Kingdom,Web,Electronics,Wireless Earbuds,1,170.9,0.0,170.9,,0
100233,2024-02-12,Europe,United Kingdom,Web,Electronics,Smartwatch,2,360.83,0.05,685.58,5.0,0
100234,2024-02-12,Europe,Spain,Web,Electronics,4K Monitor,1,160.73,0.2,128.58,5.0,0
100235,2024-02-12,Latin America,Chile,Mobile App,Electronics,Mechanical Keyboard,1,47.57,0.0,47.57,4.0,0
100236,2024-02-12,North America,Canada,Mobile App,Beauty,Skincare Kit,1,119.94,0.0,119.94,,0
100237,2024-02-12,Asia Pacific,Singapore,Marketplace,Electronics,Smartwatch,2,392.52,0.2,628.03,5.0,0
100238,2024-02-12,Asia Pacific,Singapore,Retail Partner,Sports,Dumbbell Set,1,188.63,0.15,160.34,5.0,0
100239,2024-02-13,Asia Pacific,Singapore,Web,Fashion,Sunglasses,2,163.65,0.0,327.3,,0
100240,2024-02-13,Asia Pacific,Singapore,Web,Electronics,Mechanical Keyboard,4,51.27,0.0,205.08,3.0,0
100241,2024-02-13,Europe,Germany,Mobile App,Beauty,Skincare Kit,4,119.79,0.05,455.2,5.0,1
100242,2024-02-13,North America,Mexico,Web,Electronics,4K Monitor,2,162.1,0.1,291.78,,0
100243,2024-02-13,North America,United States,Retail Partner,Home & Kitchen,Chef Knife Set,4,186.93,0.15,635.56,3.0,0
100244,2024-02-13,North America,Mexico,Mobile App,Fashion,Leather Belt,4,123.22,0.15,418.95,,0
100245,2024-02-13,Asia Pacific,Singapore,Web,Electronics,4K Monitor,2,154.59,0.0,309.18,5.0,0
100246,2024-02-13,Asia Pacific,Australia,Mobile App,Fashion,Leather Belt,4,124.72,0.2,399.1,3.0,0
100247,2024-02-13,Asia Pacific,India,Mobile App,Home & Kitchen,Chef Knife Set,2,193.6,0.0,387.2,4.0,0
100248,2024-02-14,North America,United States,Mobile App,Electronics,Wireless Earbuds,1,177.89,0.2,142.31,5.0,0
100249,2024-02-14,North America,Mexico,Retail Partner,Sports,Dumbbell Set,1,175.04,0.05,166.29,,0
100250,2024-02-14,North America,Canada,Web,Electronics,USB-C Hub,3,369.53,0.2,886.87,5.0,0
100251,2024-02-14,Latin America,Brazil,Marketplace,Home & Kitchen,Linen Bedding,2,152.29,0.0,304.58,,0
100252,2024-02-14,North America,Mexico,Mobile App,Home & Kitchen,Air Fryer,2,162.16,0.15,275.67,4.0,0
100253,2024-02-14,Europe,France,Retail Partner,Beauty,Vitamin C Serum,1,45.72,0.1,41.15,4.0,0
100254,2024-02-15,North America,Canada,Web,Sports,Dumbbell Set,1,170.69,0.15,145.09,5.0,0
100255,2024-02-15,Europe,Spain,Mobile App,Sports,Trail Backpack,2,152.11,0.0,304.22,5.0,0
100256,2024-02-15,Europe,Spain,Web,Beauty,Vitamin C Serum,1,43.25,0.05,41.09,4.0,0
100257,2024-02-15,North America,Mexico,Web,Electronics,Smartwatch,2,356.15,0.1,641.07,,0
100258,2024-02-15,Europe,France,Mobile App,Electronics,4K Monitor,2,157.16,0.05,298.6,5.0,0
100259,2024-02-16,North America,United States,Web,Electronics,Mechanical Keyboard,2,49.52,0.05,94.09,,0
100260,2024-02-16,North America,Mexico,Retail Partner,Fashion,Wool Sweater,1,49.03,0.0,49.03,4.0,0
100261,2024-02-16,Europe,United Kingdom,Web,Electronics,4K Monitor,2,166.71,0.15,283.41,,0
100262,2024-02-16,North America,United States,Web,Home & Kitchen,Chef Knife Set,4,173.35,0.2,554.72,4.0,0
100263,2024-02-16,Latin America,Chile,Mobile App,Fashion,Sunglasses,3,164.21,0.2,394.1,5.0,0
100264,2024-02-16,Latin America,Chile,Web,Electronics,Smartwatch,1,340.72,0.1,306.65,5.0,0
100265,2024-02-16,Europe,France,Mobile App,Home & Kitchen,Smart Lamp,1,214.14,0.2,171.31,4.0,0
100266,2024-02-16,Europe,Spain,Marketplace,Sports,Dumbbell Set,3,177.44,0.2,425.86,4.0,0
100267,2024-02-17,North America,United States,Mobile App,Electronics,4K Monitor,1,161.81,0.2,129.45,,0
100268,2024-02-17,North America,Canada,Mobile App,Sports,Dumbbell Set,4,186.41,0.2,596.51,5.0,0
100269,2024-02-17,North America,United States,Web,Sports,Dumbbell Set,4,189.24,0.0,756.96,,0
100270,2024-02-17,North America,Mexico,Mobile App,Electronics,Wireless Earbuds,3,177.36,0.1,478.87,,0
100271,2024-02-17,Europe,France,Marketplace,Electronics,USB-C Hub,1,380.16,0.0,380.16,3.0,0
100272,2024-02-18,Asia Pacific,Singapore,Mobile App,Sports,Trail Backpack,3,148.08,0.0,444.24,,0
100273,2024-02-18,Europe,Germany,Retail Partner,Beauty,Lip Palette,3,107.39,0.15,273.84,5.0,0
100274,2024-02-18,North America,Canada,Marketplace,Home & Kitchen,Chef Knife Set,1,187.44,0.0,187.44,4.0,0
100275,2024-02-18,North America,Mexico,Web,Beauty,Lip Palette,2,108.93,0.1,196.07,3.0,1
100276,2024-02-18,North America,Mexico,Marketplace,Home & Kitchen,Air Fryer,1,175.94,0.1,158.35,,0
100277,2024-02-18,Latin America,Chile,Web,Fashion,Leather Belt,4,124.26,0.0,497.04,4.0,0
100278,2024-02-18,North America,Mexico,Web,Fashion,Running Shoes,3,58.8,0.05,167.58,5.0,0
100279,2024-02-18,Asia Pacific,India,Mobile App,Sports,Yoga Mat,2,106.86,0.1,192.35,,0
100280,2024-02-18,North America,United States,Web,Electronics,USB-C Hub,2,369.95,0.0,739.9,5.0,0
100281,2024-02-19,North America,Canada,Mobile App,Electronics,Smartwatch,2,379.08,0.15,644.44,5.0,1
100282,2024-02-19,Asia Pacific,Australia,Mobile App,Electronics,Wireless Earbuds,3,192.06,0.15,489.75,4.0,0
100283,2024-02-19,North America,Mexico,Mobile App,Electronics,4K Monitor,2,148.32,0.2,237.31,4.0,0
100284,2024-02-19,North America,United States,Mobile App,Electronics,4K Monitor,1,163.28,0.0,163.28,,0
100285,2024-02-19,Asia Pacific,India,Mobile App,Fashion,Leather Belt,3,128.44,0.0,385.32,4.0,0
100286,2024-02-20,North America,United States,Mobile App,Electronics,USB-C Hub,1,345.85,0.2,276.68,5.0,0
100287,2024-02-20,Asia Pacific,Japan,Mobile App,Home & Kitchen,Chef Knife Set,1,185.75,0.0,185.75,5.0,0
100288,2024-02-20,Europe,France,Retail Partner,Beauty,Fragrance Set,2,102.6,0.15,174.42,4.0,0
100289,2024-02-20,Europe,United Kingdom,Web,Sports,Yoga Mat,2,115.22,0.0,230.44,,0
100290,2024-02-20,North America,United States,Marketplace,Sports,Trail Backpack,1,164.58,0.0,164.58,4.0,0
100291,2024-02-20,North America,Canada,Mobile App,Home & Kitchen,Air Fryer,2,178.27,0.2,285.23,,1
100292,2024-02-20,Asia Pacific,Australia,Marketplace,Sports,Cycling Helmet,1,226.02,0.0,226.02,4.0,0
100293,2024-02-20,Europe,Spain,Mobile App,Home & Kitchen,Espresso Machine,4,83.12,0.15,282.61,3.0,0
100294,2024-02-21,North America,Mexico,Web,Beauty,Lip Palette,1,102.47,0.2,81.98,,0
100295,2024-02-21,Latin America,Argentina,Mobile App,Sports,Cycling Helmet,2,218.67,0.1,393.61,4.0,0
100296,2024-02-21,Europe,Spain,Marketplace,Home & Kitchen,Linen Bedding,1,158.33,0.0,158.33,4.0,1
100297,2024-02-21,Europe,United Kingdom,Marketplace,Electronics,Smartwatch,1,386.27,0.0,386.27,,0
100298,2024-02-21,Asia Pacific,Australia,Web,Beauty,Skincare Kit,2,118.58,0.2,189.73,3.0,0
100299,2024-02-22,Asia Pacific,Singapore,Web,Sports,Trail Backpack,2,153.3,0.1,275.94,5.0,0
100300,2024-02-22,North America,United States,Mobile App,Electronics,USB-C Hub,4,381.22,0.1,1372.39,,0
100301,2024-02-22,North America,Mexico,Mobile App,Electronics,Smartwatch,1,390.2,0.05,370.69,5.0,0
100302,2024-02-22,Europe,United Kingdom,Web,Sports,Dumbbell Set,1,165.9,0.05,157.6,5.0,0
100303,2024-02-22,Asia Pacific,Singapore,Web,Electronics,Wireless Earbuds,4,189.66,0.15,644.84,4.0,0
100304,2024-02-22,North America,Mexico,Web,Sports,Yoga Mat,1,116.27,0.0,116.27,,0
100305,2024-02-22,Latin America,Chile,Mobile App,Electronics,USB-C Hub,1,354.16,0.05,336.45,5.0,0
100306,2024-02-23,Asia Pacific,Australia,Marketplace,Fashion,Running Shoes,2,56.84,0.1,102.31,,0
100307,2024-02-23,North America,United States,Marketplace,Beauty,Fragrance Set,2,114.82,0.0,229.64,,0
100308,2024-02-23,Asia Pacific,Singapore,Mobile App,Home & Kitchen,Linen Bedding,1,157.11,0.15,133.54,5.0,0
100309,2024-02-23,North America,Canada,Web,Sports,Fitness Tracker,1,72.92,0.0,72.92,5.0,0
100310,2024-02-23,North America,United States,Mobile App,Fashion,Running Shoes,2,58.61,0.0,117.22,5.0,0
100311,2024-02-23,Europe,United Kingdom,Mobile App,Electronics,Mechanical Keyboard,1,53.8,0.0,53.8,5.0,0
100312,2024-02-23,North America,Canada,Mobile App,Home & Kitchen,Smart Lamp,1,185.09,0.2,148.07,5.0,0
100313,2024-02-23,North America,United States,Web,Electronics,Smartwatch,3,349.01,0.1,942.33,,0
100314,2024-02-24,North America,Mexico,Mobile App,Fashion,Wool Sweater,3,46.91,0.0,140.73,,0
100315,2024-02-24,North America,Canada,Marketplace,Home & Kitchen,Smart Lamp,4,185.05,0.0,740.2,4.0,0
100316,2024-02-24,Europe,France,Web,Electronics,USB-C Hub,2,342.11,0.0,684.22,4.0,0
100317,2024-02-24,North America,United States,Mobile App,Sports,Yoga Mat,1,104.05,0.2,83.24,,0
100318,2024-02-24,Latin America,Chile,Web,Fashion,Running Shoes,4,53.94,0.0,215.76,,0
100319,2024-02-24,Europe,Germany,Retail Partner,Home & Kitchen,Espresso Machine,1,86.44,0.0,86.44,4.0,0
100320,2024-02-24,Europe,Germany,Web,Fashion,Leather Belt,1,130.72,0.2,104.58,5.0,0
100321,2024-02-25,Asia Pacific,India,Mobile App,Electronics,USB-C Hub,2,378.38,0.15,643.25,,0
100322,2024-02-25,North America,Mexico,Web,Beauty,Skincare Kit,1,120.25,0.0,120.25,,0
100323,2024-02-25,North America,Mexico,Mobile App,Home & Kitchen,Linen Bedding,1,153.86,0.0,153.86,,0
100324,2024-02-25,North America,United States,Web,Electronics,Mechanical Keyboard,2,47.64,0.05,90.52,4.0,0
100325,2024-02-25,North America,United States,Web,Electronics,4K Monitor,2,145.18,0.15,246.81,3.0,1
100326,2024-02-25,North America,United States,Marketplace,Electronics,Mechanical Keyboard,2,48.31,0.2,77.3,3.0,0
100327,2024-02-26,Latin America,Argentina,Web,Beauty,Skincare Kit,2,121.34,0.0,242.68,3.0,0
100328,2024-02-26,Asia Pacific,India,Web,Home & Kitchen,Air Fryer,1,169.83,0.15,144.36,5.0,0
100329,2024-02-26,Asia Pacific,Australia,Web,Electronics,Mechanical Keyboard,4,48.1,0.05,182.78,5.0,0
100330,2024-02-26,Europe,Spain,Web,Fashion,Sunglasses,3,181.26,0.0,543.78,,0
100331,2024-02-26,North America,Mexico,Web,Electronics,USB-C Hub,2,358.73,0.0,717.46,3.0,0
100332,2024-02-26,Europe,Spain,Web,Home & Kitchen,Espresso Machine,2,92.2,0.0,184.4,5.0,0
100333,2024-02-26,Europe,United Kingdom,Web,Fashion,Wool Sweater,3,43.22,0.0,129.66,5.0,0
100334,2024-02-26,North America,United States,Mobile App,Sports,Yoga Mat,1,116.04,0.1,104.44,5.0,0
100335,2024-02-26,Asia Pacific,Australia,Mobile App,Sports,Fitness Tracker,2,70.67,0.0,141.34,5.0,0
100336,2024-02-27,North America,United States,Marketplace,Home & Kitchen,Espresso Machine,4,82.56,0.0,330.24,5.0,0
100337,2024-02-28,Asia Pacific,Japan,Retail Partner,Sports,Yoga Mat,4,118.8,0.0,475.2,5.0,0
100338,2024-02-28,Asia Pacific,Singapore,Web,Sports,Cycling Helmet,1,226.46,0.0,226.46,5.0,0
100339,2024-02-28,Latin America,Argentina,Web,Sports,Trail Backpack,1,161.2,0.15,137.02,5.0,0
100340,2024-02-28,Europe,Germany,Web,Fashion,Sunglasses,1,163.3,0.15,138.81,3.0,0
100341,2024-02-28,Asia Pacific,India,Mobile App,Electronics,Wireless Earbuds,2,183.26,0.1,329.87,5.0,0
100342,2024-02-28,Europe,United Kingdom,Web,Home & Kitchen,Espresso Machine,1,80.58,0.05,76.55,3.0,0
100343,2024-02-28,North America,Mexico,Web,Electronics,USB-C Hub,3,348.3,0.0,1044.9,5.0,0
100344,2024-02-28,Europe,Germany,Web,Home & Kitchen,Chef Knife Set,1,191.77,0.2,153.42,4.0,0
100345,2024-02-28,North America,Canada,Retail Partner,Sports,Yoga Mat,2,115.39,0.0,230.78,5.0,1
100346,2024-02-29,Europe,United Kingdom,Web,Home & Kitchen,Linen Bedding,3,146.8,0.15,374.34,3.0,0
100347,2024-02-29,North America,Canada,Web,Electronics,Mechanical Keyboard,1,49.92,0.05,47.42,,0
100348,2024-02-29,North America,Canada,Web,Sports,Dumbbell Set,4,183.33,0.15,623.32,4.0,0
100349,2024-02-29,Europe,Germany,Mobile App,Electronics,USB-C Hub,3,365.05,0.0,1095.15,,0
100350,2024-02-29,Europe,Spain,Web,Electronics,Wireless Earbuds,2,187.54,0.15,318.82,5.0,0
100351,2024-03-01,North America,Mexico,Web,Beauty,Fragrance Set,1,116.35,0.2,93.08,,0
100352,2024-03-01,North America,Mexico,Retail Partner,Beauty,Skincare Kit,1,121.94,0.1,109.75,,0
100353,2024-03-01,Asia Pacific,Japan,Mobile App,Electronics,4K Monitor,2,163.49,0.2,261.58,3.0,0
100354,2024-03-01,Latin America,Argentina,Web,Electronics,Wireless Earbuds,2,175.49,0.05,333.43,5.0,1
100355,2024-03-01,North America,United States,Web,Fashion,Wool Sweater,2,43.69,0.05,83.01,,0
100356,2024-03-01,Europe,Germany,Marketplace,Home & Kitchen,Chef Knife Set,4,199.7,0.15,678.98,,0
100357,2024-03-02,Latin America,Chile,Mobile App,Electronics,Smartwatch,3,341.29,0.0,1023.87,5.0,0
100358,2024-03-02,North America,Canada,Web,Beauty,Fragrance Set,4,112.64,0.2,360.45,3.0,0
100359,2024-03-02,Europe,Spain,Mobile App,Electronics,USB-C Hub,4,357.15,0.0,1428.6,5.0,0
100360,2024-03-02,North America,United States,Mobile App,Sports,Yoga Mat,2,111.78,0.0,223.56,,0
100361,2024-03-02,Europe,United Kingdom,Web,Fashion,Wool Sweater,1,45.18,0.2,36.14,3.0,0
100362,2024-03-03,Asia Pacific,Australia,Marketplace,Home & Kitchen,Smart Lamp,1,206.17,0.0,206.17,5.0,0
100363,2024-03-03,North America,Mexico,Web,Fashion,Running Shoes,2,58.42,0.0,116.84,4.0,0
100364,2024-03-03,Latin America,Brazil,Web,Home & Kitchen,Air Fryer,2,164.61,0.2,263.38,,0
100365,2024-03-03,North America,United States,Web,Home & Kitchen,Air Fryer,1,173.29,0.05,164.63,4.0,0
100366,2024-03-03,Asia Pacific,Australia,Retail Partner,Electronics,Smartwatch,1,393.71,0.15,334.65,4.0,1
100367,2024-03-03,Latin America,Argentina,Web,Beauty,Lip Palette,2,115.91,0.0,231.82,5.0,0
100368,2024-03-04,North America,Mexico,Mobile App,Fashion,Wool Sweater,1,44.44,0.0,44.44,4.0,0
100369,2024-03-04,North America,Mexico,Web,Beauty,Skincare Kit,1,117.03,0.15,99.48,,0
100370,2024-03-04,North America,Canada,Mobile App,Electronics,4K Monitor,3,146.62,0.0,439.86,5.0,0
100371,2024-03-04,Europe,United Kingdom,Web,Electronics,USB-C Hub,3,348.81,0.05,994.11,4.0,0
100372,2024-03-04,Asia Pacific,Australia,Web,Fashion,Sunglasses,3,174.47,0.2,418.73,5.0,0
100373,2024-03-04,Europe,Spain,Mobile App,Home & Kitchen,Linen Bedding,3,154.82,0.05,441.24,3.0,0
100374,2024-03-05,Europe,United Kingdom,Web,Fashion,Denim Jacket,4,111.23,0.15,378.18,5.0,0
100375,2024-03-05,Europe,France,Mobile App,Electronics,Smartwatch,1,356.06,0.0,356.06,3.0,1
100376,2024-03-05,Europe,Spain,Mobile App,Fashion,Leather Belt,1,126.81,0.2,101.45,3.0,0
100377,2024-03-05,North America,United States,Web,Fashion,Leather Belt,1,131.31,0.05,124.74,,0
100378,2024-03-05,Europe,France,Mobile App,Home & Kitchen,Linen Bedding,1,170.21,0.2,136.17,,0
100379,2024-03-05,Europe,Germany,Mobile App,Home & Kitchen,Espresso Machine,4,90.58,0.1,326.09,5.0,0
100380,2024-03-05,North America,Canada,Web,Electronics,Mechanical Keyboard,2,49.18,0.0,98.36,3.0,0
100381,2024-03-06,North America,Canada,Web,Home & Kitchen,Espresso Machine,2,89.31,0.0,178.62,5.0,0
100382,2024-03-06,Europe,Germany,Mobile App,Sports,Fitness Tracker,3,75.5,0.05,215.17,,0
100383,2024-03-06,North America,Canada,Web,Electronics,Mechanical Keyboard,2,50.68,0.0,101.36,4.0,0
100384,2024-03-06,North America,Canada,Mobile App,Sports,Trail Backpack,3,152.01,0.15,387.63,4.0,0
100385,2024-03-06,North America,Canada,Mobile App,Sports,Dumbbell Set,1,172.02,0.0,172.02,3.0,0
100386,2024-03-06,North America,United States,Mobile App,Beauty,Skincare Kit,1,122.29,0.0,122.29,,0
100387,2024-03-07,North America,Mexico,Marketplace,Sports,Yoga Mat,4,117.03,0.0,468.12,5.0,0
100388,2024-03-07,Europe,United Kingdom,Web,Home & Kitchen,Smart Lamp,3,194.99,0.1,526.47,5.0,1
100389,2024-03-07,Europe,Germany,Mobile App,Electronics,USB-C Hub,4,370.49,0.0,1481.96,4.0,0
100390,2024-03-07,Asia Pacific,India,Marketplace,Fashion,Running Shoes,1,57.98,0.0,57.98,5.0,0
100391,2024-03-08,Asia Pacific,India,Mobile App,Sports,Cycling Helmet,1,224.02,0.0,224.02,5.0,0
100392,2024-03-08,Asia Pacific,Singapore,Mobile App,Sports,Fitness Tracker,4,67.58,0.0,270.32,,0
100393,2024-03-08,Latin America,Argentina,Mobile App,Electronics,Mechanical Keyboard,4,49.27,0.0,197.08,,0
100394,2024-03-08,Europe,Spain,Web,Electronics,USB-C Hub,1,386.77,0.0,386.77,3.0,0
100395,2024-03-09,North America,United States,Mobile App,Electronics,Smartwatch,3,362.58,0.2,870.19,,0
100396,2024-03-09,North America,United States,Marketplace,Home & Kitchen,Espresso Machine,3,86.53,0.05,246.61,5.0,0
100397,2024-03-09,North America,Mexico,Retail Partner,Electronics,Smartwatch,2,372.49,0.15,633.23,4.0,0
100398,2024-03-09,North America,United States,Mobile App,Beauty,Vitamin C Serum,2,46.72,0.0,93.44,5.0,0
100399,2024-03-09,Europe,United Kingdom,Web,Electronics,4K Monitor,2,145.58,0.05,276.6,3.0,0
100400,2024-03-09,Europe,Germany,Web,Beauty,Fragrance Set,2,109.17,0.0,218.34,,0
100401,2024-03-09,North America,Canada,Mobile App,Electronics,Mechanical Keyboard,1,51.41,0.15,43.7,,0
100402,2024-03-09,Europe,Germany,Retail Partner,Home & Kitchen,Linen Bedding,1,163.99,0.0,163.99,5.0,0
100403,2024-03-09,Europe,France,Web,Electronics,Mechanical Keyboard,2,50.35,0.0,100.7,5.0,0
100404,2024-03-09,North America,Mexico,Retail Partner,Beauty,Vitamin C Serum,1,47.79,0.1,43.01,5.0,0
100405,2024-03-09,North America,Mexico,Mobile App,Electronics,Smartwatch,2,359.23,0.0,718.46,4.0,0
100406,2024-03-10,North America,Mexico,Mobile App,Home & Kitchen,Smart Lamp,4,209.57,0.0,838.28,4.0,0
100407,2024-03-10,Europe,Spain,Mobile App,Beauty,Fragrance Set,4,111.27,0.0,445.08,5.0,0
100408,2024-03-10,Europe,Germany,Web,Fashion,Wool Sweater,3,47.08,0.05,134.18,5.0,0
100409,2024-03-10,Latin America,Argentina,Web,Home & Kitchen,Linen Bedding,4,151.83,0.15,516.22,5.0,0
100410,2024-03-11,Europe,United Kingdom,Mobile App,Sports,Yoga Mat,1,103.64,0.0,103.64,5.0,0
100411,2024-03-11,Europe,France,Mobile App,Fashion,Denim Jacket,1,110.93,0.15,94.29,5.0,0
100412,2024-03-11,North America,Mexico,Retail Partner,Electronics,4K Monitor,1,157.28,0.05,149.42,4.0,0
100413,2024-03-11,Europe,Germany,Retail Partner,Electronics,Smartwatch,1,371.46,0.0,371.46,,0
100414,2024-03-11,North America,Canada,Mobile App,Fashion,Running Shoes,1,55.81,0.0,55.81,4.0,0
100415,2024-03-11,Latin America,Brazil,Web,Electronics,Wireless Earbuds,1,170.51,0.0,170.51,5.0,0
100416,2024-03-11,North America,Mexico,Retail Partner,Fashion,Leather Belt,1,118.71,0.2,94.97,4.0,0
100417,2024-03-12,North America,Mexico,Mobile App,Home & Kitchen,Smart Lamp,4,214.31,0.2,685.79,5.0,0
100418,2024-03-12,Latin America,Argentina,Marketplace,Home & Kitchen,Air Fryer,1,182.8,0.0,182.8,5.0,0
100419,2024-03-12,Latin America,Brazil,Mobile App,Electronics,Mechanical Keyboard,1,47.6,0.0,47.6,5.0,0
100420,2024-03-12,Europe,France,Web,Fashion,Wool Sweater,1,46.47,0.05,44.15,5.0,0
100421,2024-03-12,Latin America,Chile,Web,Electronics,Wireless Earbuds,3,171.05,0.2,410.52,5.0,0
100422,2024-03-12,Europe,Spain,Mobile App,Fashion,Denim Jacket,1,97.42,0.2,77.94,,0
100423,2024-03-12,Europe,Germany,Marketplace,Electronics,4K Monitor,4,157.88,0.0,631.52,4.0,0
100424,2024-03-12,Latin America,Chile,Mobile App,Electronics,Smartwatch,4,344.65,0.2,1102.88,3.0,0
100425,2024-03-13,Europe,France,Web,Fashion,Leather Belt,1,130.92,0.2,104.74,5.0,0
100426,2024-03-13,Europe,United Kingdom,Mobile App,Electronics,Wireless Earbuds,1,176.46,0.05,167.64,4.0,0
100427,2024-03-13,Europe,Germany,Web,Fashion,Denim Jacket,1,107.89,0.1,97.1,5.0,0
100428,2024-03-13,North America,Canada,Web,Fashion,Running Shoes,1,57.45,0.05,54.58,4.0,1
100429,2024-03-13,North America,Canada,Marketplace,Fashion,Denim Jacket,3,97.96,0.2,235.1,5.0,0
100430,2024-03-13,North America,United States,Mobile App,Beauty,Lip Palette,1,113.59,0.2,90.87,4.0,0
100431,2024-03-13,Europe,United Kingdom,Mobile App,Home & Kitchen,Chef Knife Set,2,194.13,0.15,330.02,4.0,0
100432,2024-03-13,Latin America,Argentina,Retail Partner,Sports,Cycling Helmet,1,217.86,0.0,217.86,5.0,0
100433,2024-03-13,North America,Mexico,Mobile App,Electronics,Mechanical Keyboard,1,50.28,0.0,50.28,,0
100434,2024-03-14,Asia Pacific,India,Web,Sports,Cycling Helmet,2,225.33,0.2,360.53,4.0,0
100435,2024-03-14,North America,Mexico,Web,Beauty,Skincare Kit,1,108.73,0.1,97.86,5.0,0
100436,2024-03-14,North America,Mexico,Marketplace,Electronics,USB-C Hub,4,378.1,0.2,1209.92,3.0,0
100437,2024-03-14,Asia Pacific,India,Web,Home & Kitchen,Air Fryer,4,169.21,0.15,575.31,3.0,0
100438,2024-03-14,Latin America,Argentina,Marketplace,Home & Kitchen,Smart Lamp,1,185.01,0.1,166.51,,0
100439,2024-03-14,Latin America,Chile,Marketplace,Electronics,Smartwatch,4,383.15,0.0,1532.6,,0
100440,2024-03-14,Europe,France,Mobile App,Sports,Fitness Tracker,1,73.04,0.0,73.04,5.0,0
100441,2024-03-15,North America,United States,Web,Fashion,Running Shoes,2,59.58,0.0,119.16,5.0,0
100442,2024-03-15,North America,Canada,Mobile App,Electronics,USB-C Hub,3,361.97,0.1,977.32,3.0,0
100443,2024-03-15,North America,United States,Retail Partner,Home & Kitchen,Espresso Machine,2,81.74,0.0,163.48,,0
100444,2024-03-15,Asia Pacific,Singapore,Marketplace,Electronics,4K Monitor,2,167.48,0.1,301.46,3.0,0
100445,2024-03-15,North America,Canada,Web,Electronics,USB-C Hub,1,364.3,0.1,327.87,5.0,0
100446,2024-03-15,Asia Pacific,Japan,Web,Home & Kitchen,Espresso Machine,1,87.02,0.0,87.02,5.0,0
100447,2024-03-16,North America,United States,Web,Home & Kitchen,Smart Lamp,1,215.17,0.1,193.65,,0
100448,2024-03-16,North America,United States,Marketplace,Fashion,Leather Belt,2,127.1,0.2,203.36,5.0,0
100449,2024-03-16,Latin America,Chile,Web,Sports,Cycling Helmet,4,204.16,0.2,653.31,,0
100450,2024-03-16,North America,Mexico,Marketplace,Home & Kitchen,Smart Lamp,3,200.22,0.0,600.66,,0
100451,2024-03-17,North America,Canada,Mobile App,Electronics,USB-C Hub,4,366.82,0.1,1320.55,,0
100452,2024-03-17,Asia Pacific,Australia,Web,Beauty,Vitamin C Serum,1,45.31,0.0,45.31,5.0,0
100453,2024-03-17,Europe,France,Mobile App,Electronics,Mechanical Keyboard,1,50.92,0.0,50.92,,0
100454,2024-03-17,North America,Mexico,Web,Electronics,4K Monitor,1,166.95,0.0,166.95,,0
100455,2024-03-17,North America,United States,Mobile App,Electronics,Wireless Earbuds,1,174.25,0.0,174.25,3.0,0
100456,2024-03-17,North America,Mexico,Marketplace,Electronics,Wireless Earbuds,1,185.89,0.05,176.6,4.0,0
100457,2024-03-18,North America,United States,Web,Electronics,Smartwatch,1,396.5,0.15,337.02,3.0,0
100458,2024-03-18,North America,Canada,Marketplace,Sports,Trail Backpack,2,154.41,0.0,308.82,5.0,0
100459,2024-03-18,Asia Pacific,Singapore,Web,Beauty,Fragrance Set,2,103.55,0.0,207.1,,0
100460,2024-03-18,Europe,Spain,Mobile App,Sports,Fitness Tracker,1,78.04,0.2,62.43,,0
100461,2024-03-19,North America,United States,Mobile App,Beauty,Vitamin C Serum,1,44.2,0.15,37.57,4.0,0
100462,2024-03-19,Europe,United Kingdom,Mobile App,Electronics,4K Monitor,1,160.83,0.05,152.79,,0
100463,2024-03-19,Europe,Spain,Marketplace,Electronics,4K Monitor,2,145.74,0.0,291.48,,0
100464,2024-03-19,North America,Mexico,Web,Electronics,USB-C Hub,3,374.16,0.0,1122.48,5.0,0
100465,2024-03-20,North America,Mexico,Web,Home & Kitchen,Smart Lamp,2,191.06,0.05,363.01,4.0,0
100466,2024-03-20,Europe,United Kingdom,Web,Beauty,Skincare Kit,3,121.15,0.05,345.28,4.0,0
100467,2024-03-20,Asia Pacific,Japan,Web,Fashion,Leather Belt,4,132.91,0.0,531.64,4.0,0
100468,2024-03-20,Asia Pacific,Australia,Marketplace,Fashion,Denim Jacket,2,106.11,0.0,212.22,,0
100469,2024-03-21,North America,United States,Web,Sports,Dumbbell Set,1,170.5,0.05,161.97,,0
100470,2024-03-21,North America,Canada,Retail Partner,Electronics,Mechanical Keyboard,1,51.55,0.0,51.55,5.0,0
100471,2024-03-21,Europe,Germany,Marketplace,Home & Kitchen,Espresso Machine,2,79.75,0.0,159.5,,0
100472,2024-03-22,Asia Pacific,Australia,Marketplace,Electronics,Smartwatch,4,384.73,0.15,1308.08,4.0,0
100473,2024-03-22,Europe,Spain,Web,Electronics,Mechanical Keyboard,1,48.68,0.05,46.25,4.0,0
100474,2024-03-22,Asia Pacific,India,Web,Fashion,Sunglasses,1,174.37,0.0,174.37,4.0,0
100475,2024-03-22,North America,Mexico,Mobile App,Electronics,Wireless Earbuds,1,166.42,0.0,166.42,,0
100476,2024-03-22,North America,United States,Web,Beauty,Skincare Kit,2,122.41,0.1,220.34,4.0,0
100477,2024-03-22,North America,Canada,Mobile App,Electronics,USB-C Hub,4,352.22,0.0,1408.88,5.0,0
100478,2024-03-22,North America,Canada,Web,Beauty,Skincare Kit,2,110.61,0.0,221.22,,0
100479,2024-03-22,North America,United States,Mobile App,Home & Kitchen,Espresso Machine,1,80.99,0.05,76.94,5.0,1
100480,2024-03-23,North America,United States,Web,Home & Kitchen,Air Fryer,4,161.02,0.0,644.08,4.0,0
100481,2024-03-23,North America,United States,Marketplace,Electronics,Wireless Earbuds,4,192.97,0.1,694.69,,0
100482,2024-03-23,Latin America,Brazil,Web,Electronics,USB-C Hub,2,354.02,0.0,708.04,4.0,0
100483,2024-03-23,Asia Pacific,Singapore,Retail Partner,Fashion,Denim Jacket,3,106.6,0.2,255.84,3.0,0
100484,2024-03-24,North America,Canada,Mobile App,Fashion,Wool Sweater,1,45.82,0.05,43.53,3.0,0
100485,2024-03-24,Latin America,Brazil,Web,Fashion,Running Shoes,2,54.88,0.05,104.27,3.0,0
100486,2024-03-24,North America,United States,Retail Partner,Beauty,Fragrance Set,3,99.9,0.15,254.75,3.0,0
100487,2024-03-25,Latin America,Brazil,Web,Electronics,4K Monitor,1,158.65,0.0,158.65,,0
100488,2024-03-25,Asia Pacific,Australia,Mobile App,Sports,Fitness Tracker,1,70.45,0.1,63.41,,0
100489,2024-03-26,North America,Canada,Mobile App,Fashion,Wool Sweater,1,45.67,0.0,45.67,5.0,0
100490,2024-03-26,Europe,United Kingdom,Web,Beauty,Skincare Kit,3,113.55,0.0,340.65,3.0,0
100491,2024-03-26,North America,Canada,Marketplace,Electronics,USB-C Hub,1,392.48,0.05,372.86,5.0,0
100492,2024-03-26,Latin America,Brazil,Web,Fashion,Denim Jacket,2,102.39,0.2,163.82,4.0,0
100493,2024-03-26,Europe,France,Mobile App,Sports,Dumbbell Set,4,161.63,0.0,646.52,5.0,0
100494,2024-03-26,North America,United States,Web,Electronics,Smartwatch,1,346.9,0.0,346.9,5.0,0
100495,2024-03-26,Europe,France,Web,Sports,Yoga Mat,3,104.93,0.0,314.79,5.0,0
100496,2024-03-26,Asia Pacific,India,Web,Home & Kitchen,Smart Lamp,2,183.73,0.0,367.46,4.0,1
100497,2024-03-26,Europe,United Kingdom,Web,Electronics,USB-C Hub,2,360.17,0.15,612.29,5.0,0
100498,2024-03-26,North America,Canada,Web,Home & Kitchen,Air Fryer,4,178.28,0.15,606.15,4.0,0
100499,2024-03-26,Latin America,Argentina,Web,Electronics,Smartwatch,3,395.71,0.2,949.7,5.0,0
100500,2024-03-27,Europe,United Kingdom,Mobile App,Sports,Fitness Tracker,1,69.38,0.0,69.38,,0
100501,2024-03-27,North America,Canada,Web,Sports,Dumbbell Set,1,167.3,0.0,167.3,5.0,0
100502,2024-03-27,North America,Canada,Web,Electronics,Smartwatch,1,395.42,0.0,395.42,4.0,0
100503,2024-03-27,Europe,France,Mobile App,Fashion,Sunglasses,4,183.68,0.15,624.51,5.0,0
100504,2024-03-27,North America,United States,Web,Home & Kitchen,Linen Bedding,1,150.79,0.15,128.17,,0
100505,2024-03-28,Asia Pacific,Australia,Mobile App,Fashion,Denim Jacket,1,106.36,0.0,106.36,3.0,0
100506,2024-03-28,Asia Pacific,Australia,Web,Fashion,Sunglasses,3,181.73,0.15,463.41,,0
100507,2024-03-28,North America,Mexico,Web,Fashion,Sunglasses,4,170.39,0.15,579.33,3.0,0
100508,2024-03-28,North America,United States,Web,Home & Kitchen,Espresso Machine,1,82.82,0.15,70.4,4.0,0
100509,2024-03-28,Asia Pacific,India,Marketplace,Home & Kitchen,Smart Lamp,1,213.17,0.2,170.54,4.0,0
100510,2024-03-28,North America,Mexico,Retail Partner,Sports,Trail Backpack,4,153.47,0.1,552.49,,0
100511,2024-03-29,Europe,United Kingdom,Web,Home & Kitchen,Smart Lamp,1,197.02,0.05,187.17,5.0,0
100512,2024-03-29,North America,Canada,Mobile App,Fashion,Running Shoes,1,52.74,0.15,44.83,,0
100513,2024-03-29,Latin America,Chile,Web,Fashion,Running Shoes,2,54.97,0.0,109.94,4.0,0
100514,2024-03-29,Asia Pacific,Australia,Web,Electronics,USB-C Hub,3,353.63,0.2,848.71,4.0,0
100515,2024-03-29,North America,Canada,Mobile App,Home & Kitchen,Air Fryer,1,183.65,0.1,165.28,4.0,0
100516,2024-03-29,Asia Pacific,India,Mobile App,Home & Kitchen,Smart Lamp,1,187.4,0.0,187.4,3.0,0
100517,2024-03-29,Europe,Spain,Web,Fashion,Denim Jacket,1,102.72,0.2,82.18,5.0,0
100518,2024-03-30,North America,Mexico,Web,Fashion,Leather Belt,1,121.16,0.0,121.16,4.0,0
100519,2024-03-30,North America,Canada,Mobile App,Beauty,Skincare Kit,2,104.66,0.2,167.46,3.0,0
100520,2024-03-30,North America,Mexico,Marketplace,Beauty,Hair Dryer,4,105.21,0.0,420.84,4.0,0
100521,2024-03-30,Europe,Spain,Mobile App,Home & Kitchen,Air Fryer,1,163.93,0.05,155.73,5.0,0
100522,2024-03-30,Asia Pacific,Japan,Web,Fashion,Wool Sweater,3,46.83,0.05,133.47,5.0,1
100523,2024-03-30,Europe,Spain,Web,Electronics,USB-C Hub,1,361.22,0.2,288.98,,0
100524,2024-03-31,Europe,France,Mobile App,Electronics,Smartwatch,1,385.22,0.0,385.22,,0
100525,2024-03-31,Asia Pacific,India,Mobile App,Fashion,Sunglasses,1,183.9,0.0,183.9,5.0,0
100526,2024-03-31,Europe,Germany,Mobile App,Fashion,Denim Jacket,2,112.61,0.1,202.7,,0
100527,2024-03-31,Latin America,Chile,Mobile App,Sports,Trail Backpack,1,163.29,0.1,146.96,,0
100528,2024-03-31,Europe,Germany,Web,Beauty,Fragrance Set,1,111.31,0.15,94.61,,0
100529,2024-04-01,Europe,France,Mobile App,Home & Kitchen,Chef Knife Set,1,201.28,0.2,161.02,,0
100530,2024-04-01,Europe,Germany,Marketplace,Home & Kitchen,Espresso Machine,2,82.34,0.05,156.45,3.0,0
100531,2024-04-01,Europe,France,Retail Partner,Electronics,USB-C Hub,3,352.33,0.0,1056.99,,0
100532,2024-04-01,North America,Canada,Mobile App,Sports,Fitness Tracker,1,70.36,0.2,56.29,5.0,0
100533,2024-04-01,North America,Canada,Marketplace,Electronics,Wireless Earbuds,2,167.33,0.1,301.19,,0
100534,2024-04-01,North America,Mexico,Retail Partner,Beauty,Lip Palette,1,110.12,0.15,93.6,5.0,1
100535,2024-04-01,North America,United States,Mobile App,Fashion,Wool Sweater,4,48.2,0.0,192.8,,0
100536,2024-04-01,North America,Mexico,Mobile App,Fashion,Denim Jacket,4,110.95,0.0,443.8,5.0,0
100537,2024-04-02,Asia Pacific,Singapore,Mobile App,Sports,Yoga Mat,2,103.95,0.15,176.72,,0
100538,2024-04-02,North America,Mexico,Mobile App,Sports,Dumbbell Set,2,179.19,0.0,358.38,5.0,0
100539,2024-04-02,Asia Pacific,Australia,Web,Home & Kitchen,Air Fryer,1,174.74,0.0,174.74,,0
100540,2024-04-02,North America,Mexico,Marketplace,Beauty,Fragrance Set,1,109.78,0.0,109.78,4.0,0
100541,2024-04-03,North America,Mexico,Mobile App,Home & Kitchen,Linen Bedding,1,168.86,0.0,168.86,5.0,0
100542,2024-04-03,Asia Pacific,India,Retail Partner,Beauty,Vitamin C Serum,1,44.85,0.05,42.61,3.0,0
100543,2024-04-03,North America,Canada,Web,Fashion,Denim Jacket,3,97.99,0.0,293.97,3.0,0
100544,2024-04-03,Europe,Spain,Marketplace,Home & Kitchen,Chef Knife Set,3,200.07,0.0,600.21,,0
100545,2024-04-03,Europe,Germany,Web,Fashion,Denim Jacket,2,106.26,0.2,170.02,3.0,0
100546,2024-04-04,North America,Mexico,Web,Sports,Yoga Mat,3,110.08,0.0,330.24,5.0,0
100547,2024-04-04,North America,Canada,Web,Electronics,Mechanical Keyboard,3,50.22,0.15,128.06,4.0,0
100548,2024-04-04,Asia Pacific,Australia,Mobile App,Home & Kitchen,Chef Knife Set,2,184.34,0.0,368.68,,0
100549,2024-04-04,Europe,Spain,Mobile App,Beauty,Skincare Kit,2,112.07,0.0,224.14,4.0,0
100550,2024-04-04,Asia Pacific,Australia,Mobile App,Electronics,USB-C Hub,2,339.5,0.1,611.1,3.0,0
100551,2024-04-04,Asia Pacific,India,Marketplace,Home & Kitchen,Chef Knife Set,3,174.46,0.0,523.38,5.0,0
100552,2024-04-04,Latin America,Argentina,Web,Electronics,4K Monitor,4,167.73,0.15,570.28,,0
100553,2024-04-04,North America,Canada,Retail Partner,Electronics,4K Monitor,1,153.78,0.1,138.4,5.0,0
100554,2024-04-04,Europe,United Kingdom,Web,Sports,Cycling Helmet,2,219.6,0.1,395.28,4.0,0
100555,2024-04-04,Europe,Germany,Web,Electronics,USB-C Hub,1,393.62,0.1,354.26,3.0,0
100556,2024-04-05,Asia Pacific,Singapore,Mobile App,Home & Kitchen,Smart Lamp,3,205.75,0.1,555.52,5.0,0
100557,2024-04-05,Asia Pacific,Japan,Marketplace,Beauty,Hair Dryer,1,93.57,0.05,88.89,,0
100558,2024-04-05,Europe,France,Web,Electronics,USB-C Hub,1,380.16,0.05,361.15,5.0,0
100559,2024-04-05,North America,Mexico,Web,Electronics,USB-C Hub,1,372.2,0.0,372.2,,0
100560,2024-04-05,Latin America,Brazil,Marketplace,Electronics,Wireless Earbuds,2,187.82,0.0,375.64,,0
100561,2024-04-05,Asia Pacific,Singapore,Mobile App,Home & Kitchen,Chef Knife Set,3,197.24,0.2,473.38,5.0,0
100562,2024-04-05,Europe,Spain,Web,Home & Kitchen,Air Fryer,1,180.58,0.0,180.58,5.0,0
100563,2024-04-05,Asia Pacific,India,Web,Fashion,Denim Jacket,3,111.68,0.15,284.78,4.0,0
100564,2024-04-05,Europe,Spain,Marketplace,Fashion,Leather Belt,2,127.91,0.1,230.24,4.0,0
100565,2024-04-05,Europe,France,Mobile App,Fashion,Leather Belt,3,122.74,0.0,368.22,,0
100566,2024-04-06,Latin America,Argentina,Mobile App,Electronics,Wireless Earbuds,4,170.86,0.0,683.44,5.0,0
100567,2024-04-06,Latin America,Brazil,Mobile App,Home & Kitchen,Chef Knife Set,2,193.6,0.0,387.2,5.0,0
100568,2024-04-06,Asia Pacific,Australia,Marketplace,Home & Kitchen,Air Fryer,1,182.38,0.05,173.26,5.0,0
100569,2024-04-06,North America,Canada,Mobile App,Beauty,Skincare Kit,1,107.42,0.0,107.42,,0
100570,2024-04-07,Latin America,Chile,Web,Home & Kitchen,Chef Knife Set,1,186.87,0.2,149.5,4.0,0
100571,2024-04-07,North America,Canada,Marketplace,Fashion,Running Shoes,2,53.69,0.1,96.64,,0
100572,2024-04-07,North America,United States,Mobile App,Home & Kitchen,Smart Lamp,1,202.16,0.15,171.84,5.0,0
100573,2024-04-07,North America,Canada,Marketplace,Home & Kitchen,Linen Bedding,4,152.15,0.2,486.88,3.0,1
100574,2024-04-07,Asia Pacific,Singapore,Web,Electronics,Wireless Earbuds,2,193.04,0.2,308.86,5.0,0
100575,2024-04-07,North America,Mexico,Mobile App,Home & Kitchen,Air Fryer,3,180.4,0.0,541.2,,0
100576,2024-04-07,North America,United States,Web,Fashion,Denim Jacket,2,101.82,0.2,162.91,5.0,0
100577,2024-04-07,Asia Pacific,India,Web,Electronics,Smartwatch,3,343.65,0.0,1030.95,4.0,0
100578,2024-04-08,Europe,Germany,Mobile App,Electronics,4K Monitor,2,151.37,0.1,272.47,5.0,0
100579,2024-04-08,Europe,France,Web,Electronics,4K Monitor,1,152.14,0.0,152.14,3.0,0
100580,2024-04-08,North America,Mexico,Web,Beauty,Hair Dryer,3,99.89,0.15,254.72,5.0,0
100581,2024-04-08,Europe,United Kingdom,Mobile App,Beauty,Skincare Kit,1,113.73,0.0,113.73,5.0,0
100582,2024-04-08,Europe,France,Marketplace,Fashion,Denim Jacket,2,108.25,0.0,216.5,4.0,0
100583,2024-04-08,North America,United States,Mobile App,Electronics,Smartwatch,2,341.38,0.15,580.35,,0
100584,2024-04-09,Europe,United Kingdom,Web,Electronics,USB-C Hub,1,393.96,0.15,334.87,4.0,0
100585,2024-04-09,Asia Pacific,Singapore,Mobile App,Sports,Fitness Tracker,4,76.84,0.0,307.36,3.0,0
100586,2024-04-09,Asia Pacific,India,Retail Partner,Electronics,Smartwatch,2,353.7,0.0,707.4,,0
100587,2024-04-09,North America,Canada,Mobile App,Electronics,Mechanical Keyboard,1,47.57,0.1,42.81,,0
100588,2024-04-10,Asia Pacific,Singapore,Mobile App,Fashion,Leather Belt,4,117.22,0.0,468.88,5.0,0
100589,2024-04-10,Europe,Spain,Web,Sports,Yoga Mat,3,110.67,0.15,282.21,5.0,0
100590,2024-04-10,North America,Canada,Marketplace,Home & Kitchen,Linen Bedding,2,153.07,0.1,275.53,5.0,0
100591,2024-04-10,North America,Mexico,Marketplace,Beauty,Skincare Kit,4,113.71,0.0,454.84,5.0,0
100592,2024-04-10,Europe,France,Retail Partner,Fashion,Running Shoes,2,59.33,0.0,118.66,5.0,0
100593,2024-04-10,Latin America,Brazil,Marketplace,Home & Kitchen,Air Fryer,2,167.18,0.0,334.36,5.0,0
100594,2024-04-10,Latin America,Argentina,Retail Partner,Fashion,Sunglasses,1,174.79,0.2,139.83,4.0,0
100595,2024-04-10,Europe,France,Mobile App,Electronics,4K Monitor,1,167.98,0.0,167.98,5.0,0
100596,2024-04-10,Europe,Spain,Mobile App,Fashion,Sunglasses,1,168.84,0.05,160.4,5.0,0
100597,2024-04-11,North America,United States,Retail Partner,Electronics,Mechanical Keyboard,1,52.5,0.0,52.5,,0
100598,2024-04-11,North America,Mexico,Marketplace,Fashion,Wool Sweater,1,46.0,0.15,39.1,3.0,0
100599,2024-04-11,North America,Mexico,Mobile App,Sports,Trail Backpack,4,163.23,0.0,652.92,,0
100600,2024-04-11,Asia Pacific,Australia,Mobile App,Fashion,Sunglasses,2,170.51,0.1,306.92,,0
100601,2024-04-11,Europe,United Kingdom,Mobile App,Fashion,Sunglasses,1,175.49,0.15,149.17,5.0,0
100602,2024-04-11,North America,United States,Mobile App,Beauty,Fragrance Set,4,112.07,0.15,381.04,4.0,0
100603,2024-04-11,Asia Pacific,Japan,Mobile App,Sports,Dumbbell Set,4,176.22,0.0,704.88,5.0,0
100604,2024-04-11,North America,United States,Marketplace,Sports,Dumbbell Set,4,182.06,0.1,655.42,5.0,0
100605,2024-04-11,North America,United States,Web,Electronics,4K Monitor,4,147.64,0.0,590.56,4.0,0
100606,2024-04-12,Europe,Spain,Web,Electronics,Mechanical Keyboard,1,47.38,0.1,42.64,,0
100607,2024-04-12,Europe,Spain,Retail Partner,Home & Kitchen,Air Fryer,2,168.5,0.0,337.0,,0
100608,2024-04-12,North America,Mexico,Web,Home & Kitchen,Linen Bedding,3,153.57,0.05,437.67,4.0,0
100609,2024-04-12,North America,Mexico,Mobile App,Electronics,Mechanical Keyboard,4,52.48,0.0,209.92,5.0,0
100610,2024-04-12,North America,United States,Marketplace,Fashion,Sunglasses,2,180.01,0.0,360.02,,0
100611,2024-04-12,North America,Canada,Mobile App,Electronics,USB-C Hub,4,385.98,0.1,1389.53,4.0,0
100612,2024-04-13,North America,United States,Web,Home & Kitchen,Espresso Machine,1,84.59,0.15,71.9,5.0,0
100613,2024-04-13,Europe,United Kingdom,Marketplace,Home & Kitchen,Chef Knife Set,4,183.22,0.1,659.59,4.0,0
100614,2024-04-13,North America,United States,Marketplace,Sports,Trail Backpack,1,151.09,0.0,151.09,,0
100615,2024-04-13,Asia Pacific,India,Marketplace,Electronics,Wireless Earbuds,4,194.11,0.1,698.8,5.0,0
100616,2024-04-13,North America,United States,Mobile App,Home & Kitchen,Espresso Machine,3,88.54,0.0,265.62,,0
100617,2024-04-13,North America,Mexico,Marketplace,Electronics,4K Monitor,1,147.78,0.0,147.78,,1
100618,2024-04-13,North America,Mexico,Mobile App,Sports,Dumbbell Set,3,166.52,0.0,499.56,,0
100619,2024-04-13,Asia Pacific,Australia,Marketplace,Beauty,Lip Palette,1,101.03,0.15,85.88,,0
100620,2024-04-13,Europe,Spain,Mobile App,Beauty,Lip Palette,3,111.06,0.0,333.18,5.0,0
100621,2024-04-14,Asia Pacific,Australia,Retail Partner,Electronics,4K Monitor,1,159.82,0.0,159.82,4.0,0
100622,2024-04-14,Europe,Germany,Mobile App,Home & Kitchen,Espresso Machine,1,80.33,0.1,72.3,3.0,0
100623,2024-04-14,Asia Pacific,India,Web,Electronics,Wireless Earbuds,1,168.8,0.15,143.48,,0
100624,2024-04-14,Asia Pacific,Singapore,Marketplace,Home & Kitchen,Linen Bedding,1,161.93,0.0,161.93,5.0,0
100625,2024-04-15,North America,United States,Marketplace,Electronics,USB-C Hub,2,387.62,0.05,736.48,4.0,0
100626,2024-04-15,North America,United States,Mobile App,Home & Kitchen,Linen Bedding,1,148.03,0.15,125.83,5.0,0
100627,2024-04-15,Asia Pacific,India,Mobile App,Sports,Cycling Helmet,1,228.19,0.1,205.37,5.0,0
100628,2024-04-15,Europe,Germany,Mobile App,Beauty,Skincare Kit,2,105.95,0.2,169.52,,0
100629,2024-04-15,Europe,United Kingdom,Web,Electronics,USB-C Hub,3,366.69,0.0,1100.07,4.0,0
100630,2024-04-15,North America,Canada,Marketplace,Electronics,USB-C Hub,3,364.29,0.05,1038.23,3.0,0
100631,2024-04-16,Europe,United Kingdom,Web,Electronics,Smartwatch,1,372.55,0.0,372.55,4.0,0
100632,2024-04-16,North America,United States,Web,Electronics,Smartwatch,2,360.26,0.0,720.52,5.0,0
100633,2024-04-16,Asia Pacific,Singapore,Retail Partner,Home & Kitchen,Espresso Machine,1,79.78,0.0,79.78,5.0,0
100634,2024-04-16,Europe,Germany,Marketplace,Beauty,Hair Dryer,4,92.51,0.05,351.54,5.0,0
100635,2024-04-16,Latin America,Argentina,Marketplace,Fashion,Sunglasses,4,175.03,0.15,595.1,5.0,0
100636,2024-04-16,Europe,United Kingdom,Mobile App,Sports,Cycling Helmet,1,207.43,0.1,186.69,,0
100637,2024-04-16,Asia Pacific,Japan,Web,Electronics,Wireless Earbuds,3,166.38,0.0,499.14,5.0,0
100638,2024-04-16,Asia Pacific,Japan,Retail Partner,Electronics,4K Monitor,1,152.84,0.0,152.84,5.0,0
100639,2024-04-16,North America,Canada,Mobile App,Home & Kitchen,Smart Lamp,1,186.87,0.0,186.87,5.0,0
100640,2024-04-17,North America,United States,Mobile App,Electronics,Smartwatch,2,358.68,0.15,609.76,,0
100641,2024-04-17,Europe,Spain,Mobile App,Sports,Cycling Helmet,1,201.4,0.0,201.4,,0
100642,2024-04-17,North America,Mexico,Marketplace,Sports,Yoga Mat,3,106.61,0.2,255.86,4.0,0
100643,2024-04-17,Europe,United Kingdom,Web,Sports,Cycling Helmet,2,227.32,0.15,386.44,5.0,0
100644,2024-04-17,Asia Pacific,India,Web,Electronics,Wireless Earbuds,1,167.86,0.0,167.86,5.0,0
100645,2024-04-18,North America,Canada,Mobile App,Home & Kitchen,Air Fryer,1,165.83,0.0,165.83,,0
100646,2024-04-18,Europe,Germany,Mobile App,Home & Kitchen,Chef Knife Set,3,193.39,0.2,464.14,4.0,0
100647,2024-04-18,Europe,Spain,Mobile App,Sports,Trail Backpack,1,162.83,0.0,162.83,4.0,0
100648,2024-04-18,North America,Canada,Marketplace,Home & Kitchen,Air Fryer,1,161.86,0.0,161.86,3.0,0
100649,2024-04-18,Asia Pacific,Japan,Web,Beauty,Lip Palette,4,109.81,0.2,351.39,5.0,0
100650,2024-04-18,North America,Mexico,Marketplace,Electronics,Smartwatch,1,388.7,0.0,388.7,,1
100651,2024-04-18,Europe,Spain,Web,Beauty,Vitamin C Serum,2,45.09,0.0,90.18,5.0,0
100652,2024-04-18,North America,Canada,Marketplace,Electronics,USB-C Hub,1,351.45,0.05,333.88,,0
100653,2024-04-18,Latin America,Chile,Mobile App,Fashion,Denim Jacket,1,111.0,0.0,111.0,,0
100654,2024-04-19,North America,United States,Mobile App,Electronics,Wireless Earbuds,2,191.89,0.1,345.4,,0
100655,2024-04-19,North America,United States,Web,Beauty,Fragrance Set,3,107.16,0.0,321.48,5.0,1
100656,2024-04-19,North America,United States,Marketplace,Electronics,Smartwatch,4,340.86,0.15,1158.92,5.0,0
100657,2024-04-19,North America,Mexico,Marketplace,Electronics,Mechanical Keyboard,2,52.4,0.0,104.8,,0
100658,2024-04-19,North America,Mexico,Web,Electronics,USB-C Hub,1,337.37,0.0,337.37,,0
100659,2024-04-19,Europe,France,Mobile App,Fashion,Wool Sweater,2,44.78,0.2,71.65,4.0,0
100660,2024-04-19,North America,United States,Retail Partner,Home & Kitchen,Chef Knife Set,3,198.1,0.0,594.3,4.0,0
100661,2024-04-20,Europe,Germany,Web,Home & Kitchen,Espresso Machine,1,92.22,0.05,87.61,,0
100662,2024-04-20,Asia Pacific,Singapore,Marketplace,Electronics,4K Monitor,1,166.83,0.0,166.83,5.0,0
100663,2024-04-20,North America,United States,Mobile App,Electronics,Smartwatch,1,382.36,0.0,382.36,,0
100664,2024-04-20,Europe,Spain,Web,Beauty,Lip Palette,2,101.75,0.15,172.97,5.0,0
100665,2024-04-20,North America,United States,Web,Electronics,4K Monitor,4,160.67,0.05,610.55,5.0,0
100666,2024-04-20,Europe,Spain,Mobile App,Electronics,Smartwatch,1,381.9,0.15,324.61,4.0,0
100667,2024-04-20,Asia Pacific,India,Marketplace,Home & Kitchen,Espresso Machine,2,84.96,0.15,144.43,5.0,0
100668,2024-04-20,North America,Mexico,Mobile App,Sports,Cycling Helmet,4,201.9,0.0,807.6,4.0,0
100669,2024-04-21,Asia Pacific,India,Web,Home & Kitchen,Chef Knife Set,4,183.81,0.1,661.72,,0
100670,2024-04-21,Latin America,Chile,Web,Home & Kitchen,Linen Bedding,2,151.58,0.1,272.84,4.0,0
100671,2024-04-21,North America,United States,Retail Partner,Fashion,Wool Sweater,4,48.1,0.0,192.4,,0
100672,2024-04-21,North America,Canada,Mobile App,Fashion,Denim Jacket,2,98.43,0.0,196.86,,0
100673,2024-04-21,North America,United States,Web,Sports,Cycling Helmet,4,211.23,0.0,844.92,5.0,0
100674,2024-04-22,North America,Canada,Web,Fashion,Running Shoes,1,58.38,0.2,46.7,5.0,0
100675,2024-04-22,Europe,United Kingdom,Marketplace,Home & Kitchen,Air Fryer,3,160.59,0.05,457.68,4.0,0
100676,2024-04-22,Europe,United Kingdom,Web,Beauty,Lip Palette,2,102.22,0.0,204.44,5.0,0
100677,2024-04-22,Europe,Spain,Mobile App,Home & Kitchen,Chef Knife Set,4,184.98,0.05,702.92,,0
100678,2024-04-22,Latin America,Argentina,Web,Home & Kitchen,Chef Knife Set,4,176.7,0.15,600.78,5.0,0
100679,2024-04-22,Asia Pacific,Japan,Mobile App,Fashion,Running Shoes,2,57.31,0.05,108.89,5.0,0
100680,2024-04-23,North America,United States,Mobile App,Beauty,Fragrance Set,1,103.4,0.2,82.72,5.0,0
100681,2024-04-23,Asia Pacific,Japan,Web,Sports,Cycling Helmet,3,232.93,0.2,559.03,4.0,0
100682,2024-04-23,North America,Mexico,Marketplace,Electronics,Wireless Earbuds,1,171.74,0.0,171.74,5.0,0
100683,2024-04-24,Asia Pacific,Singapore,Web,Beauty,Fragrance Set,1,106.42,0.2,85.14,5.0,0
100684,2024-04-24,Europe,Germany,Web,Electronics,Smartwatch,4,377.89,0.0,1511.56,5.0,0
100685,2024-04-24,Europe,France,Mobile App,Home & Kitchen,Smart Lamp,4,206.42,0.0,825.68,3.0,0
100686,2024-04-24,Asia Pacific,India,Web,Electronics,Mechanical Keyboard,2,50.41,0.1,90.74,5.0,0
100687,2024-04-24,Latin America,Brazil,Web,Electronics,Smartwatch,3,388.8,0.0,1166.4,5.0,0
100688,2024-04-24,Europe,Spain,Web,Home & Kitchen,Smart Lamp,1,192.75,0.2,154.2,,0
100689,2024-04-24,Europe,Spain,Mobile App,Beauty,Vitamin C Serum,4,42.21,0.05,160.4,4.0,0
100690,2024-04-25,Europe,Spain,Web,Electronics,USB-C Hub,2,369.75,0.05,702.52,3.0,0
100691,2024-04-25,North America,Mexico,Mobile App,Fashion,Denim Jacket,3,97.08,0.0,291.24,5.0,0
100692,2024-04-25,North America,Mexico,Web,Electronics,Mechanical Keyboard,1,46.73,0.0,46.73,5.0,0
100693,2024-04-25,Europe,France,Marketplace,Fashion,Leather Belt,2,116.9,0.0,233.8,,0
100694,2024-04-25,Europe,France,Mobile App,Fashion,Sunglasses,4,165.95,0.15,564.23,5.0,0
100695,2024-04-25,Asia Pacific,Singapore,Mobile App,Beauty,Vitamin C Serum,3,44.34,0.05,126.37,5.0,0
100696,2024-04-25,Europe,Spain,Retail Partner,Electronics,Mechanical Keyboard,4,54.56,0.2,174.59,5.0,0
100697,2024-04-26,Europe,United Kingdom,Marketplace,Electronics,Mechanical Keyboard,3,47.1,0.0,141.3,4.0,0
100698,2024-04-26,North America,Canada,Web,Electronics,USB-C Hub,2,346.42,0.0,692.84,,0
100699,2024-04-26,Europe,Germany,Mobile App,Home & Kitchen,Chef Knife Set,4,198.14,0.2,634.05,,0
100700,2024-04-26,Europe,France,Marketplace,Sports,Fitness Tracker,2,73.04,0.05,138.78,4.0,0
100701,2024-04-27,North America,Mexico,Web,Electronics,Wireless Earbuds,4,173.23,0.0,692.92,,0
100702,2024-04-27,Latin America,Chile,Marketplace,Fashion,Running Shoes,4,55.8,0.0,223.2,5.0,0
100703,2024-04-27,North America,Mexico,Mobile App,Home & Kitchen,Linen Bedding,4,149.94,0.0,599.76,4.0,0
100704,2024-04-27,North America,United States,Mobile App,Home & Kitchen,Espresso Machine,1,89.57,0.1,80.61,5.0,0
100705,2024-04-27,Latin America,Brazil,Marketplace,Sports,Trail Backpack,3,153.15,0.0,459.45,,0
100706,2024-04-28,North America,Canada,Web,Electronics,Smartwatch,2,386.54,0.0,773.08,,0
100707,2024-04-28,Europe,United Kingdom,Web,Sports,Cycling Helmet,1,214.22,0.0,214.22,4.0,0
100708,2024-04-28,Asia Pacific,India,Web,Home & Kitchen,Linen Bedding,3,160.95,0.0,482.85,5.0,0
100709,2024-04-28,Europe,France,Mobile App,Beauty,Skincare Kit,2,122.39,0.15,208.06,5.0,0
100710,2024-04-28,Asia Pacific,Australia,Marketplace,Home & Kitchen,Linen Bedding,3,155.52,0.0,466.56,5.0,0
100711,2024-04-28,Asia Pacific,Singapore,Web,Fashion,Sunglasses,4,179.03,0.2,572.9,4.0,0
100712,2024-04-28,North America,Canada,Mobile App,Electronics,4K Monitor,2,150.46,0.0,300.92,3.0,0
100713,2024-04-28,Latin America,Argentina,Mobile App,Sports,Fitness Tracker,1,67.79,0.15,57.62,3.0,0
100714,2024-04-28,North America,United States,Web,Electronics,Wireless Earbuds,3,180.08,0.15,459.2,,0
100715,2024-04-28,North America,Mexico,Retail Partner,Electronics,Smartwatch,3,370.02,0.15,943.55,4.0,0
100716,2024-04-29,North America,United States,Mobile App,Electronics,Wireless Earbuds,2,179.5,0.2,287.2,,0
100717,2024-04-29,North America,United States,Retail Partner,Electronics,4K Monitor,2,151.83,0.0,303.66,5.0,0
100718,2024-04-29,North America,Canada,Web,Sports,Fitness Tracker,3,71.04,0.05,202.46,3.0,0
100719,2024-04-29,Latin America,Argentina,Web,Home & Kitchen,Linen Bedding,2,147.49,0.0,294.98,,0
100720,2024-04-29,North America,Canada,Web,Beauty,Vitamin C Serum,3,48.27,0.2,115.85,4.0,0
100721,2024-04-29,North America,Mexico,Web,Sports,Yoga Mat,1,113.5,0.0,113.5,,0
100722,2024-04-29,Europe,France,Web,Fashion,Leather Belt,1,135.09,0.2,108.07,5.0,0
100723,2024-04-30,Europe,Germany,Mobile App,Electronics,Smartwatch,1,390.65,0.05,371.12,4.0,0
100724,2024-04-30,North America,United States,Web,Sports,Yoga Mat,2,103.98,0.05,197.56,5.0,0
100725,2024-04-30,Europe,United Kingdom,Mobile App,Home & Kitchen,Chef Knife Set,4,175.01,0.2,560.03,5.0,0
100726,2024-05-01,Asia Pacific,India,Web,Home & Kitchen,Smart Lamp,2,187.2,0.0,374.4,5.0,0
100727,2024-05-01,Asia Pacific,India,Web,Sports,Yoga Mat,3,114.65,0.0,343.95,,0
100728,2024-05-01,North America,Canada,Marketplace,Sports,Cycling Helmet,2,233.89,0.0,467.78,4.0,0
100729,2024-05-01,Europe,France,Mobile App,Sports,Dumbbell Set,1,182.85,0.0,182.85,3.0,0
100730,2024-05-01,North America,Canada,Web,Electronics,Smartwatch,2,368.67,0.0,737.34,4.0,0
100731,2024-05-01,Europe,United Kingdom,Mobile App,Home & Kitchen,Linen Bedding,2,156.14,0.2,249.82,,0
100732,2024-05-02,Europe,France,Mobile App,Electronics,Mechanical Keyboard,3,50.41,0.0,151.23,4.0,0
100733,2024-05-02,North America,United States,Web,Fashion,Wool Sweater,2,44.41,0.15,75.5,4.0,0
100734,2024-05-02,North America,Canada,Web,Electronics,USB-C Hub,4,374.58,0.0,1498.32,5.0,0
100735,2024-05-02,Asia Pacific,Australia,Marketplace,Sports,Yoga Mat,1,111.63,0.15,94.89,5.0,0
100736,2024-05-03,North America,United States,Web,Electronics,Mechanical Keyboard,1,49.87,0.15,42.39,5.0,1
100737,2024-05-03,Asia Pacific,Singapore,Marketplace,Sports,Yoga Mat,2,112.42,0.0,224.84,5.0,0
100738,2024-05-03,North America,Mexico,Web,Electronics,Wireless Earbuds,3,184.11,0.0,552.33,3.0,0
100739,2024-05-03,Asia Pacific,Australia,Mobile App,Electronics,Smartwatch,1,370.04,0.0,370.04,5.0,0
100740,2024-05-03,North America,United States,Retail Partner,Sports,Dumbbell Set,1,170.66,0.0,170.66,5.0,0
100741,2024-05-03,North America,United States,Mobile App,Home & Kitchen,Espresso Machine,1,81.1,0.0,81.1,,0
100742,2024-05-03,North America,United States,Mobile App,Home & Kitchen,Chef Knife Set,2,176.71,0.0,353.42,5.0,0
100743,2024-05-03,Europe,United Kingdom,Web,Fashion,Sunglasses,2,186.44,0.0,372.88,4.0,0
100744,2024-05-03,Asia Pacific,India,Web,Beauty,Fragrance Set,1,111.36,0.05,105.79,4.0,0
100745,2024-05-03,Europe,United Kingdom,Web,Fashion,Running Shoes,2,57.48,0.0,114.96,,1
100746,2024-05-04,Europe,United Kingdom,Web,Home & Kitchen,Linen Bedding,2,167.76,0.1,301.97,,0
100747,2024-05-04,North America,Mexico,Mobile App,Sports,Fitness Tracker,4,74.77,0.0,299.08,,0
100748,2024-05-04,Europe,Germany,Mobile App,Beauty,Skincare Kit,2,120.16,0.05,228.3,5.0,0
100749,2024-05-04,North America,Mexico,Mobile App,Electronics,USB-C Hub,1,337.25,0.2,269.8,,0
100750,2024-05-04,Europe,Germany,Mobile App,Beauty,Skincare Kit,1,113.04,0.0,113.04,,0
100751,2024-05-05,Asia Pacific,India,Web,Electronics,Smartwatch,2,347.88,0.0,695.76,,0
100752,2024-05-05,Europe,Spain,Web,Home & Kitchen,Air Fryer,4,174.84,0.1,629.42,5.0,0
100753,2024-05-05,Europe,United Kingdom,Web,Fashion,Sunglasses,3,166.67,0.0,500.01,5.0,0
100754,2024-05-05,Asia Pacific,Australia,Web,Electronics,USB-C Hub,2,374.09,0.2,598.54,,0
100755,2024-05-05,Europe,Germany,Web,Electronics,Mechanical Keyboard,3,53.86,0.1,145.42,3.0,0
100756,2024-05-05,Europe,Germany,Mobile App,Home & Kitchen,Smart Lamp,1,212.65,0.0,212.65,4.0,0
100757,2024-05-06,Europe,Germany,Web,Fashion,Denim Jacket,1,111.35,0.0,111.35,5.0,0
100758,2024-05-06,North America,Mexico,Mobile App,Fashion,Running Shoes,2,52.35,0.1,94.23,4.0,0
100759,2024-05-06,Europe,Germany,Mobile App,Electronics,Smartwatch,3,344.91,0.15,879.52,5.0,0
100760,2024-05-06,Europe,Spain,Retail Partner,Sports,Fitness Tracker,1,76.13,0.05,72.32,,0
100761,2024-05-06,Europe,Germany,Retail Partner,Home & Kitchen,Espresso Machine,1,85.04,0.1,76.54,,0
100762,2024-05-06,Europe,United Kingdom,Retail Partner,Sports,Cycling Helmet,1,201.34,0.15,171.14,5.0,0
100763,2024-05-06,Asia Pacific,Australia,Web,Electronics,Smartwatch,3,353.29,0.0,1059.87,,0
100764,2024-05-06,Asia Pacific,India,Marketplace,Electronics,Wireless Earbuds,2,191.02,0.0,382.04,3.0,0
100765,2024-05-07,North America,United States,Marketplace,Fashion,Wool Sweater,2,44.69,0.15,75.97,5.0,0
100766,2024-05-07,North America,United States,Web,Beauty,Vitamin C Serum,1,41.91,0.0,41.91,,0
100767,2024-05-07,North America,Mexico,Mobile App,Fashion,Denim Jacket,2,107.85,0.2,172.56,5.0,0
100768,2024-05-07,Asia Pacific,Australia,Mobile App,Fashion,Running Shoes,4,57.14,0.2,182.85,5.0,0
100769,2024-05-07,North America,Canada,Mobile App,Electronics,USB-C Hub,1,346.23,0.0,346.23,,0
100770,2024-05-07,Latin America,Argentina,Web,Electronics,USB-C Hub,2,387.75,0.05,736.72,3.0,0
100771,2024-05-07,North America,Mexico,Web,Fashion,Denim Jacket,1,105.38,0.15,89.57,5.0,0
100772,2024-05-07,North America,United States,Mobile App,Home & Kitchen,Linen Bedding,1,157.75,0.1,141.97,5.0,0
100773,2024-05-07,Asia Pacific,Australia,Web,Beauty,Fragrance Set,2,111.64,0.2,178.62,5.0,0
100774,2024-05-08,North America,Mexico,Marketplace,Electronics,Wireless Earbuds,4,176.15,0.0,704.6,4.0,0
100775,2024-05-08,Asia Pacific,Australia,Web,Electronics,Smartwatch,1,352.0,0.1,316.8,4.0,0
100776,2024-05-08,Europe,France,Mobile App,Fashion,Running Shoes,2,59.66,0.2,95.46,,0
100777,2024-05-08,Europe,France,Web,Fashion,Sunglasses,4,166.07,0.2,531.42,,0
100778,2024-05-08,Latin America,Chile,Web,Home & Kitchen,Smart Lamp,1,204.01,0.05,193.81,,0
100779,2024-05-09,Asia Pacific,India,Web,Beauty,Fragrance Set,1,103.87,0.1,93.48,5.0,0
100780,2024-05-09,North America,Canada,Mobile App,Fashion,Leather Belt,1,116.83,0.0,116.83,5.0,0
100781,2024-05-09,Europe,United Kingdom,Retail Partner,Home & Kitchen,Chef Knife Set,4,178.41,0.05,677.96,,0
100782,2024-05-09,Europe,France,Web,Electronics,Wireless Earbuds,3,166.3,0.0,498.9,4.0,0
100783,2024-05-09,North America,United States,Mobile App,Home & Kitchen,Air Fryer,2,182.72,0.0,365.44,5.0,0
100784,2024-05-09,Asia Pacific,Australia,Web,Electronics,4K Monitor,2,155.11,0.15,263.69,,0
100785,2024-05-10,Europe,Germany,Web,Fashion,Denim Jacket,2,107.48,0.2,171.97,,0
100786,2024-05-10,North America,United States,Retail Partner,Fashion,Leather Belt,4,122.2,0.15,415.48,5.0,0
100787,2024-05-10,Europe,United Kingdom,Mobile App,Home & Kitchen,Espresso Machine,2,92.28,0.15,156.88,,0
100788,2024-05-10,Latin America,Argentina,Web,Home & Kitchen,Smart Lamp,1,196.96,0.0,196.96,,0
100789,2024-05-10,North America,Canada,Mobile App,Beauty,Fragrance Set,1,110.7,0.0,110.7,4.0,0
100790,2024-05-10,Europe,Spain,Retail Partner,Sports,Dumbbell Set,3,171.6,0.15,437.58,5.0,0
100791,2024-05-10,Latin America,Chile,Marketplace,Beauty,Skincare Kit,1,121.1,0.0,121.1,4.0,0
100792,2024-05-10,North America,Mexico,Mobile App,Home & Kitchen,Air Fryer,4,175.37,0.0,701.48,,0
100793,2024-05-11,Latin America,Argentina,Marketplace,Fashion,Sunglasses,2,168.73,0.15,286.84,4.0,0
100794,2024-05-11,North America,Mexico,Web,Fashion,Leather Belt,1,127.29,0.0,127.29,5.0,0
100795,2024-05-11,North America,United States,Mobile App,Home & Kitchen,Air Fryer,2,174.9,0.15,297.33,5.0,0
100796,2024-05-11,Europe,France,Web,Home & Kitchen,Chef Knife Set,4,180.77,0.1,650.77,,0
100797,2024-05-11,North America,Canada,Mobile App,Electronics,Wireless Earbuds,2,187.93,0.0,375.86,,0
100798,2024-05-11,Latin America,Argentina,Mobile App,Sports,Dumbbell Set,1,167.55,0.1,150.8,,0
100799,2024-05-12,Europe,Germany,Retail Partner,Electronics,4K Monitor,4,161.78,0.15,550.05,,0
100800,2024-05-12,North America,United States,Mobile App,Home & Kitchen,Air Fryer,2,161.69,0.15,274.87,4.0,0
100801,2024-05-12,Europe,United Kingdom,Web,Electronics,USB-C Hub,2,342.78,0.15,582.73,,0
100802,2024-05-12,North America,Canada,Marketplace,Home & Kitchen,Smart Lamp,2,213.27,0.05,405.21,4.0,0
100803,2024-05-12,Asia Pacific,India,Web,Fashion,Wool Sweater,2,45.82,0.05,87.06,5.0,0
100804,2024-05-13,Europe,Germany,Mobile App,Electronics,USB-C Hub,2,350.63,0.0,701.26,5.0,0
100805,2024-05-13,North America,Canada,Web,Fashion,Denim Jacket,1,109.24,0.15,92.85,,0
100806,2024-05-13,Asia Pacific,India,Mobile App,Electronics,Smartwatch,2,346.8,0.0,693.6,4.0,0
100807,2024-05-13,Latin America,Chile,Retail Partner,Electronics,Mechanical Keyboard,2,53.06,0.0,106.12,5.0,0
100808,2024-05-13,Europe,Spain,Marketplace,Electronics,Mechanical Keyboard,3,48.39,0.15,123.39,3.0,0
100809,2024-05-13,Europe,Spain,Retail Partner,Home & Kitchen,Air Fryer,2,160.3,0.0,320.6,3.0,0
100810,2024-05-14,Asia Pacific,Australia,Mobile App,Home & Kitchen,Air Fryer,2,167.78,0.15,285.23,4.0,0
100811,2024-05-14,North America,United States,Web,Electronics,Mechanical Keyboard,2,51.62,0.05,98.08,4.0,0
100812,2024-05-14,North America,United States,Web,Electronics,Wireless Earbuds,2,175.51,0.1,315.92,5.0,0
100813,2024-05-14,Asia Pacific,Australia,Marketplace,Home & Kitchen,Smart Lamp,4,194.2,0.15,660.28,,0
100814,2024-05-14,North America,Canada,Marketplace,Electronics,Wireless Earbuds,1,166.05,0.1,149.45,,0
100815,2024-05-15,North America,Mexico,Mobile App,Fashion,Running Shoes,2,56.89,0.0,113.78,,0
100816,2024-05-15,Asia Pacific,Singapore,Web,Sports,Cycling Helmet,1,209.7,0.1,188.73,,0
100817,2024-05-15,North America,Mexico,Web,Home & Kitchen,Smart Lamp,4,210.46,0.05,799.75,,0
100818,2024-05-15,Asia Pacific,Australia,Mobile App,Fashion,Leather Belt,4,133.76,0.0,535.04,,0
100819,2024-05-15,North America,United States,Retail Partner,Home & Kitchen,Espresso Machine,2,80.87,0.0,161.74,,0
100820,2024-05-15,Latin America,Argentina,Web,Sports,Fitness Tracker,3,71.61,0.0,214.83,5.0,0
100821,2024-05-16,Asia Pacific,India,Web,Electronics,4K Monitor,4,159.79,0.2,511.33,3.0,0
100822,2024-05-16,Europe,United Kingdom,Marketplace,Electronics,Smartwatch,1,385.79,0.05,366.5,,0
100823,2024-05-16,Europe,Spain,Web,Fashion,Wool Sweater,1,43.85,0.0,43.85,4.0,1
100824,2024-05-16,North America,Mexico,Mobile App,Beauty,Vitamin C Serum,3,44.0,0.0,132.0,4.0,0
100825,2024-05-16,Latin America,Brazil,Web,Fashion,Running Shoes,1,58.77,0.15,49.95,,0
100826,2024-05-16,North America,Mexico,Mobile App,Home & Kitchen,Linen Bedding,1,166.53,0.0,166.53,4.0,0
100827,2024-05-16,North America,United States,Retail Partner,Beauty,Hair Dryer,3,95.43,0.05,271.98,,0
100828,2024-05-16,North America,Canada,Web,Beauty,Skincare Kit,1,117.28,0.0,117.28,,0
100829,2024-05-17,Europe,France,Mobile App,Electronics,4K Monitor,3,167.73,0.2,402.55,4.0,0
100830,2024-05-17,North America,United States,Web,Electronics,Wireless Earbuds,4,193.36,0.1,696.1,,0
100831,2024-05-17,Asia Pacific,Australia,Web,Fashion,Running Shoes,1,55.28,0.2,44.22,4.0,0
100832,2024-05-17,Europe,United Kingdom,Mobile App,Home & Kitchen,Air Fryer,2,175.18,0.0,350.36,5.0,0
100833,2024-05-17,North America,United States,Web,Home & Kitchen,Air Fryer,1,179.73,0.0,179.73,4.0,0
100834,2024-05-17,Latin America,Chile,Mobile App,Electronics,USB-C Hub,3,359.55,0.0,1078.65,3.0,0
100835,2024-05-17,North America,Mexico,Web,Home & Kitchen,Linen Bedding,1,160.36,0.0,160.36,,0
100836,2024-05-17,North America,Mexico,Mobile App,Beauty,Fragrance Set,4,100.25,0.1,360.9,,0
100837,2024-05-17,Europe,United Kingdom,Mobile App,Electronics,Wireless Earbuds,4,187.6,0.0,750.4,5.0,0
100838,2024-05-18,Europe,Germany,Marketplace,Electronics,Wireless Earbuds,1,179.66,0.0,179.66,4.0,0
100839,2024-05-18,North America,Mexico,Marketplace,Home & Kitchen,Chef Knife Set,1,188.65,0.1,169.78,5.0,0
100840,2024-05-18,Asia Pacific,Australia,Mobile App,Fashion,Leather Belt,1,125.37,0.15,106.56,4.0,0
100841,2024-05-18,Europe,United Kingdom,Web,Electronics,Mechanical Keyboard,2,52.32,0.0,104.64,5.0,0
100842,2024-05-18,North America,Canada,Web,Electronics,4K Monitor,1,147.0,0.0,147.0,4.0,1
100843,2024-05-18,North America,United States,Retail Partner,Home & Kitchen,Linen Bedding,3,148.84,0.1,401.87,5.0,0
100844,2024-05-18,North America,Mexico,Marketplace,Sports,Yoga Mat,3,111.41,0.0,334.23,5.0,0
100845,2024-05-18,Asia Pacific,India,Web,Sports,Dumbbell Set,1,165.53,0.0,165.53,,0
100846,2024-05-18,Europe,France,Retail Partner,Electronics,Smartwatch,1,363.11,0.0,363.11,5.0,0
100847,2024-05-18,Asia Pacific,India,Mobile App,Electronics,USB-C Hub,1,381.44,0.0,381.44,,0
100848,2024-05-19,Asia Pacific,India,Mobile App,Electronics,Mechanical Keyboard,2,46.85,0.15,79.64,5.0,0
100849,2024-05-19,Europe,Germany,Web,Home & Kitchen,Smart Lamp,1,203.43,0.15,172.92,,0
100850,2024-05-19,Europe,Germany,Web,Beauty,Fragrance Set,1,111.63,0.15,94.89,3.0,0
100851,2024-05-19,North America,Mexico,Mobile App,Beauty,Vitamin C Serum,1,44.14,0.2,35.31,4.0,0
100852,2024-05-20,North America,Canada,Web,Sports,Cycling Helmet,3,227.31,0.0,681.93,,0
100853,2024-05-20,Latin America,Chile,Mobile App,Electronics,4K Monitor,1,157.93,0.05,150.03,,0
100854,2024-05-20,North America,Mexico,Mobile App,Home & Kitchen,Smart Lamp,3,213.28,0.1,575.86,5.0,0
100855,2024-05-20,Europe,United Kingdom,Web,Beauty,Vitamin C Serum,1,43.88,0.1,39.49,,0
100856,2024-05-20,North America,Mexico,Web,Beauty,Lip Palette,1,113.17,0.1,101.85,,0
100857,2024-05-20,North America,United States,Web,Electronics,Mechanical Keyboard,3,50.87,0.0,152.61,5.0,0
100858,2024-05-20,Asia Pacific,Japan,Web,Beauty,Fragrance Set,2,107.32,0.0,214.64,,0
100859,2024-05-21,North America,United States,Mobile App,Electronics,Wireless Earbuds,2,184.13,0.0,368.26,,0
100860,2024-05-21,North America,Mexico,Mobile App,Electronics,Smartwatch,1,367.17,0.0,367.17,4.0,0
100861,2024-05-21,North America,Mexico,Web,Home & Kitchen,Air Fryer,1,182.05,0.0,182.05,,0
100862,2024-05-21,North America,United States,Web,Electronics,4K Monitor,4,163.19,0.15,554.85,4.0,0
100863,2024-05-21,Europe,Spain,Web,Sports,Cycling Helmet,4,199.88,0.15,679.59,5.0,0
100864,2024-05-21,Asia Pacific,India,Mobile App,Home & Kitchen,Air Fryer,2,167.41,0.1,301.34,5.0,0
100865,2024-05-21,Latin America,Chile,Mobile App,Home & Kitchen,Espresso Machine,2,81.29,0.1,146.32,5.0,0
100866,2024-05-21,Europe,United Kingdom,Mobile App,Fashion,Leather Belt,1,121.08,0.2,96.86,,0
100867,2024-05-21,Europe,Germany,Web,Home & Kitchen,Linen Bedding,2,159.55,0.0,319.1,,0
100868,2024-05-21,North America,United States,Web,Electronics,Mechanical Keyboard,1,47.65,0.2,38.12,,0
100869,2024-05-22,Asia Pacific,Australia,Web,Sports,Fitness Tracker,1,69.49,0.0,69.49,5.0,0
100870,2024-05-22,Asia Pacific,India,Marketplace,Fashion,Denim Jacket,1,104.72,0.0,104.72,5.0,0
100871,2024-05-22,Europe,Spain,Mobile App,Home & Kitchen,Espresso Machine,2,81.44,0.15,138.45,4.0,0
100872,2024-05-22,Europe,Spain,Mobile App,Fashion,Wool Sweater,4,43.53,0.2,139.3,3.0,0
100873,2024-05-22,Latin America,Brazil,Mobile App,Home & Kitchen,Air Fryer,1,156.83,0.0,156.83,5.0,0
100874,2024-05-22,Europe,Spain,Web,Fashion,Sunglasses,1,182.51,0.1,164.26,,0
100875,2024-05-23,Europe,United Kingdom,Marketplace,Home & Kitchen,Air Fryer,3,170.74,0.1,461.0,3.0,0
100876,2024-05-23,North America,Canada,Mobile App,Electronics,USB-C Hub,1,390.91,0.05,371.36,4.0,1
100877,2024-05-23,North America,United States,Marketplace,Beauty,Fragrance Set,4,104.8,0.0,419.2,,0
100878,2024-05-23,Europe,Spain,Marketplace,Electronics,Wireless Earbuds,1,194.36,0.1,174.92,,0
100879,2024-05-23,Europe,Germany,Mobile App,Home & Kitchen,Linen Bedding,1,157.01,0.0,157.01,5.0,0
100880,2024-05-23,North America,United States,Web,Fashion,Denim Jacket,1,97.58,0.0,97.58,,0
100881,2024-05-24,Europe,Spain,Marketplace,Beauty,Vitamin C Serum,3,47.03,0.0,141.09,5.0,0
100882,2024-05-24,North America,Canada,Web,Beauty,Vitamin C Serum,2,42.92,0.0,85.84,,1
100883,2024-05-24,North America,Mexico,Web,Home & Kitchen,Chef Knife Set,4,183.69,0.0,734.76,5.0,1
100884,2024-05-24,Europe,Germany,Web,Home & Kitchen,Linen Bedding,4,146.5,0.1,527.4,5.0,0
100885,2024-05-24,North America,United States,Mobile App,Sports,Yoga Mat,2,111.1,0.0,222.2,5.0,0
100886,2024-05-24,Asia Pacific,India,Web,Home & Kitchen,Air Fryer,4,183.84,0.05,698.59,,0
100887,2024-05-24,Europe,Spain,Mobile App,Electronics,Mechanical Keyboard,1,49.9,0.0,49.9,4.0,0
100888,2024-05-25,Europe,Germany,Web,Electronics,Wireless Earbuds,2,171.0,0.0,342.0,4.0,0
100889,2024-05-25,North America,United States,Web,Electronics,Smartwatch,4,353.3,0.2,1130.56,4.0,0
100890,2024-05-25,Europe,Spain,Retail Partner,Beauty,Vitamin C Serum,1,45.18,0.0,45.18,4.0,0
100891,2024-05-25,North America,Canada,Mobile App,Sports,Yoga Mat,2,110.83,0.1,199.49,5.0,0
100892,2024-05-26,North America,United States,Marketplace,Home & Kitchen,Linen Bedding,1,165.3,0.0,165.3,4.0,0
100893,2024-05-26,North America,United States,Web,Electronics,Smartwatch,1,391.66,0.05,372.08,5.0,0
100894,2024-05-26,Europe,United Kingdom,Web,Fashion,Leather Belt,1,132.9,0.05,126.25,4.0,0
100895,2024-05-26,North America,United States,Web,Fashion,Leather Belt,3,118.29,0.05,337.13,3.0,0
100896,2024-05-26,Europe,United Kingdom,Mobile App,Electronics,USB-C Hub,1,361.86,0.05,343.77,3.0,0
100897,2024-05-26,North America,Mexico,Web,Electronics,USB-C Hub,1,351.23,0.1,316.11,,0
100898,2024-05-27,Asia Pacific,Australia,Mobile App,Sports,Fitness Tracker,3,69.02,0.2,165.65,4.0,0
100899,2024-05-27,Asia Pacific,India,Mobile App,Home & Kitchen,Chef Knife Set,2,193.52,0.0,387.04,,0
100900,2024-05-27,North America,United States,Web,Fashion,Denim Jacket,1,110.06,0.15,93.55,4.0,0
100901,2024-05-27,North America,Canada,Mobile App,Electronics,Mechanical Keyboard,1,53.63,0.0,53.63,4.0,0
100902,2024-05-27,North America,United States,Web,Fashion,Leather Belt,2,122.05,0.15,207.48,5.0,0
100903,2024-05-27,Latin America,Brazil,Mobile App,Electronics,4K Monitor,2,149.38,0.0,298.76,4.0,0
100904,2024-05-27,North America,United States,Web,Sports,Yoga Mat,1,120.54,0.0,120.54,3.0,0
100905,2024-05-27,North America,United States,Retail Partner,Home & Kitchen,Smart Lamp,3,192.38,0.0,577.14,3.0,0
100906,2024-05-28,Asia Pacific,Singapore,Web,Fashion,Denim Jacket,1,111.25,0.0,111.25,4.0,0
100907,2024-05-28,North America,United States,Web,Beauty,Hair Dryer,1,96.56,0.2,77.25,,0
100908,2024-05-28,Asia Pacific,Singapore,Marketplace,Fashion,Sunglasses,1,176.16,0.0,176.16,,0
100909,2024-05-28,Europe,France,Mobile App,Electronics,USB-C Hub,2,374.32,0.2,598.91,5.0,0
100910,2024-05-28,Europe,United Kingdom,Marketplace,Home & Kitchen,Linen Bedding,4,162.24,0.0,648.96,5.0,0
100911,2024-05-28,Europe,United Kingdom,Web,Home & Kitchen,Air Fryer,1,173.68,0.2,138.94,,0
100912,2024-05-28,North America,Canada,Mobile App,Electronics,4K Monitor,1,168.61,0.2,134.89,5.0,0
100913,2024-05-28,Latin America,Brazil,Mobile App,Sports,Yoga Mat,2,104.48,0.0,208.96,5.0,0
100914,2024-05-28,Europe,Spain,Marketplace,Sports,Cycling Helmet,3,201.16,0.1,543.13,4.0,0
100915,2024-05-29,Asia Pacific,Singapore,Web,Sports,Dumbbell Set,2,164.12,0.0,328.24,,0
100916,2024-05-29,Europe,United Kingdom,Web,Electronics,Wireless Earbuds,2,187.3,0.0,374.6,5.0,0
100917,2024-05-29,Asia Pacific,Japan,Web,Electronics,Mechanical Keyboard,1,50.44,0.0,50.44,4.0,0
100918,2024-05-29,North America,Canada,Mobile App,Sports,Dumbbell Set,4,178.39,0.1,642.2,4.0,0
100919,2024-05-30,Latin America,Argentina,Marketplace,Home & Kitchen,Chef Knife Set,2,189.69,0.0,379.38,5.0,0
100920,2024-05-30,Europe,France,Mobile App,Electronics,Smartwatch,2,398.19,0.0,796.38,,0
100921,2024-05-30,North America,United States,Mobile App,Electronics,Wireless Earbuds,4,186.82,0.0,747.28,4.0,0
100922,2024-05-30,North America,Canada,Web,Electronics,Smartwatch,1,380.06,0.2,304.05,,0
100923,2024-05-30,Asia Pacific,Japan,Mobile App,Electronics,Wireless Earbuds,1,167.74,0.1,150.97,,0
100924,2024-05-30,Latin America,Argentina,Mobile App,Electronics,Wireless Earbuds,1,179.38,0.15,152.47,4.0,0
100925,2024-05-30,North America,United States,Web,Fashion,Running Shoes,1,56.77,0.1,51.09,3.0,0
100926,2024-05-31,Latin America,Chile,Web,Beauty,Hair Dryer,2,103.22,0.15,175.47,5.0,0
100927,2024-05-31,Asia Pacific,Japan,Mobile App,Home & Kitchen,Air Fryer,1,177.39,0.15,150.78,4.0,0
100928,2024-05-31,Europe,Spain,Marketplace,Fashion,Sunglasses,2,177.77,0.15,302.21,5.0,0
100929,2024-05-31,Europe,France,Web,Electronics,Mechanical Keyboard,2,51.76,0.2,82.82,,0
100930,2024-05-31,Europe,Germany,Mobile App,Sports,Dumbbell Set,2,166.74,0.05,316.81,,0
100931,2024-05-31,North America,Canada,Web,Fashion,Running Shoes,4,56.96,0.0,227.84,5.0,0
100932,2024-05-31,North America,United States,Web,Fashion,Running Shoes,2,58.86,0.1,105.95,5.0,0
100933,2024-05-31,Asia Pacific,Australia,Mobile App,Sports,Cycling Helmet,2,199.9,0.1,359.82,,0
100934,2024-05-31,North America,Canada,Web,Fashion,Sunglasses,1,185.15,0.1,166.64,4.0,0
100935,2024-05-31,North America,Mexico,Mobile App,Electronics,Wireless Earbuds,3,183.46,0.0,550.38,3.0,1
100936,2024-05-31,Latin America,Brazil,Mobile App,Electronics,4K Monitor,1,159.57,0.0,159.57,4.0,0
100937,2024-05-31,Asia Pacific,Singapore,Retail Partner,Sports,Trail Backpack,1,155.73,0.0,155.73,5.0,0
100938,2024-05-31,North America,United States,Web,Beauty,Vitamin C Serum,2,46.27,0.1,83.29,,0
100939,2024-05-31,Asia Pacific,Japan,Marketplace,Electronics,USB-C Hub,1,384.87,0.15,327.14,3.0,0
100940,2024-06-01,Asia Pacific,India,Web,Electronics,4K Monitor,2,159.3,0.05,302.67,5.0,0
100941,2024-06-01,Europe,United Kingdom,Web,Sports,Dumbbell Set,2,175.14,0.0,350.28,,0
100942,2024-06-01,Asia Pacific,Japan,Marketplace,Sports,Fitness Tracker,1,72.73,0.05,69.09,5.0,0
100943,2024-06-01,Asia Pacific,Australia,Web,Electronics,4K Monitor,1,159.63,0.15,135.69,5.0,0
100944,2024-06-01,North America,Canada,Marketplace,Sports,Dumbbell Set,4,169.1,0.0,676.4,4.0,0
100945,2024-06-01,Europe,United Kingdom,Marketplace,Home & Kitchen,Linen Bedding,2,154.5,0.05,293.55,5.0,0
100946,2024-06-01,Europe,Spain,Marketplace,Sports,Cycling Helmet,1,230.31,0.0,230.31,4.0,0
100947,2024-06-01,Europe,France,Web,Fashion,Running Shoes,2,54.04,0.05,102.68,5.0,0
100948,2024-06-01,Europe,Germany,Marketplace,Home & Kitchen,Smart Lamp,1,195.13,0.0,195.13,,0
100949,2024-06-01,North America,United States,Marketplace,Fashion,Wool Sweater,1,46.01,0.2,36.81,4.0,0
100950,2024-06-01,North America,Canada,Mobile App,Fashion,Leather Belt,1,127.17,0.0,127.17,5.0,0
100951,2024-06-02,Europe,Germany,Web,Fashion,Sunglasses,2,182.37,0.15,310.03,5.0,0
100952,2024-06-02,North America,United States,Marketplace,Home & Kitchen,Smart Lamp,1,206.02,0.0,206.02,,0
100953,2024-06-02,Asia Pacific,Singapore,Retail Partner,Home & Kitchen,Linen Bedding,4,168.51,0.05,640.34,5.0,0
100954,2024-06-02,Latin America,Chile,Marketplace,Home & Kitchen,Air Fryer,2,161.01,0.0,322.02,5.0,0
100955,2024-06-02,North America,United States,Web,Home & Kitchen,Smart Lamp,3,205.71,0.15,524.56,,0
100956,2024-06-02,North America,Canada,Marketplace,Electronics,USB-C Hub,4,383.61,0.15,1304.27,5.0,0
100957,2024-06-02,North America,Mexico,Retail Partner,Beauty,Hair Dryer,2,105.24,0.0,210.48,5.0,0
100958,2024-06-02,North America,Mexico,Web,Electronics,Smartwatch,1,372.35,0.15,316.5,4.0,0
100959,2024-06-02,Europe,France,Web,Home & Kitchen,Air Fryer,4,176.12,0.0,704.48,4.0,0
100960,2024-06-02,Asia Pacific,Japan,Retail Partner,Sports,Fitness Tracker,2,74.19,0.1,133.54,5.0,0
100961,2024-06-02,Asia Pacific,Japan,Web,Home & Kitchen,Linen Bedding,3,154.88,0.1,418.18,5.0,0
100962,2024-06-02,Asia Pacific,Australia,Web,Home & Kitchen,Air Fryer,3,170.95,0.0,512.85,5.0,0
100963,2024-06-03,Latin America,Argentina,Marketplace,Home & Kitchen,Linen Bedding,3,162.97,0.0,488.91,3.0,0
100964,2024-06-03,Asia Pacific,Japan,Retail Partner,Beauty,Fragrance Set,1,114.62,0.0,114.62,5.0,0
100965,2024-06-04,Asia Pacific,Singapore,Web,Home & Kitchen,Air Fryer,1,182.65,0.0,182.65,4.0,0
100966,2024-06-04,North America,Canada,Mobile App,Electronics,Smartwatch,3,348.46,0.05,993.11,4.0,0
100967,2024-06-04,Asia Pacific,Australia,Mobile App,Beauty,Hair Dryer,1,101.59,0.1,91.43,5.0,0
100968,2024-06-04,Europe,Germany,Web,Electronics,4K Monitor,2,153.2,0.1,275.76,4.0,0
100969,2024-06-04,North America,United States,Web,Fashion,Leather Belt,1,116.9,0.05,111.06,4.0,0
100970,2024-06-04,North America,United States,Retail Partner,Fashion,Leather Belt,3,117.37,0.0,352.11,4.0,0
100971,2024-06-04,Asia Pacific,Singapore,Marketplace,Electronics,4K Monitor,1,169.17,0.0,169.17,,0
100972,2024-06-04,Europe,Spain,Web,Fashion,Sunglasses,2,173.32,0.0,346.64,,0
100973,2024-06-05,Europe,France,Web,Electronics,USB-C Hub,1,351.77,0.0,351.77,4.0,0
100974,2024-06-05,Latin America,Argentina,Retail Partner,Home & Kitchen,Linen Bedding,1,160.4,0.0,160.4,5.0,0
100975,2024-06-05,Latin America,Argentina,Marketplace,Beauty,Skincare Kit,1,115.38,0.0,115.38,3.0,0
100976,2024-06-05,Asia Pacific,India,Mobile App,Beauty,Vitamin C Serum,1,45.48,0.0,45.48,5.0,0
100977,2024-06-05,Europe,Spain,Mobile App,Home & Kitchen,Air Fryer,3,158.12,0.15,403.21,4.0,0
100978,2024-06-06,Asia Pacific,Australia,Web,Home & Kitchen,Linen Bedding,2,161.39,0.2,258.22,3.0,0
100979,2024-06-06,North America,Mexico,Mobile App,Fashion,Wool Sweater,3,48.02,0.1,129.65,,0
100980,2024-06-06,North America,Mexico,Marketplace,Fashion,Wool Sweater,1,45.27,0.05,43.01,5.0,0
100981,2024-06-06,Europe,Spain,Web,Electronics,Smartwatch,3,358.72,0.2,860.93,5.0,0
100982,2024-06-06,North America,Mexico,Retail Partner,Sports,Cycling Helmet,1,226.52,0.0,226.52,5.0,0
100983,2024-06-06,Asia Pacific,India,Retail Partner,Sports,Cycling Helmet,1,224.78,0.15,191.06,,0
100984,2024-06-06,North America,Mexico,Web,Beauty,Skincare Kit,1,113.97,0.1,102.57,4.0,0
100985,2024-06-06,North America,United States,Retail Partner,Beauty,Lip Palette,1,108.38,0.15,92.12,5.0,1
100986,2024-06-07,North America,Mexico,Marketplace,Home & Kitchen,Smart Lamp,4,208.21,0.1,749.56,,0
100987,2024-06-07,Europe,Germany,Web,Home & Kitchen,Air Fryer,2,182.49,0.2,291.98,,0
100988,2024-06-07,Europe,France,Web,Electronics,Wireless Earbuds,2,175.46,0.0,350.92,4.0,0
100989,2024-06-07,Latin America,Chile,Web,Electronics,USB-C Hub,3,336.69,0.2,808.06,5.0,0
100990,2024-06-07,North America,Mexico,Mobile App,Fashion,Leather Belt,1,129.15,0.0,129.15,5.0,0
100991,2024-06-07,Asia Pacific,Australia,Retail Partner,Fashion,Running Shoes,2,59.19,0.2,94.7,5.0,0
100992,2024-06-07,Europe,Spain,Mobile App,Electronics,Mechanical Keyboard,2,51.89,0.0,103.78,4.0,0
100993,2024-06-07,North America,Canada,Marketplace,Electronics,4K Monitor,1,146.8,0.0,146.8,4.0,0
100994,2024-06-08,North America,United States,Mobile App,Home & Kitchen,Chef Knife Set,1,198.82,0.15,169.0,3.0,0
100995,2024-06-08,Europe,Germany,Retail Partner,Fashion,Leather Belt,3,135.64,0.0,406.92,5.0,1
100996,2024-06-08,Europe,Spain,Mobile App,Electronics,Smartwatch,4,387.19,0.05,1471.32,3.0,0
100997,2024-06-08,Asia Pacific,Australia,Mobile App,Fashion,Denim Jacket,1,108.5,0.0,108.5,3.0,0
100998,2024-06-08,North America,United States,Web,Sports,Dumbbell Set,2,166.8,0.2,266.88,,0
100999,2024-06-08,North America,Mexico,Web,Home & Kitchen,Espresso Machine,1,90.07,0.0,90.07,5.0,0
101000,2024-06-09,Asia Pacific,Japan,Marketplace,Home & Kitchen,Smart Lamp,4,183.83,0.2,588.26,,0
101001,2024-06-09,Asia Pacific,India,Retail Partner,Fashion,Sunglasses,2,187.14,0.0,374.28,,0
101002,2024-06-09,Europe,United Kingdom,Marketplace,Electronics,USB-C Hub,2,392.33,0.0,784.66,4.0,0
101003,2024-06-09,North America,Mexico,Web,Sports,Fitness Tracker,4,74.25,0.1,267.3,3.0,0
101004,2024-06-09,Europe,Spain,Mobile App,Fashion,Denim Jacket,3,105.16,0.0,315.48,,1
101005,2024-06-09,North America,Canada,Mobile App,Fashion,Wool Sweater,3,44.88,0.0,134.64,5.0,0
101006,2024-06-09,Europe,France,Mobile App,Beauty,Fragrance Set,1,103.47,0.15,87.95,,0
101007,2024-06-09,Latin America,Brazil,Mobile App,Sports,Yoga Mat,4,116.25,0.15,395.25,4.0,0
101008,2024-06-09,Asia Pacific,India,Mobile App,Home & Kitchen,Espresso Machine,4,80.01,0.0,320.04,4.0,0
101009,2024-06-10,Europe,France,Web,Electronics,Mechanical Keyboard,1,54.22,0.0,54.22,5.0,0
101010,2024-06-10,North America,Canada,Marketplace,Electronics,USB-C Hub,3,376.67,0.1,1017.01,4.0,0
101011,2024-06-10,North America,Mexico,Mobile App,Electronics,Wireless Earbuds,2,186.12,0.0,372.24,,0
101012,2024-06-10,Asia Pacific,Australia,Mobile App,Fashion,Running Shoes,2,54.07,0.0,108.14,5.0,0
101013,2024-06-10,North America,Canada,Web,Electronics,4K Monitor,2,163.08,0.0,326.16,4.0,0
101014,2024-06-11,North America,United States,Web,Fashion,Running Shoes,3,56.91,0.2,136.58,,0
101015,2024-06-11,North America,Canada,Web,Sports,Trail Backpack,1,151.37,0.05,143.8,3.0,0
101016,2024-06-11,Asia Pacific,India,Marketplace,Beauty,Lip Palette,2,109.12,0.1,196.42,,0
101017,2024-06-11,North America,United States,Marketplace,Fashion,Leather Belt,3,133.3,0.0,399.9,4.0,0
101018,2024-06-11,Latin America,Brazil,Marketplace,Electronics,USB-C Hub,1,373.27,0.05,354.61,,0
101019,2024-06-11,Europe,Spain,Web,Home & Kitchen,Chef Knife Set,2,199.1,0.1,358.38,5.0,0
101020,2024-06-11,Europe,Spain,Mobile App,Sports,Yoga Mat,4,114.59,0.05,435.44,4.0,0
101021,2024-06-11,North America,Canada,Retail Partner,Fashion,Denim Jacket,1,102.18,0.05,97.07,5.0,0
101022,2024-06-11,North America,United States,Mobile App,Sports,Dumbbell Set,1,165.64,0.0,165.64,,0
101023,2024-06-11,Latin America,Argentina,Marketplace,Fashion,Running Shoes,3,59.82,0.15,152.54,5.0,0
101024,2024-06-11,Europe,France,Web,Electronics,Mechanical Keyboard,1,51.22,0.0,51.22,,0
101025,2024-06-12,Europe,France,Marketplace,Home & Kitchen,Espresso Machine,2,89.85,0.15,152.74,,0
101026,2024-06-12,Latin America,Brazil,Mobile App,Home & Kitchen,Espresso Machine,3,91.45,0.0,274.35,5.0,0
101027,2024-06-12,North America,Mexico,Web,Electronics,USB-C Hub,4,393.02,0.0,1572.08,3.0,0
101028,2024-06-13,North America,Mexico,Mobile App,Electronics,Smartwatch,3,345.54,0.0,1036.62,4.0,0
101029,2024-06-13,Europe,France,Retail Partner,Home & Kitchen,Air Fryer,1,164.53,0.05,156.3,5.0,0
101030,2024-06-13,North America,Mexico,Mobile App,Electronics,Mechanical Keyboard,1,52.04,0.1,46.84,5.0,0
101031,2024-06-13,Asia Pacific,Singapore,Mobile App,Fashion,Denim Jacket,3,111.85,0.0,335.55,5.0,1
101032,2024-06-13,North America,Canada,Web,Home & Kitchen,Smart Lamp,3,194.4,0.0,583.2,3.0,0
101033,2024-06-13,Latin America,Argentina,Retail Partner,Electronics,Wireless Earbuds,1,181.05,0.15,153.89,,0
101034,2024-06-14,North America,Mexico,Marketplace,Fashion,Denim Jacket,3,104.76,0.0,314.28,5.0,0
101035,2024-06-14,North America,Canada,Mobile App,Beauty,Vitamin C Serum,4,45.4,0.2,145.28,5.0,0
101036,2024-06-14,Asia Pacific,Singapore,Mobile App,Electronics,Smartwatch,1,356.29,0.2,285.03,5.0,0
101037,2024-06-14,North America,Mexico,Web,Fashion,Denim Jacket,4,98.26,0.2,314.43,,0
101038,2024-06-14,Europe,United Kingdom,Web,Home & Kitchen,Air Fryer,1,178.28,0.1,160.45,4.0,0
101039,2024-06-14,Europe,Germany,Retail Partner,Electronics,Wireless Earbuds,1,171.6,0.05,163.02,,0
101040,2024-06-15,Asia Pacific,India,Retail Partner,Beauty,Lip Palette,1,112.04,0.15,95.23,4.0,0
101041,2024-06-15,Asia Pacific,India,Web,Electronics,Smartwatch,4,373.88,0.05,1420.74,5.0,0
101042,2024-06-15,Asia Pacific,Australia,Mobile App,Beauty,Hair Dryer,4,92.79,0.05,352.6,3.0,0
101043,2024-06-15,North America,Mexico,Mobile App,Electronics,Mechanical Keyboard,1,48.34,0.05,45.92,4.0,0
101044,2024-06-15,Europe,Spain,Mobile App,Fashion,Running Shoes,3,52.72,0.0,158.16,5.0,0
101045,2024-06-15,Asia Pacific,Singapore,Mobile App,Sports,Yoga Mat,2,107.06,0.0,214.12,3.0,0
101046,2024-06-15,North America,Canada,Mobile App,Sports,Yoga Mat,4,116.37,0.0,465.48,4.0,0
101047,2024-06-15,Asia Pacific,Japan,Marketplace,Home & Kitchen,Air Fryer,2,166.23,0.0,332.46,5.0,0
101048,2024-06-15,Latin America,Argentina,Web,Beauty,Skincare Kit,4,112.97,0.2,361.5,,0
101049,2024-06-15,North America,Mexico,Web,Sports,Dumbbell Set,4,183.84,0.2,588.29,5.0,0
101050,2024-06-16,North America,Mexico,Mobile App,Fashion,Running Shoes,3,53.08,0.15,135.35,,0
101051,2024-06-16,Europe,United Kingdom,Web,Electronics,Wireless Earbuds,1,186.42,0.15,158.46,5.0,0
101052,2024-06-16,Europe,United Kingdom,Marketplace,Sports,Fitness Tracker,2,73.3,0.1,131.94,,0
101053,2024-06-16,Europe,Spain,Marketplace,Sports,Yoga Mat,1,111.95,0.15,95.16,5.0,0
101054,2024-06-16,North America,United States,Web,Fashion,Sunglasses,3,174.55,0.2,418.92,5.0,0
101055,2024-06-17,Europe,France,Mobile App,Electronics,Mechanical Keyboard,1,52.67,0.0,52.67,,0
101056,2024-06-17,North America,Mexico,Marketplace,Electronics,Mechanical Keyboard,1,46.82,0.05,44.48,4.0,0
101057,2024-06-17,North America,Canada,Marketplace,Electronics,4K Monitor,4,158.94,0.0,635.76,4.0,0
101058,2024-06-17,Europe,Spain,Web,Home & Kitchen,Espresso Machine,2,84.53,0.2,135.25,5.0,0
101059,2024-06-17,North America,Canada,Web,Home & Kitchen,Air Fryer,1,171.1,0.05,162.54,4.0,1
101060,2024-06-17,North America,United States,Mobile App,Electronics,Mechanical Keyboard,1,50.3,0.0,50.3,5.0,0
101061,2024-06-18,Europe,United Kingdom,Mobile App,Sports,Trail Backpack,1,158.48,0.15,134.71,,0
101062,2024-06-18,North America,Mexico,Web,Home & Kitchen,Air Fryer,1,160.87,0.1,144.78,4.0,0
101063,2024-06-18,Europe,Spain,Mobile App,Fashion,Leather Belt,1,134.38,0.0,134.38,5.0,0
101064,2024-06-18,Asia Pacific,Australia,Marketplace,Beauty,Fragrance Set,1,99.85,0.0,99.85,3.0,0
101065,2024-06-18,Latin America,Chile,Web,Beauty,Fragrance Set,2,107.59,0.0,215.18,5.0,0
101066,2024-06-18,North America,United States,Web,Electronics,4K Monitor,2,147.07,0.1,264.73,,0
101067,2024-06-19,Europe,Germany,Mobile App,Home & Kitchen,Smart Lamp,1,204.01,0.0,204.01,,0
101068,2024-06-19,North America,Mexico,Web,Fashion,Leather Belt,1,124.91,0.1,112.42,5.0,0
101069,2024-06-19,North America,Mexico,Mobile App,Home & Kitchen,Smart Lamp,1,195.71,0.0,195.71,5.0,0
101070,2024-06-19,North America,Canada,Marketplace,Home & Kitchen,Smart Lamp,3,193.01,0.0,579.03,,0
101071,2024-06-19,North America,United States,Mobile App,Electronics,Wireless Earbuds,2,188.47,0.0,376.94,,0
101072,2024-06-19,Europe,Germany,Marketplace,Home & Kitchen,Smart Lamp,3,183.9,0.0,551.7,4.0,0
101073,2024-06-19,North America,Mexico,Marketplace,Home & Kitchen,Smart Lamp,3,195.25,0.0,585.75,,0
101074,2024-06-19,Europe,United Kingdom,Marketplace,Electronics,USB-C Hub,1,392.85,0.15,333.92,5.0,0
101075,2024-06-20,Europe,Spain,Mobile App,Beauty,Skincare Kit,3,117.46,0.15,299.52,3.0,0
101076,2024-06-20,Asia Pacific,Australia,Mobile App,Sports,Cycling Helmet,1,200.42,0.2,160.34,5.0,0
101077,2024-06-20,Asia Pacific,Australia,Web,Home & Kitchen,Smart Lamp,4,198.61,0.0,794.44,3.0,0
101078,2024-06-20,North America,Canada,Web,Sports,Yoga Mat,3,105.05,0.15,267.88,,0
101079,2024-06-20,North America,Canada,Mobile App,Beauty,Fragrance Set,1,102.64,0.2,82.11,5.0,0
101080,2024-06-20,Europe,Spain,Marketplace,Beauty,Vitamin C Serum,4,47.05,0.15,159.97,,0
101081,2024-06-20,Asia Pacific,Japan,Mobile App,Sports,Dumbbell Set,2,186.62,0.2,298.59,,0
101082,2024-06-20,Asia Pacific,Singapore,Web,Fashion,Sunglasses,2,177.48,0.1,319.46,4.0,1
101083,2024-06-20,Asia Pacific,India,Marketplace,Sports,Trail Backpack,3,152.99,0.0,458.97,,0
101084,2024-06-21,North America,Mexico,Retail Partner,Fashion,Denim Jacket,1,98.46,0.1,88.61,4.0,0
101085,2024-06-21,Asia Pacific,India,Marketplace,Fashion,Sunglasses,3,185.06,0.0,555.18,,0
101086,2024-06-21,North America,Canada,Marketplace,Sports,Fitness Tracker,2,73.16,0.0,146.32,5.0,0
101087,2024-06-21,North America,United States,Mobile App,Home & Kitchen,Linen Bedding,3,168.08,0.1,453.82,3.0,0
101088,2024-06-21,North America,Canada,Marketplace,Fashion,Leather Belt,2,118.57,0.2,189.71,4.0,0
101089,2024-06-21,Europe,Spain,Mobile App,Electronics,Smartwatch,2,350.25,0.0,700.5,,0
101090,2024-06-21,Europe,Spain,Web,Fashion,Denim Jacket,2,108.88,0.15,185.1,4.0,0
101091,2024-06-21,Europe,Germany,Mobile App,Electronics,Smartwatch,2,364.67,0.2,583.47,4.0,0
101092,2024-06-21,North America,Mexico,Web,Home & Kitchen,Smart Lamp,4,212.61,0.05,807.92,5.0,0
101093,2024-06-21,North America,United States,Mobile App,Electronics,4K Monitor,3,158.56,0.1,428.11,4.0,0
101094,2024-06-21,North America,Canada,Mobile App,Electronics,Wireless Earbuds,2,188.66,0.15,320.72,4.0,0
101095,2024-06-21,Europe,France,Web,Electronics,4K Monitor,2,163.24,0.1,293.83,5.0,0
101096,2024-06-22,North America,Mexico,Web,Electronics,Wireless Earbuds,2,193.72,0.2,309.95,3.0,0
101097,2024-06-22,North America,Mexico,Web,Fashion,Sunglasses,1,183.37,0.0,183.37,,0
101098,2024-06-22,Europe,Germany,Mobile App,Beauty,Skincare Kit,1,111.18,0.0,111.18,,0
101099,2024-06-22,North America,Canada,Marketplace,Home & Kitchen,Espresso Machine,3,87.91,0.2,210.98,,0
101100,2024-06-22,Europe,United Kingdom,Mobile App,Fashion,Denim Jacket,3,100.66,0.1,271.78,5.0,0
101101,2024-06-22,North America,Mexico,Web,Electronics,USB-C Hub,1,348.73,0.0,348.73,5.0,0
101102,2024-06-23,North America,Canada,Web,Beauty,Hair Dryer,1,104.62,0.05,99.39,5.0,0
101103,2024-06-23,Europe,United Kingdom,Web,Beauty,Hair Dryer,1,100.4,0.2,80.32,4.0,0
101104,2024-06-23,North America,Canada,Marketplace,Fashion,Wool Sweater,2,46.83,0.2,74.93,,0
101105,2024-06-23,Europe,Spain,Web,Electronics,4K Monitor,2,160.52,0.05,304.99,5.0,0
101106,2024-06-23,Asia Pacific,Singapore,Mobile App,Electronics,Smartwatch,1,378.09,0.0,378.09,,0
101107,2024-06-23,North America,Canada,Marketplace,Fashion,Running Shoes,2,57.58,0.1,103.64,,0
101108,2024-06-24,North America,Mexico,Web,Sports,Yoga Mat,1,117.5,0.1,105.75,5.0,0
101109,2024-06-24,North America,Canada,Web,Electronics,Wireless Earbuds,2,170.6,0.0,341.2,,0
101110,2024-06-24,North America,Canada,Web,Sports,Yoga Mat,1,111.74,0.05,106.15,,1
101111,2024-06-24,Asia Pacific,India,Mobile App,Electronics,Wireless Earbuds,1,175.16,0.0,175.16,5.0,0
101112,2024-06-25,Asia Pacific,Singapore,Retail Partner,Beauty,Skincare Kit,3,122.27,0.0,366.81,4.0,0
101113,2024-06-25,Asia Pacific,Japan,Web,Sports,Dumbbell Set,1,165.7,0.2,132.56,5.0,0
101114,2024-06-25,North America,United States,Retail Partner,Sports,Trail Backpack,2,145.96,0.0,291.92,,0
101115,2024-06-25,Europe,United Kingdom,Marketplace,Beauty,Skincare Kit,2,108.56,0.0,217.12,3.0,0
101116,2024-06-25,Asia Pacific,Japan,Mobile App,Sports,Dumbbell Set,1,171.56,0.15,145.83,,0
101117,2024-06-25,Europe,Germany,Retail Partner,Electronics,4K Monitor,1,162.48,0.0,162.48,3.0,0
101118,2024-06-25,Asia Pacific,Australia,Web,Electronics,Smartwatch,2,355.1,0.1,639.18,3.0,1
101119,2024-06-26,Asia Pacific,Australia,Retail Partner,Fashion,Running Shoes,2,52.89,0.0,105.78,4.0,0
101120,2024-06-26,Europe,Spain,Web,Home & Kitchen,Chef Knife Set,1,185.05,0.05,175.8,,0
101121,2024-06-26,Europe,France,Web,Sports,Yoga Mat,4,104.74,0.0,418.96,5.0,0
101122,2024-06-26,Asia Pacific,India,Marketplace,Home & Kitchen,Air Fryer,2,174.97,0.0,349.94,5.0,0
101123,2024-06-26,Latin America,Chile,Mobile App,Electronics,Wireless Earbuds,2,167.53,0.0,335.06,5.0,1
101124,2024-06-26,North America,United States,Marketplace,Home & Kitchen,Smart Lamp,1,211.16,0.0,211.16,,0
101125,2024-06-26,Europe,United Kingdom,Web,Electronics,USB-C Hub,1,348.37,0.1,313.53,4.0,0
101126,2024-06-27,North America,Mexico,Web,Electronics,Smartwatch,3,388.0,0.2,931.2,,0
101127,2024-06-27,Asia Pacific,Australia,Web,Electronics,4K Monitor,2,158.27,0.0,316.54,4.0,0
101128,2024-06-27,Asia Pacific,Japan,Mobile App,Fashion,Denim Jacket,1,110.3,0.0,110.3,3.0,0
101129,2024-06-27,Europe,France,Mobile App,Electronics,USB-C Hub,1,347.49,0.0,347.49,3.0,0
101130,2024-06-27,Asia Pacific,Singapore,Marketplace,Electronics,USB-C Hub,2,381.92,0.2,611.07,,0
101131,2024-06-28,Latin America,Chile,Retail Partner,Home & Kitchen,Smart Lamp,2,199.59,0.15,339.3,4.0,0
101132,2024-06-28,Europe,Germany,Web,Sports,Fitness Tracker,1,72.83,0.2,58.26,5.0,0
101133,2024-06-28,Latin America,Chile,Web,Electronics,Mechanical Keyboard,3,48.43,0.05,138.03,4.0,0
101134,2024-06-28,Asia Pacific,Singapore,Marketplace,Fashion,Wool Sweater,1,42.31,0.0,42.31,,0
101135,2024-06-28,Europe,United Kingdom,Mobile App,Electronics,Mechanical Keyboard,2,49.99,0.2,79.98,3.0,0
101136,2024-06-28,North America,United States,Web,Electronics,Smartwatch,1,357.2,0.0,357.2,,0
101137,2024-06-28,North America,United States,Web,Electronics,4K Monitor,4,159.55,0.0,638.2,5.0,0
101138,2024-06-28,North America,Mexico,Web,Electronics,USB-C Hub,2,377.74,0.0,755.48,4.0,0
101139,2024-06-28,Asia Pacific,Japan,Web,Sports,Fitness Tracker,4,68.88,0.05,261.74,5.0,0
101140,2024-06-29,North America,Mexico,Mobile App,Fashion,Sunglasses,2,171.51,0.0,343.02,4.0,0
101141,2024-06-29,Europe,United Kingdom,Mobile App,Electronics,Smartwatch,1,376.2,0.0,376.2,5.0,0
101142,2024-06-29,Latin America,Brazil,Retail Partner,Home & Kitchen,Chef Knife Set,1,200.91,0.0,200.91,4.0,0
101143,2024-06-30,Latin America,Argentina,Web,Electronics,Wireless Earbuds,1,182.97,0.05,173.82,5.0,0
101144,2024-06-30,Asia Pacific,Australia,Mobile App,Electronics,4K Monitor,2,153.19,0.1,275.74,4.0,0
101145,2024-06-30,Asia Pacific,Japan,Retail Partner,Fashion,Leather Belt,1,128.41,0.0,128.41,,0
101146,2024-06-30,Europe,France,Mobile App,Fashion,Denim Jacket,3,112.36,0.05,320.23,5.0,1
101147,2024-06-30,Asia Pacific,Singapore,Web,Electronics,USB-C Hub,2,351.9,0.05,668.61,4.0,0
101148,2024-06-30,North America,Canada,Marketplace,Home & Kitchen,Espresso Machine,2,79.77,0.0,159.54,3.0,0
101149,2024-06-30,Europe,United Kingdom,Mobile App,Electronics,4K Monitor,2,164.3,0.0,328.6,5.0,1
101150,2024-06-30,Europe,France,Web,Electronics,Mechanical Keyboard,2,49.56,0.0,99.12,4.0,1
101151,2024-07-01,Europe,Germany,Mobile App,Fashion,Sunglasses,4,167.71,0.0,670.84,,0
101152,2024-07-01,Asia Pacific,India,Web,Home & Kitchen,Linen Bedding,3,161.05,0.2,386.52,,0
101153,2024-07-01,Asia Pacific,Japan,Mobile App,Sports,Dumbbell Set,1,169.8,0.0,169.8,5.0,0
101154,2024-07-01,Europe,Germany,Marketplace,Home & Kitchen,Linen Bedding,1,161.7,0.0,161.7,5.0,0
101155,2024-07-01,North America,Canada,Web,Electronics,Wireless Earbuds,2,177.14,0.0,354.28,,0
101156,2024-07-01,Europe,France,Mobile App,Electronics,Mechanical Keyboard,2,53.1,0.0,106.2,5.0,0
101157,2024-07-02,North America,United States,Marketplace,Electronics,USB-C Hub,3,371.31,0.2,891.14,5.0,0
101158,2024-07-02,Asia Pacific,Australia,Retail Partner,Sports,Dumbbell Set,1,166.43,0.1,149.79,,0
101159,2024-07-02,Europe,United Kingdom,Web,Beauty,Lip Palette,1,111.99,0.0,111.99,4.0,0
101160,2024-07-02,Europe,France,Web,Beauty,Vitamin C Serum,1,46.07,0.0,46.07,,0
101161,2024-07-02,Latin America,Chile,Mobile App,Home & Kitchen,Smart Lamp,1,191.62,0.2,153.3,3.0,0
101162,2024-07-02,Europe,Spain,Marketplace,Beauty,Lip Palette,1,101.17,0.0,101.17,5.0,0
101163,2024-07-02,Europe,United Kingdom,Web,Fashion,Running Shoes,4,51.97,0.1,187.09,4.0,0
101164,2024-07-02,North America,Mexico,Marketplace,Home & Kitchen,Linen Bedding,1,160.89,0.0,160.89,5.0,0
101165,2024-07-02,Asia Pacific,Japan,Web,Electronics,Mechanical Keyboard,4,53.7,0.0,214.8,4.0,0
101166,2024-07-03,North America,Canada,Marketplace,Sports,Dumbbell Set,2,176.46,0.1,317.63,5.0,0
101167,2024-07-03,Europe,Spain,Mobile App,Electronics,Smartwatch,2,368.58,0.1,663.44,,0
101168,2024-07-03,Europe,Germany,Marketplace,Fashion,Wool Sweater,1,46.97,0.0,46.97,3.0,0
101169,2024-07-03,North America,United States,Web,Home & Kitchen,Linen Bedding,1,152.59,0.1,137.33,,0
101170,2024-07-03,North America,Canada,Marketplace,Home & Kitchen,Chef Knife Set,1,183.92,0.0,183.92,3.0,0
101171,2024-07-03,North America,Canada,Web,Electronics,Mechanical Keyboard,2,52.21,0.0,104.42,5.0,0
101172,2024-07-03,Europe,United Kingdom,Mobile App,Home & Kitchen,Chef Knife Set,2,189.92,0.0,379.84,,0
101173,2024-07-03,Asia Pacific,Japan,Retail Partner,Home & Kitchen,Linen Bedding,1,165.46,0.2,132.37,,0
101174,2024-07-03,North America,United States,Mobile App,Fashion,Leather Belt,1,131.29,0.2,105.03,4.0,0
101175,2024-07-04,Asia Pacific,India,Web,Beauty,Fragrance Set,1,113.66,0.05,107.98,3.0,0
101176,2024-07-04,Asia Pacific,Singapore,Web,Home & Kitchen,Smart Lamp,2,186.45,0.05,354.25,,0
101177,2024-07-04,Europe,Germany,Mobile App,Beauty,Fragrance Set,2,108.62,0.0,217.24,5.0,0
101178,2024-07-04,North America,Mexico,Web,Electronics,USB-C Hub,4,382.51,0.2,1224.03,5.0,0
101179,2024-07-04,Europe,Spain,Mobile App,Sports,Trail Backpack,3,160.55,0.1,433.49,,0
101180,2024-07-04,Latin America,Brazil,Web,Home & Kitchen,Linen Bedding,2,150.43,0.2,240.69,,0
101181,2024-07-05,Asia Pacific,Singapore,Mobile App,Home & Kitchen,Chef Knife Set,1,199.34,0.0,199.34,3.0,0
101182,2024-07-05,Europe,United Kingdom,Web,Home & Kitchen,Air Fryer,1,183.21,0.0,183.21,4.0,0
101183,2024-07-05,Europe,Spain,Mobile App,Electronics,4K Monitor,4,146.8,0.2,469.76,5.0,0
101184,2024-07-05,Europe,Spain,Mobile App,Beauty,Lip Palette,1,101.44,0.0,101.44,5.0,0
101185,2024-07-06,North America,Mexico,Web,Electronics,Mechanical Keyboard,3,47.54,0.1,128.36,3.0,0
101186,2024-07-06,North America,United States,Web,Electronics,Mechanical Keyboard,2,48.2,0.0,96.4,3.0,0
101187,2024-07-06,North America,United States,Mobile App,Beauty,Fragrance Set,1,109.51,0.0,109.51,5.0,0
101188,2024-07-06,North America,United States,Web,Fashion,Wool Sweater,3,48.85,0.0,146.55,4.0,1
101189,2024-07-06,Europe,United Kingdom,Marketplace,Beauty,Skincare Kit,1,115.75,0.2,92.6,4.0,0
101190,2024-07-06,North America,Mexico,Web,Fashion,Running Shoes,4,55.49,0.0,221.96,4.0,0
101191,2024-07-07,Europe,United Kingdom,Mobile App,Beauty,Hair Dryer,1,96.28,0.0,96.28,,0
101192,2024-07-07,Asia Pacific,Japan,Web,Electronics,USB-C Hub,1,350.22,0.05,332.71,5.0,0
101193,2024-07-07,Europe,United Kingdom,Marketplace,Sports,Dumbbell Set,1,181.51,0.0,181.51,3.0,0
101194,2024-07-07,Europe,Germany,Web,Sports,Trail Backpack,3,163.18,0.0,489.54,5.0,0
101195,2024-07-07,Europe,United Kingdom,Marketplace,Fashion,Running Shoes,2,55.12,0.0,110.24,,0
101196,2024-07-07,Asia Pacific,Japan,Web,Electronics,4K Monitor,1,149.51,0.1,134.56,4.0,0
101197,2024-07-07,Latin America,Argentina,Mobile App,Electronics,USB-C Hub,1,347.99,0.0,347.99,5.0,0
101198,2024-07-07,Europe,France,Web,Home & Kitchen,Chef Knife Set,2,194.78,0.2,311.65,,0
101199,2024-07-08,North America,Mexico,Web,Sports,Dumbbell Set,2,183.45,0.15,311.86,5.0,0
101200,2024-07-08,North America,Canada,Mobile App,Electronics,Wireless Earbuds,4,172.03,0.1,619.31,5.0,0
101201,2024-07-08,Latin America,Argentina,Retail Partner,Sports,Yoga Mat,4,114.57,0.0,458.28,5.0,0
101202,2024-07-08,North America,Mexico,Marketplace,Sports,Dumbbell Set,1,164.42,0.0,164.42,,0
101203,2024-07-09,Europe,United Kingdom,Web,Home & Kitchen,Espresso Machine,3,91.88,0.0,275.64,5.0,0
101204,2024-07-09,Asia Pacific,Japan,Retail Partner,Home & Kitchen,Linen Bedding,3,168.39,0.0,505.17,4.0,0
101205,2024-07-09,Asia Pacific,Singapore,Mobile App,Sports,Dumbbell Set,4,182.09,0.0,728.36,,0
101206,2024-07-09,North America,Canada,Web,Home & Kitchen,Linen Bedding,1,169.6,0.15,144.16,,0
101207,2024-07-09,Europe,Germany,Web,Home & Kitchen,Air Fryer,4,165.46,0.05,628.75,4.0,0
101208,2024-07-09,Asia Pacific,India,Mobile App,Electronics,Wireless Earbuds,4,186.19,0.0,744.76,5.0,1
101209,2024-07-09,Latin America,Brazil,Web,Fashion,Denim Jacket,1,101.1,0.0,101.1,5.0,0
101210,2024-07-10,Latin America,Chile,Web,Electronics,Smartwatch,2,363.28,0.1,653.9,4.0,0
101211,2024-07-10,Asia Pacific,India,Marketplace,Electronics,Mechanical Keyboard,3,52.38,0.2,125.71,5.0,0
101212,2024-07-10,North America,United States,Marketplace,Electronics,Mechanical Keyboard,4,50.07,0.15,170.24,,0
101213,2024-07-10,Europe,Spain,Web,Electronics,USB-C Hub,3,346.79,0.2,832.3,5.0,0
101214,2024-07-10,North America,Mexico,Mobile App,Electronics,Mechanical Keyboard,2,49.47,0.0,98.94,5.0,0
101215,2024-07-10,North America,Mexico,Mobile App,Sports,Dumbbell Set,1,176.79,0.15,150.27,,0
101216,2024-07-10,North America,Mexico,Web,Electronics,USB-C Hub,1,350.28,0.05,332.77,3.0,0
101217,2024-07-11,Latin America,Brazil,Web,Beauty,Skincare Kit,3,120.64,0.2,289.54,,0
101218,2024-07-11,Europe,United Kingdom,Web,Electronics,Mechanical Keyboard,3,47.32,0.15,120.67,5.0,0
101219,2024-07-11,Latin America,Chile,Mobile App,Home & Kitchen,Linen Bedding,3,147.31,0.0,441.93,,0
101220,2024-07-11,Europe,Spain,Web,Sports,Trail Backpack,1,161.66,0.2,129.33,3.0,0
101221,2024-07-11,North America,United States,Marketplace,Sports,Cycling Helmet,4,209.1,0.2,669.12,5.0,0
101222,2024-07-11,North America,Canada,Web,Electronics,4K Monitor,1,148.94,0.05,141.49,5.0,0
101223,2024-07-12,Europe,Spain,Mobile App,Fashion,Leather Belt,1,123.28,0.0,123.28,5.0,1
101224,2024-07-12,Europe,Spain,Mobile App,Fashion,Running Shoes,2,56.96,0.1,102.53,,0
101225,2024-07-12,Europe,Spain,Marketplace,Home & Kitchen,Linen Bedding,2,166.44,0.0,332.88,,0
101226,2024-07-13,North America,Canada,Web,Electronics,USB-C Hub,1,385.65,0.0,385.65,5.0,0
101227,2024-07-13,Asia Pacific,Singapore,Web,Electronics,USB-C Hub,2,367.89,0.2,588.62,,0
101228,2024-07-13,Asia Pacific,India,Mobile App,Fashion,Sunglasses,4,171.91,0.0,687.64,4.0,0
101229,2024-07-13,North America,Canada,Web,Electronics,Wireless Earbuds,3,183.86,0.0,551.58,5.0,0
101230,2024-07-13,Europe,Spain,Marketplace,Electronics,4K Monitor,4,151.3,0.0,605.2,5.0,0
101231,2024-07-13,North America,Canada,Retail Partner,Electronics,USB-C Hub,1,374.24,0.0,374.24,3.0,0
101232,2024-07-13,Europe,Spain,Mobile App,Sports,Cycling Helmet,3,210.26,0.15,536.16,4.0,0
101233,2024-07-13,North America,Canada,Mobile App,Home & Kitchen,Chef Knife Set,1,182.53,0.2,146.02,5.0,0
101234,2024-07-13,North America,United States,Mobile App,Sports,Dumbbell Set,1,172.73,0.1,155.46,5.0,0
101235,2024-07-14,Latin America,Brazil,Marketplace,Home & Kitchen,Smart Lamp,4,198.43,0.15,674.66,5.0,0
101236,2024-07-14,Europe,Spain,Web,Electronics,4K Monitor,1,161.93,0.0,161.93,4.0,0
101237,2024-07-14,Europe,United Kingdom,Web,Fashion,Wool Sweater,2,42.94,0.05,81.59,,0
101238,2024-07-14,Asia Pacific,Singapore,Web,Fashion,Wool Sweater,3,48.7,0.2,116.88,4.0,0
101239,2024-07-14,North America,Canada,Mobile App,Electronics,Smartwatch,1,379.29,0.0,379.29,,0
101240,2024-07-15,North America,Mexico,Web,Beauty,Fragrance Set,4,106.08,0.05,403.1,5.0,0
101241,2024-07-15,Europe,Spain,Web,Beauty,Skincare Kit,4,110.72,0.05,420.74,4.0,0
101242,2024-07-15,Europe,United Kingdom,Web,Home & Kitchen,Linen Bedding,2,156.2,0.0,312.4,4.0,0
101243,2024-07-15,Asia Pacific,Australia,Web,Fashion,Wool Sweater,1,46.62,0.0,46.62,4.0,0
101244,2024-07-15,Europe,Spain,Web,Home & Kitchen,Smart Lamp,2,186.22,0.0,372.44,3.0,0
101245,2024-07-16,Europe,Spain,Web,Beauty,Skincare Kit,4,120.97,0.0,483.88,3.0,0
101246,2024-07-16,North America,Canada,Mobile App,Fashion,Running Shoes,4,59.04,0.15,200.74,3.0,0
101247,2024-07-16,Europe,United Kingdom,Mobile App,Home & Kitchen,Air Fryer,1,177.54,0.0,177.54,5.0,0
101248,2024-07-16,Europe,Germany,Retail Partner,Fashion,Leather Belt,2,130.56,0.0,261.12,5.0,0
101249,2024-07-16,North America,Canada,Web,Fashion,Wool Sweater,1,42.84,0.0,42.84,3.0,0
101250,2024-07-16,Asia Pacific,Singapore,Marketplace,Beauty,Skincare Kit,1,107.58,0.05,102.2,5.0,0
101251,2024-07-16,Asia Pacific,Australia,Mobile App,Sports,Dumbbell Set,1,167.68,0.0,167.68,,0
101252,2024-07-17,Asia Pacific,Australia,Web,Electronics,Mechanical Keyboard,1,52.95,0.2,42.36,4.0,0
101253,2024-07-17,North America,Mexico,Web,Sports,Dumbbell Set,2,170.81,0.2,273.3,,0
101254,2024-07-17,North America,Mexico,Web,Beauty,Vitamin C Serum,4,48.5,0.0,194.0,5.0,0
101255,2024-07-17,Asia Pacific,Singapore,Web,Home & Kitchen,Air Fryer,2,178.08,0.0,356.16,5.0,0
101256,2024-07-17,Latin America,Brazil,Retail Partner,Fashion,Sunglasses,1,188.19,0.1,169.37,4.0,0
101257,2024-07-17,Europe,Germany,Mobile App,Electronics,Smartwatch,1,371.84,0.0,371.84,4.0,0
101258,2024-07-17,North America,Mexico,Mobile App,Electronics,Smartwatch,1,349.58,0.15,297.14,5.0,0
101259,2024-07-17,North America,Canada,Marketplace,Fashion,Running Shoes,1,52.1,0.2,41.68,,0
101260,2024-07-17,Europe,United Kingdom,Web,Fashion,Running Shoes,2,55.85,0.05,106.11,5.0,1
101261,2024-07-17,North America,Canada,Web,Home & Kitchen,Air Fryer,3,162.12,0.0,486.36,5.0,0
101262,2024-07-17,North America,Mexico,Web,Sports,Yoga Mat,1,108.26,0.1,97.43,,0
101263,2024-07-17,Asia Pacific,Japan,Web,Home & Kitchen,Smart Lamp,4,194.4,0.0,777.6,4.0,0
101264,2024-07-17,Asia Pacific,India,Marketplace,Home & Kitchen,Chef Knife Set,2,190.98,0.2,305.57,,0
101265,2024-07-18,Asia Pacific,Japan,Web,Fashion,Wool Sweater,1,42.02,0.0,42.02,4.0,0
101266,2024-07-18,Latin America,Argentina,Mobile App,Electronics,USB-C Hub,1,365.85,0.1,329.27,5.0,0
101267,2024-07-18,North America,United States,Web,Sports,Cycling Helmet,1,201.33,0.05,191.26,4.0,1
101268,2024-07-18,North America,United States,Marketplace,Beauty,Lip Palette,3,118.09,0.0,354.27,5.0,0
101269,2024-07-19,Europe,Germany,Web,Fashion,Running Shoes,1,53.07,0.0,53.07,,0
101270,2024-07-19,North America,United States,Mobile App,Fashion,Wool Sweater,2,43.64,0.0,87.28,,0
101271,2024-07-19,North America,United States,Web,Electronics,Smartwatch,1,389.91,0.0,389.91,5.0,0
101272,2024-07-19,Europe,United Kingdom,Mobile App,Fashion,Running Shoes,3,58.89,0.0,176.67,5.0,0
101273,2024-07-19,Europe,France,Web,Electronics,4K Monitor,1,150.87,0.0,150.87,,0
101274,2024-07-19,Europe,United Kingdom,Marketplace,Electronics,Mechanical Keyboard,1,51.26,0.2,41.01,,0
101275,2024-07-19,Europe,Germany,Web,Home & Kitchen,Smart Lamp,1,199.29,0.1,179.36,5.0,0
101276,2024-07-19,Asia Pacific,Japan,Web,Sports,Dumbbell Set,3,169.6,0.1,457.92,4.0,0
101277,2024-07-20,North America,Canada,Web,Electronics,USB-C Hub,3,361.33,0.2,867.19,3.0,0
101278,2024-07-20,Europe,France,Marketplace,Beauty,Skincare Kit,2,116.3,0.0,232.6,,0
101279,2024-07-20,Asia Pacific,Singapore,Web,Home & Kitchen,Smart Lamp,1,212.83,0.0,212.83,,0
101280,2024-07-21,Europe,Spain,Web,Home & Kitchen,Smart Lamp,3,203.34,0.15,518.52,5.0,0
101281,2024-07-21,North America,Mexico,Mobile App,Electronics,Mechanical Keyboard,3,51.46,0.2,123.5,,0
101282,2024-07-22,North America,Mexico,Mobile App,Beauty,Vitamin C Serum,4,44.11,0.0,176.44,5.0,0
101283,2024-07-22,Europe,Germany,Mobile App,Home & Kitchen,Chef Knife Set,1,191.62,0.2,153.3,4.0,0
101284,2024-07-22,Europe,France,Web,Electronics,USB-C Hub,1,351.9,0.0,351.9,5.0,0
101285,2024-07-22,Latin America,Chile,Marketplace,Beauty,Hair Dryer,1,96.71,0.05,91.87,,0
101286,2024-07-22,North America,Canada,Retail Partner,Fashion,Sunglasses,4,174.89,0.2,559.65,5.0,0
101287,2024-07-22,Europe,France,Mobile App,Beauty,Skincare Kit,3,120.64,0.0,361.92,,0
101288,2024-07-23,Europe,France,Mobile App,Fashion,Leather Belt,1,120.75,0.0,120.75,4.0,0
101289,2024-07-23,Asia Pacific,Australia,Web,Fashion,Leather Belt,4,126.11,0.0,504.44,,0
101290,2024-07-23,Europe,Spain,Retail Partner,Sports,Trail Backpack,1,146.4,0.1,131.76,3.0,0
101291,2024-07-23,Europe,Germany,Mobile App,Electronics,Smartwatch,4,392.3,0.05,1490.74,,0
101292,2024-07-23,Europe,United Kingdom,Web,Sports,Trail Backpack,2,147.22,0.05,279.72,,0
101293,2024-07-24,Europe,France,Mobile App,Electronics,4K Monitor,3,158.32,0.1,427.46,5.0,0
101294,2024-07-24,Europe,France,Mobile App,Home & Kitchen,Chef Knife Set,2,187.05,0.2,299.28,,0
101295,2024-07-24,Europe,United Kingdom,Retail Partner,Fashion,Running Shoes,1,51.51,0.1,46.36,5.0,0
101296,2024-07-24,North America,Canada,Mobile App,Sports,Trail Backpack,4,165.04,0.2,528.13,5.0,0
101297,2024-07-24,Europe,France,Marketplace,Sports,Fitness Tracker,2,66.89,0.05,127.09,3.0,0
101298,2024-07-24,Asia Pacific,India,Mobile App,Fashion,Leather Belt,2,133.47,0.05,253.59,5.0,0
101299,2024-07-25,North America,Canada,Web,Home & Kitchen,Air Fryer,2,167.71,0.2,268.34,,0
101300,2024-07-25,Asia Pacific,Australia,Mobile App,Electronics,USB-C Hub,2,359.57,0.0,719.14,3.0,0
101301,2024-07-25,Asia Pacific,Singapore,Marketplace,Electronics,Mechanical Keyboard,1,46.92,0.15,39.88,,0
101302,2024-07-25,Europe,Germany,Mobile App,Sports,Fitness Tracker,1,71.39,0.0,71.39,5.0,0
101303,2024-07-25,North America,Mexico,Web,Sports,Trail Backpack,2,160.39,0.0,320.78,3.0,0
101304,2024-07-25,Europe,France,Mobile App,Electronics,Mechanical Keyboard,4,49.04,0.0,196.16,5.0,0
101305,2024-07-25,North America,Mexico,Marketplace,Electronics,Wireless Earbuds,1,175.48,0.05,166.71,3.0,0
101306,2024-07-26,North America,Canada,Marketplace,Sports,Fitness Tracker,1,68.38,0.05,64.96,,0
101307,2024-07-26,Asia Pacific,Singapore,Web,Home & Kitchen,Smart Lamp,1,197.89,0.05,188.0,3.0,0
101308,2024-07-27,North America,Canada,Web,Home & Kitchen,Linen Bedding,1,152.36,0.0,152.36,3.0,0
101309,2024-07-27,Latin America,Chile,Web,Beauty,Fragrance Set,2,116.9,0.0,233.8,,0
101310,2024-07-27,Europe,Germany,Marketplace,Electronics,Smartwatch,2,370.73,0.1,667.31,5.0,0
101311,2024-07-27,North America,Canada,Marketplace,Sports,Fitness Tracker,4,73.69,0.1,265.28,5.0,0
101312,2024-07-27,Asia Pacific,India,Marketplace,Electronics,Wireless Earbuds,3,191.19,0.2,458.86,5.0,0
101313,2024-07-27,North America,Canada,Web,Home & Kitchen,Espresso Machine,4,89.23,0.15,303.38,5.0,0
101314,2024-07-27,North America,Canada,Marketplace,Beauty,Hair Dryer,1,96.11,0.05,91.3,4.0,0
101315,2024-07-28,North America,Canada,Retail Partner,Sports,Fitness Tracker,3,68.57,0.0,205.71,5.0,0
101316,2024-07-28,Europe,United Kingdom,Mobile App,Electronics,Mechanical Keyboard,1,51.45,0.0,51.45,4.0,0
101317,2024-07-28,Europe,Spain,Retail Partner,Home & Kitchen,Linen Bedding,1,162.44,0.2,129.95,3.0,0
101318,2024-07-29,North America,Canada,Mobile App,Fashion,Denim Jacket,1,99.01,0.2,79.21,,0
101319,2024-07-29,North America,Canada,Retail Partner,Home & Kitchen,Espresso Machine,4,82.79,0.0,331.16,3.0,1
101320,2024-07-30,Europe,France,Web,Beauty,Lip Palette,1,109.39,0.0,109.39,,0
101321,2024-07-30,Latin America,Brazil,Marketplace,Electronics,Mechanical Keyboard,1,46.83,0.0,46.83,5.0,0
101322,2024-07-30,Asia Pacific,Australia,Web,Fashion,Running Shoes,1,54.18,0.2,43.34,,0
101323,2024-07-30,North America,Mexico,Retail Partner,Home & Kitchen,Smart Lamp,1,187.98,0.1,169.18,,0
101324,2024-07-30,North America,United States,Web,Home & Kitchen,Smart Lamp,3,199.75,0.1,539.33,4.0,0
101325,2024-07-31,Europe,Spain,Marketplace,Sports,Dumbbell Set,4,172.65,0.15,587.01,3.0,0
101326,2024-07-31,North America,United States,Retail Partner,Electronics,Smartwatch,1,358.66,0.0,358.66,,1
101327,2024-07-31,North America,Canada,Marketplace,Electronics,4K Monitor,4,158.03,0.15,537.3,,0
101328,2024-07-31,Asia Pacific,Japan,Mobile App,Home & Kitchen,Linen Bedding,2,169.3,0.0,338.6,,0
101329,2024-07-31,Asia Pacific,India,Marketplace,Fashion,Denim Jacket,4,112.38,0.0,449.52,5.0,0
101330,2024-07-31,North America,United States,Retail Partner,Sports,Dumbbell Set,2,188.5,0.0,377.0,,0
101331,2024-07-31,Europe,Germany,Mobile App,Sports,Fitness Tracker,2,66.86,0.2,106.98,,0
101332,2024-07-31,Europe,United Kingdom,Marketplace,Electronics,4K Monitor,1,164.97,0.1,148.47,5.0,0
101333,2024-08-01,Latin America,Chile,Mobile App,Fashion,Wool Sweater,3,44.03,0.0,132.09,5.0,0
101334,2024-08-01,North America,Mexico,Mobile App,Electronics,Wireless Earbuds,1,193.24,0.0,193.24,,0
101335,2024-08-01,North America,United States,Mobile App,Electronics,USB-C Hub,2,386.88,0.0,773.76,3.0,0
101336,2024-08-01,Asia Pacific,India,Mobile App,Home & Kitchen,Air Fryer,2,160.03,0.0,320.06,4.0,0
101337,2024-08-01,Latin America,Brazil,Mobile App,Fashion,Sunglasses,2,186.72,0.1,336.1,5.0,1
101338,2024-08-01,North America,Mexico,Web,Fashion,Sunglasses,1,164.29,0.15,139.65,4.0,0
101339,2024-08-01,North America,Canada,Marketplace,Electronics,Mechanical Keyboard,2,49.75,0.05,94.52,,0
101340,2024-08-01,North America,Canada,Web,Home & Kitchen,Linen Bedding,2,166.82,0.0,333.64,5.0,0
101341,2024-08-01,North America,Canada,Web,Electronics,Smartwatch,4,369.78,0.0,1479.12,5.0,0
101342,2024-08-01,Asia Pacific,Japan,Web,Home & Kitchen,Chef Knife Set,1,199.51,0.0,199.51,,0
101343,2024-08-01,Asia Pacific,Singapore,Marketplace,Sports,Trail Backpack,3,145.3,0.0,435.9,5.0,0
101344,2024-08-02,Asia Pacific,Australia,Mobile App,Electronics,4K Monitor,4,152.28,0.0,609.12,4.0,0
101345,2024-08-02,North America,Canada,Retail Partner,Electronics,Smartwatch,1,381.55,0.0,381.55,5.0,0
101346,2024-08-02,Europe,Spain,Mobile App,Sports,Dumbbell Set,2,182.24,0.0,364.48,5.0,1
101347,2024-08-02,North America,United States,Web,Electronics,Smartwatch,2,375.18,0.2,600.29,,0
101348,2024-08-03,Europe,United Kingdom,Web,Home & Kitchen,Smart Lamp,4,209.43,0.0,837.72,5.0,0
101349,2024-08-03,Europe,Germany,Web,Home & Kitchen,Chef Knife Set,2,182.6,0.1,328.68,,0
101350,2024-08-03,North America,Canada,Mobile App,Beauty,Lip Palette,1,100.94,0.15,85.8,,0
101351,2024-08-04,Europe,France,Web,Home & Kitchen,Smart Lamp,2,187.47,0.2,299.95,5.0,0
101352,2024-08-04,North America,United States,Mobile App,Sports,Yoga Mat,4,120.5,0.1,433.8,4.0,0
101353,2024-08-04,Latin America,Argentina,Web,Fashion,Sunglasses,1,166.45,0.0,166.45,3.0,0
101354,2024-08-04,North America,Mexico,Mobile App,Electronics,4K Monitor,1,144.94,0.0,144.94,5.0,0
101355,2024-08-04,Latin America,Chile,Web,Home & Kitchen,Chef Knife Set,1,198.26,0.1,178.43,,0
101356,2024-08-04,North America,Mexico,Retail Partner,Home & Kitchen,Air Fryer,4,176.37,0.0,705.48,,0
101357,2024-08-04,Europe,United Kingdom,Mobile App,Sports,Trail Backpack,1,150.01,0.15,127.51,,0
101358,2024-08-05,Asia Pacific,Japan,Marketplace,Home & Kitchen,Chef Knife Set,2,178.92,0.0,357.84,4.0,0
101359,2024-08-05,North America,Mexico,Web,Electronics,Mechanical Keyboard,1,51.34,0.0,51.34,,0
101360,2024-08-05,North America,Canada,Mobile App,Home & Kitchen,Chef Knife Set,1,176.7,0.1,159.03,,0
101361,2024-08-05,Europe,United Kingdom,Retail Partner,Sports,Cycling Helmet,2,219.83,0.2,351.73,,0
101362,2024-08-05,North America,Canada,Mobile App,Electronics,USB-C Hub,4,380.92,0.0,1523.68,,0
101363,2024-08-06,Europe,Spain,Retail Partner,Home & Kitchen,Espresso Machine,1,88.97,0.1,80.07,5.0,0
101364,2024-08-06,Latin America,Chile,Web,Home & Kitchen,Smart Lamp,1,199.0,0.15,169.15,,0
101365,2024-08-06,Europe,France,Mobile App,Fashion,Denim Jacket,2,113.33,0.0,226.66,,0
101366,2024-08-06,Asia Pacific,India,Marketplace,Sports,Trail Backpack,2,164.29,0.0,328.58,3.0,0
101367,2024-08-06,North America,Canada,Mobile App,Electronics,4K Monitor,1,159.65,0.1,143.69,5.0,0
101368,2024-08-06,Europe,United Kingdom,Marketplace,Electronics,Mechanical Keyboard,1,52.07,0.0,52.07,,0
101369,2024-08-07,North America,Canada,Retail Partner,Fashion,Running Shoes,1,53.88,0.2,43.1,4.0,0
101370,2024-08-07,North America,Mexico,Web,Home & Kitchen,Espresso Machine,1,81.22,0.1,73.1,4.0,0
101371,2024-08-07,North America,United States,Mobile App,Home & Kitchen,Chef Knife Set,3,198.59,0.0,595.77,5.0,0
101372,2024-08-07,Europe,Germany,Web,Home & Kitchen,Smart Lamp,1,192.69,0.1,173.42,4.0,0
101373,2024-08-07,Europe,Spain,Web,Electronics,Smartwatch,4,382.83,0.1,1378.19,4.0,0
101374,2024-08-07,Europe,France,Marketplace,Electronics,Smartwatch,1,376.34,0.1,338.71,,0
101375,2024-08-07,Europe,Spain,Mobile App,Electronics,Smartwatch,2,376.42,0.1,677.56,5.0,0
101376,2024-08-08,North America,Canada,Retail Partner,Fashion,Leather Belt,1,118.17,0.1,106.35,,0
101377,2024-08-08,Asia Pacific,Australia,Marketplace,Electronics,USB-C Hub,4,379.59,0.15,1290.61,,0
101378,2024-08-08,North America,Mexico,Mobile App,Electronics,Smartwatch,1,385.64,0.0,385.64,3.0,0
101379,2024-08-08,Europe,United Kingdom,Web,Home & Kitchen,Espresso Machine,1,87.57,0.0,87.57,5.0,0
101380,2024-08-08,North America,Canada,Web,Fashion,Wool Sweater,2,46.36,0.05,88.08,5.0,0
101381,2024-08-08,Europe,France,Retail Partner,Home & Kitchen,Smart Lamp,4,203.31,0.1,731.92,4.0,0
101382,2024-08-09,North America,Mexico,Web,Home & Kitchen,Linen Bedding,2,164.71,0.0,329.42,4.0,0
101383,2024-08-09,Latin America,Brazil,Web,Fashion,Wool Sweater,1,47.48,0.15,40.36,4.0,0
101384,2024-08-09,North America,Mexico,Web,Electronics,Wireless Earbuds,1,181.62,0.0,181.62,5.0,0
101385,2024-08-10,Asia Pacific,Australia,Web,Electronics,4K Monitor,1,166.41,0.0,166.41,5.0,0
101386,2024-08-10,North America,Canada,Web,Fashion,Denim Jacket,1,103.14,0.05,97.98,5.0,0
101387,2024-08-10,Europe,United Kingdom,Web,Fashion,Leather Belt,2,132.88,0.15,225.9,5.0,0
101388,2024-08-10,North America,Mexico,Retail Partner,Electronics,Wireless Earbuds,2,177.63,0.0,355.26,5.0,0
101389,2024-08-10,Europe,United Kingdom,Marketplace,Electronics,Wireless Earbuds,1,186.63,0.1,167.97,5.0,0
101390,2024-08-10,Europe,United Kingdom,Web,Sports,Yoga Mat,2,111.53,0.0,223.06,,0
101391,2024-08-10,Asia Pacific,Singapore,Web,Home & Kitchen,Espresso Machine,2,80.46,0.0,160.92,4.0,0
101392,2024-08-11,Latin America,Argentina,Web,Home & Kitchen,Air Fryer,1,174.9,0.15,148.66,,0
101393,2024-08-11,Latin America,Brazil,Marketplace,Beauty,Lip Palette,2,112.76,0.1,202.97,4.0,0
101394,2024-08-11,Latin America,Chile,Mobile App,Fashion,Sunglasses,1,166.03,0.2,132.82,,0
101395,2024-08-11,Latin America,Chile,Marketplace,Sports,Yoga Mat,1,116.43,0.05,110.61,,0
101396,2024-08-11,Asia Pacific,Japan,Mobile App,Home & Kitchen,Smart Lamp,1,197.28,0.0,197.28,,0
101397,2024-08-11,North America,Mexico,Web,Electronics,4K Monitor,1,159.14,0.0,159.14,5.0,0
101398,2024-08-11,North America,United States,Mobile App,Beauty,Hair Dryer,1,93.28,0.2,74.62,4.0,0
101399,2024-08-12,Asia Pacific,Japan,Marketplace,Home & Kitchen,Chef Knife Set,2,180.3,0.0,360.6,5.0,0
101400,2024-08-12,Europe,United Kingdom,Mobile App,Sports,Trail Backpack,4,153.74,0.1,553.46,,0
101401,2024-08-12,North America,Canada,Mobile App,Beauty,Skincare Kit,1,109.6,0.0,109.6,5.0,0
101402,2024-08-12,Europe,Spain,Retail Partner,Home & Kitchen,Espresso Machine,1,88.6,0.15,75.31,,1
101403,2024-08-12,North America,Canada,Mobile App,Beauty,Lip Palette,1,110.43,0.15,93.87,5.0,0
101404,2024-08-12,Europe,Spain,Web,Home & Kitchen,Chef Knife Set,2,190.96,0.0,381.92,5.0,0
101405,2024-08-13,North America,Mexico,Web,Electronics,USB-C Hub,2,353.55,0.1,636.39,5.0,0
101406,2024-08-13,Asia Pacific,Japan,Retail Partner,Home & Kitchen,Smart Lamp,1,186.0,0.0,186.0,,0
101407,2024-08-13,North America,United States,Marketplace,Home & Kitchen,Smart Lamp,3,200.75,0.1,542.02,3.0,0
101408,2024-08-13,Europe,France,Web,Sports,Cycling Helmet,1,218.3,0.05,207.38,3.0,0
101409,2024-08-13,Asia Pacific,Singapore,Mobile App,Beauty,Hair Dryer,1,95.65,0.0,95.65,3.0,0
101410,2024-08-13,North America,United States,Web,Home & Kitchen,Chef Knife Set,2,182.22,0.1,328.0,5.0,0
101411,2024-08-13,Asia Pacific,India,Web,Fashion,Sunglasses,1,167.43,0.0,167.43,,0
101412,2024-08-13,North America,United States,Web,Electronics,4K Monitor,4,166.69,0.1,600.08,4.0,0
101413,2024-08-13,North America,United States,Web,Beauty,Vitamin C Serum,2,47.68,0.0,95.36,5.0,0
101414,2024-08-13,Asia Pacific,Japan,Mobile App,Home & Kitchen,Chef Knife Set,2,173.56,0.1,312.41,5.0,0
101415,2024-08-14,North America,United States,Marketplace,Sports,Yoga Mat,2,117.89,0.15,200.41,5.0,0
101416,2024-08-14,Europe,Germany,Web,Beauty,Fragrance Set,1,109.71,0.2,87.77,4.0,0
101417,2024-08-15,Asia Pacific,Singapore,Mobile App,Home & Kitchen,Chef Knife Set,1,188.71,0.0,188.71,4.0,0
101418,2024-08-15,North America,United States,Web,Electronics,4K Monitor,2,157.32,0.2,251.71,5.0,0
101419,2024-08-15,Asia Pacific,India,Mobile App,Beauty,Vitamin C Serum,2,44.31,0.05,84.19,3.0,0
101420,2024-08-15,Europe,United Kingdom,Web,Electronics,USB-C Hub,2,366.67,0.1,660.01,4.0,0
101421,2024-08-15,Asia Pacific,Australia,Marketplace,Beauty,Hair Dryer,1,91.25,0.2,73.0,,0
101422,2024-08-16,North America,Canada,Marketplace,Sports,Fitness Tracker,1,70.2,0.1,63.18,5.0,0
101423,2024-08-16,North America,United States,Web,Fashion,Sunglasses,1,163.86,0.1,147.47,5.0,0
101424,2024-08-16,North America,Canada,Marketplace,Home & Kitchen,Smart Lamp,1,183.57,0.05,174.39,5.0,0
101425,2024-08-17,Latin America,Brazil,Retail Partner,Electronics,USB-C Hub,1,359.23,0.15,305.35,4.0,0
101426,2024-08-18,Europe,Germany,Web,Beauty,Vitamin C Serum,1,44.93,0.2,35.94,5.0,0
101427,2024-08-18,Latin America,Argentina,Web,Fashion,Denim Jacket,3,109.58,0.0,328.74,5.0,0
101428,2024-08-18,Europe,France,Web,Home & Kitchen,Smart Lamp,1,196.05,0.0,196.05,5.0,0
101429,2024-08-18,North America,Canada,Marketplace,Sports,Fitness Tracker,4,71.66,0.0,286.64,5.0,0
101430,2024-08-18,Europe,Spain,Mobile App,Electronics,Wireless Earbuds,1,172.55,0.0,172.55,5.0,0
101431,2024-08-18,North America,United States,Web,Electronics,Mechanical Keyboard,3,46.81,0.0,140.43,5.0,0
101432,2024-08-19,North America,Mexico,Retail Partner,Sports,Cycling Helmet,1,225.66,0.05,214.38,,0
101433,2024-08-20,Europe,Spain,Web,Sports,Trail Backpack,1,158.4,0.2,126.72,5.0,0
101434,2024-08-20,North America,Canada,Mobile App,Sports,Cycling Helmet,1,218.64,0.0,218.64,,0
101435,2024-08-20,Europe,France,Web,Sports,Fitness Tracker,4,77.14,0.0,308.56,5.0,0
101436,2024-08-20,North America,Mexico,Web,Sports,Cycling Helmet,1,222.01,0.0,222.01,5.0,1
101437,2024-08-20,North America,Mexico,Mobile App,Electronics,USB-C Hub,1,375.12,0.0,375.12,3.0,0
101438,2024-08-20,Latin America,Brazil,Marketplace,Home & Kitchen,Chef Knife Set,3,196.29,0.0,588.87,5.0,0
101439,2024-08-20,Asia Pacific,India,Web,Electronics,USB-C Hub,4,342.72,0.0,1370.88,,0
101440,2024-08-20,Europe,Spain,Marketplace,Sports,Cycling Helmet,2,213.4,0.0,426.8,,0
101441,2024-08-20,Europe,United Kingdom,Mobile App,Beauty,Lip Palette,1,117.2,0.15,99.62,,0
101442,2024-08-21,Europe,Spain,Mobile App,Electronics,4K Monitor,1,167.16,0.0,167.16,5.0,0
101443,2024-08-21,North America,Mexico,Web,Electronics,Mechanical Keyboard,2,51.31,0.2,82.1,,0
101444,2024-08-21,North America,Canada,Web,Fashion,Leather Belt,1,135.6,0.2,108.48,,0
101445,2024-08-21,Asia Pacific,Japan,Web,Electronics,USB-C Hub,1,386.35,0.15,328.4,5.0,0
101446,2024-08-21,Europe,Spain,Mobile App,Beauty,Hair Dryer,4,92.73,0.05,352.37,4.0,0
101447,2024-08-21,Europe,Germany,Web,Home & Kitchen,Chef Knife Set,4,196.58,0.05,747.0,5.0,0
101448,2024-08-22,Latin America,Chile,Marketplace,Sports,Fitness Tracker,1,74.81,0.0,74.81,4.0,0
101449,2024-08-22,North America,Canada,Web,Beauty,Hair Dryer,1,95.33,0.0,95.33,,0
101450,2024-08-22,Europe,Germany,Web,Beauty,Vitamin C Serum,2,44.15,0.0,88.3,,0
101451,2024-08-22,Asia Pacific,Japan,Retail Partner,Electronics,4K Monitor,2,159.25,0.15,270.72,5.0,0
101452,2024-08-22,North America,United States,Mobile App,Electronics,Smartwatch,1,355.81,0.2,284.65,5.0,0
101453,2024-08-22,North America,Canada,Retail Partner,Electronics,Mechanical Keyboard,1,50.87,0.0,50.87,4.0,1
101454,2024-08-22,Latin America,Argentina,Retail Partner,Electronics,4K Monitor,1,153.24,0.0,153.24,4.0,0
101455,2024-08-22,North America,Canada,Web,Fashion,Sunglasses,2,187.83,0.15,319.31,5.0,0
101456,2024-08-22,North America,Canada,Mobile App,Sports,Fitness Tracker,1,75.17,0.1,67.65,4.0,0
101457,2024-08-22,Asia Pacific,Singapore,Retail Partner,Beauty,Fragrance Set,1,106.61,0.15,90.62,4.0,1
101458,2024-08-22,Asia Pacific,India,Marketplace,Sports,Dumbbell Set,3,181.42,0.0,544.26,5.0,0
101459,2024-08-23,Europe,United Kingdom,Marketplace,Home & Kitchen,Chef Knife Set,3,173.49,0.15,442.4,5.0,0
101460,2024-08-23,North America,Canada,Mobile App,Beauty,Hair Dryer,1,99.91,0.0,99.91,5.0,0
101461,2024-08-23,North America,United States,Web,Electronics,4K Monitor,1,154.13,0.0,154.13,,0
101462,2024-08-23,North America,Mexico,Web,Electronics,4K Monitor,4,151.98,0.0,607.92,3.0,0
101463,2024-08-23,North America,Canada,Web,Electronics,USB-C Hub,3,337.61,0.1,911.55,4.0,0
101464,2024-08-23,North America,United States,Marketplace,Fashion,Running Shoes,4,54.46,0.1,196.06,,0
101465,2024-08-23,North America,Mexico,Mobile App,Home & Kitchen,Espresso Machine,4,79.43,0.0,317.72,,0
101466,2024-08-23,Asia Pacific,Australia,Mobile App,Beauty,Skincare Kit,2,116.16,0.1,209.09,5.0,0
101467,2024-08-24,Europe,France,Mobile App,Electronics,Wireless Earbuds,1,179.5,0.2,143.6,5.0,0
101468,2024-08-24,Europe,Germany,Marketplace,Electronics,Mechanical Keyboard,2,48.21,0.0,96.42,5.0,0
101469,2024-08-24,Asia Pacific,Australia,Mobile App,Home & Kitchen,Chef Knife Set,3,194.47,0.15,495.9,5.0,0
101470,2024-08-24,Europe,Germany,Retail Partner,Home & Kitchen,Linen Bedding,1,149.73,0.0,149.73,,0
101471,2024-08-25,Asia Pacific,Japan,Web,Electronics,4K Monitor,3,152.38,0.0,457.14,,0
101472,2024-08-25,Europe,Germany,Marketplace,Sports,Cycling Helmet,1,226.51,0.05,215.18,,0
101473,2024-08-26,North America,Canada,Retail Partner,Home & Kitchen,Espresso Machine,2,91.14,0.2,145.82,,0
101474,2024-08-26,North America,United States,Mobile App,Beauty,Vitamin C Serum,1,46.66,0.0,46.66,5.0,0
101475,2024-08-26,North America,Mexico,Mobile App,Electronics,Mechanical Keyboard,1,50.1,0.0,50.1,,0
101476,2024-08-26,Latin America,Chile,Marketplace,Fashion,Running Shoes,1,51.27,0.2,41.02,3.0,0
101477,2024-08-26,Europe,Germany,Web,Home & Kitchen,Air Fryer,1,174.59,0.05,165.86,3.0,0
101478,2024-08-26,North America,Canada,Mobile App,Home & Kitchen,Espresso Machine,2,92.07,0.0,184.14,4.0,0
101479,2024-08-26,Europe,France,Web,Home & Kitchen,Espresso Machine,1,81.34,0.15,69.14,4.0,0
101480,2024-08-26,Asia Pacific,India,Web,Home & Kitchen,Linen Bedding,2,155.88,0.1,280.58,,1
101481,2024-08-26,North America,Canada,Web,Electronics,4K Monitor,2,147.22,0.0,294.44,5.0,0
101482,2024-08-26,North America,Mexico,Mobile App,Home & Kitchen,Linen Bedding,1,158.8,0.0,158.8,,0
101483,2024-08-27,Europe,United Kingdom,Retail Partner,Home & Kitchen,Smart Lamp,2,200.73,0.05,381.39,5.0,0
101484,2024-08-27,Europe,France,Web,Home & Kitchen,Espresso Machine,1,87.05,0.1,78.34,5.0,0
101485,2024-08-27,Latin America,Brazil,Marketplace,Electronics,4K Monitor,3,149.69,0.0,449.07,5.0,0
101486,2024-08-27,Europe,United Kingdom,Web,Home & Kitchen,Chef Knife Set,1,194.66,0.2,155.73,3.0,0
101487,2024-08-27,Asia Pacific,India,Retail Partner,Home & Kitchen,Smart Lamp,1,203.36,0.1,183.02,,1
101488,2024-08-27,Asia Pacific,Japan,Marketplace,Home & Kitchen,Air Fryer,1,175.44,0.0,175.44,,0
101489,2024-08-27,Latin America,Chile,Mobile App,Home & Kitchen,Espresso Machine,2,80.06,0.2,128.1,5.0,0
101490,2024-08-27,Asia Pacific,Singapore,Marketplace,Fashion,Wool Sweater,2,46.21,0.0,92.42,,0
101491,2024-08-28,North America,Mexico,Web,Sports,Yoga Mat,2,106.84,0.05,203.0,5.0,0
101492,2024-08-28,Latin America,Argentina,Marketplace,Home & Kitchen,Espresso Machine,1,80.6,0.1,72.54,5.0,0
101493,2024-08-28,Europe,United Kingdom,Web,Home & Kitchen,Smart Lamp,1,209.93,0.1,188.94,4.0,0
101494,2024-08-28,Asia Pacific,Japan,Mobile App,Home & Kitchen,Smart Lamp,2,186.27,0.0,372.54,4.0,0
101495,2024-08-28,Latin America,Brazil,Web,Fashion,Sunglasses,2,167.72,0.15,285.12,5.0,0
101496,2024-08-29,North America,Mexico,Web,Home & Kitchen,Chef Knife Set,1,196.2,0.2,156.96,3.0,0
101497,2024-08-29,Latin America,Argentina,Web,Sports,Yoga Mat,1,103.23,0.0,103.23,5.0,0
101498,2024-08-29,Asia Pacific,Japan,Mobile App,Fashion,Running Shoes,1,58.12,0.0,58.12,5.0,0
101499,2024-08-29,Europe,Germany,Web,Home & Kitchen,Linen Bedding,2,169.9,0.0,339.8,5.0,0
101500,2024-08-29,North America,Mexico,Web,Fashion,Denim Jacket,2,107.91,0.0,215.82,5.0,0
101501,2024-08-30,North America,United States,Retail Partner,Home & Kitchen,Espresso Machine,2,80.56,0.0,161.12,3.0,0
101502,2024-08-30,North America,United States,Mobile App,Sports,Yoga Mat,3,104.23,0.15,265.79,,0
101503,2024-08-30,Asia Pacific,Australia,Web,Fashion,Wool Sweater,1,45.85,0.1,41.27,5.0,0
101504,2024-08-30,North America,Mexico,Marketplace,Fashion,Running Shoes,2,54.06,0.0,108.12,5.0,0
101505,2024-08-30,Asia Pacific,Singapore,Web,Home & Kitchen,Air Fryer,4,167.93,0.0,671.72,5.0,0
101506,2024-08-30,Europe,Spain,Web,Electronics,Mechanical Keyboard,3,53.31,0.0,159.93,5.0,0
101507,2024-08-30,Latin America,Argentina,Web,Home & Kitchen,Air Fryer,1,159.07,0.0,159.07,4.0,0
101508,2024-08-30,North America,Canada,Web,Home & Kitchen,Air Fryer,1,164.82,0.1,148.34,3.0,0
101509,2024-08-30,North America,United States,Web,Home & Kitchen,Smart Lamp,1,185.48,0.0,185.48,,0
101510,2024-08-30,Europe,Germany,Web,Sports,Cycling Helmet,1,205.38,0.05,195.11,5.0,0
101511,2024-08-31,Europe,France,Mobile App,Sports,Trail Backpack,1,157.79,0.1,142.01,5.0,1
101512,2024-08-31,North America,Canada,Web,Fashion,Sunglasses,2,183.75,0.15,312.38,5.0,0
101513,2024-08-31,North America,Canada,Mobile App,Home & Kitchen,Air Fryer,3,162.83,0.2,390.79,4.0,1
101514,2024-08-31,Asia Pacific,Singapore,Retail Partner,Sports,Trail Backpack,1,163.07,0.1,146.76,,0
101515,2024-08-31,North America,United States,Marketplace,Fashion,Wool Sweater,1,46.35,0.0,46.35,,0
101516,2024-08-31,North America,Mexico,Mobile App,Fashion,Wool Sweater,4,47.98,0.2,153.54,4.0,0
101517,2024-08-31,North America,United States,Web,Fashion,Denim Jacket,2,106.61,0.0,213.22,5.0,0
101518,2024-09-01,Latin America,Argentina,Web,Sports,Dumbbell Set,1,176.8,0.1,159.12,4.0,1
101519,2024-09-01,Asia Pacific,Singapore,Mobile App,Fashion,Sunglasses,2,165.41,0.2,264.66,,0
101520,2024-09-01,North America,United States,Web,Sports,Fitness Tracker,3,69.53,0.2,166.87,,0
101521,2024-09-01,Europe,France,Mobile App,Fashion,Leather Belt,3,126.31,0.1,341.04,4.0,0
101522,2024-09-01,North America,Mexico,Mobile App,Fashion,Denim Jacket,2,112.81,0.0,225.62,5.0,0
101523,2024-09-01,Europe,United Kingdom,Mobile App,Beauty,Hair Dryer,1,97.67,0.15,83.02,5.0,0
101524,2024-09-01,Latin America,Brazil,Marketplace,Electronics,Wireless Earbuds,1,170.58,0.15,144.99,4.0,0
101525,2024-09-01,Europe,United Kingdom,Web,Fashion,Denim Jacket,2,100.67,0.0,201.34,5.0,0
101526,2024-09-01,Asia Pacific,India,Web,Sports,Cycling Helmet,1,207.2,0.0,207.2,5.0,0
101527,2024-09-02,Latin America,Brazil,Web,Sports,Yoga Mat,1,110.91,0.05,105.36,4.0,0
101528,2024-09-02,North America,Mexico,Mobile App,Beauty,Hair Dryer,1,90.29,0.1,81.26,,0
101529,2024-09-02,Asia Pacific,Australia,Mobile App,Electronics,Wireless Earbuds,1,166.47,0.0,166.47,4.0,0
101530,2024-09-02,Europe,Spain,Mobile App,Fashion,Running Shoes,2,58.8,0.0,117.6,4.0,0
101531,2024-09-02,North America,United States,Retail Partner,Electronics,USB-C Hub,2,336.64,0.1,605.95,,0
101532,2024-09-02,North America,United States,Marketplace,Electronics,Mechanical Keyboard,1,52.37,0.2,41.9,5.0,0
101533,2024-09-02,Latin America,Chile,Retail Partner,Sports,Fitness Tracker,1,70.06,0.15,59.55,4.0,0
101534,2024-09-02,Europe,United Kingdom,Marketplace,Electronics,Smartwatch,1,360.39,0.05,342.37,,0
101535,2024-09-03,Latin America,Chile,Mobile App,Fashion,Leather Belt,1,132.1,0.0,132.1,5.0,0
101536,2024-09-03,North America,Canada,Mobile App,Fashion,Wool Sweater,2,47.74,0.0,95.48,,0
101537,2024-09-03,Europe,Spain,Marketplace,Fashion,Sunglasses,2,172.3,0.15,292.91,5.0,0
101538,2024-09-03,Europe,France,Mobile App,Electronics,4K Monitor,1,146.02,0.0,146.02,5.0,0
101539,2024-09-03,Europe,Germany,Retail Partner,Electronics,4K Monitor,4,151.86,0.0,607.44,,0
101540,2024-09-03,Asia Pacific,Australia,Mobile App,Home & Kitchen,Smart Lamp,3,203.96,0.0,611.88,4.0,0
101541,2024-09-03,Latin America,Chile,Marketplace,Beauty,Hair Dryer,4,92.14,0.15,313.28,,0
101542,2024-09-04,Europe,United Kingdom,Mobile App,Fashion,Denim Jacket,1,98.79,0.0,98.79,4.0,0
101543,2024-09-04,Europe,France,Mobile App,Electronics,Wireless Earbuds,2,168.01,0.0,336.02,4.0,0
101544,2024-09-04,North America,Mexico,Marketplace,Home & Kitchen,Smart Lamp,1,201.96,0.1,181.76,,0
101545,2024-09-04,Europe,United Kingdom,Marketplace,Beauty,Hair Dryer,1,104.06,0.15,88.45,4.0,0
101546,2024-09-04,Asia Pacific,India,Web,Electronics,4K Monitor,1,151.57,0.0,151.57,,0
101547,2024-09-04,North America,Canada,Marketplace,Fashion,Sunglasses,4,163.27,0.0,653.08,,0
101548,2024-09-04,Europe,United Kingdom,Marketplace,Fashion,Wool Sweater,4,42.07,0.15,143.04,,0
101549,2024-09-04,Europe,United Kingdom,Marketplace,Electronics,Wireless Earbuds,3,192.85,0.0,578.55,4.0,0
101550,2024-09-04,North America,Mexico,Web,Beauty,Vitamin C Serum,1,46.3,0.2,37.04,4.0,0
101551,2024-09-04,North America,Mexico,Web,Home & Kitchen,Air Fryer,3,172.37,0.2,413.69,5.0,0
101552,2024-09-05,North America,Canada,Marketplace,Sports,Yoga Mat,3,119.58,0.1,322.87,3.0,0
101553,2024-09-05,North America,United States,Mobile App,Home & Kitchen,Espresso Machine,3,80.8,0.1,218.16,4.0,0
101554,2024-09-05,Europe,France,Web,Fashion,Sunglasses,3,165.7,0.0,497.1,,0
101555,2024-09-05,North America,United States,Web,Electronics,Mechanical Keyboard,1,53.77,0.1,48.39,4.0,1
101556,2024-09-05,North America,Mexico,Web,Beauty,Vitamin C Serum,1,44.81,0.2,35.85,5.0,0
101557,2024-09-05,Asia Pacific,Singapore,Mobile App,Fashion,Wool Sweater,1,44.92,0.05,42.67,4.0,1
101558,2024-09-06,North America,United States,Retail Partner,Sports,Trail Backpack,2,166.72,0.1,300.1,5.0,1
101559,2024-09-06,Europe,United Kingdom,Web,Fashion,Sunglasses,2,179.81,0.1,323.66,5.0,0
101560,2024-09-06,Asia Pacific,India,Mobile App,Electronics,Mechanical Keyboard,2,48.53,0.0,97.06,5.0,0
101561,2024-09-06,Asia Pacific,India,Marketplace,Electronics,USB-C Hub,1,336.58,0.1,302.92,4.0,0
101562,2024-09-07,North America,Canada,Mobile App,Fashion,Sunglasses,2,168.08,0.0,336.16,5.0,0
101563,2024-09-07,Europe,Germany,Web,Home & Kitchen,Chef Knife Set,1,197.54,0.0,197.54,5.0,0
101564,2024-09-07,North America,Mexico,Web,Fashion,Leather Belt,2,130.73,0.1,235.31,5.0,0
101565,2024-09-07,Latin America,Chile,Mobile App,Home & Kitchen,Espresso Machine,1,85.14,0.0,85.14,5.0,0
101566,2024-09-07,Latin America,Brazil,Web,Home & Kitchen,Linen Bedding,4,158.11,0.15,537.57,,0
101567,2024-09-07,North America,Mexico,Mobile App,Beauty,Lip Palette,2,102.16,0.05,194.1,,0
101568,2024-09-08,Europe,Germany,Marketplace,Home & Kitchen,Air Fryer,1,173.05,0.2,138.44,4.0,0
101569,2024-09-08,Europe,United Kingdom,Web,Fashion,Denim Jacket,1,105.07,0.05,99.82,,1
101570,2024-09-08,North America,Canada,Mobile App,Home & Kitchen,Chef Knife Set,2,191.94,0.0,383.88,4.0,0
101571,2024-09-08,Europe,France,Web,Electronics,USB-C Hub,2,356.95,0.05,678.2,3.0,0
101572,2024-09-08,North America,United States,Web,Fashion,Sunglasses,1,169.83,0.2,135.86,,0
101573,2024-09-08,Asia Pacific,Japan,Marketplace,Electronics,USB-C Hub,3,351.16,0.0,1053.48,4.0,0
101574,2024-09-08,Asia Pacific,Australia,Mobile App,Beauty,Fragrance Set,1,114.67,0.15,97.47,5.0,0
101575,2024-09-09,Asia Pacific,Australia,Web,Beauty,Lip Palette,2,116.29,0.15,197.69,,0
101576,2024-09-09,Latin America,Brazil,Mobile App,Beauty,Skincare Kit,4,116.12,0.2,371.58,5.0,0
101577,2024-09-09,North America,Mexico,Mobile App,Fashion,Denim Jacket,1,110.07,0.15,93.56,5.0,0
101578,2024-09-09,Asia Pacific,Australia,Web,Beauty,Fragrance Set,4,113.23,0.0,452.92,4.0,0
101579,2024-09-09,North America,Canada,Web,Electronics,Smartwatch,2,384.0,0.15,652.8,5.0,0
101580,2024-09-09,Europe,Spain,Retail Partner,Fashion,Running Shoes,2,58.04,0.05,110.28,5.0,0
101581,2024-09-09,North America,Mexico,Web,Sports,Cycling Helmet,2,216.15,0.0,432.3,5.0,0
101582,2024-09-09,Asia Pacific,Australia,Marketplace,Home & Kitchen,Air Fryer,1,167.33,0.0,167.33,5.0,0
101583,2024-09-10,Europe,France,Marketplace,Electronics,USB-C Hub,2,392.97,0.0,785.94,5.0,0
101584,2024-09-10,North America,United States,Web,Home & Kitchen,Linen Bedding,1,146.33,0.1,131.7,3.0,0
101585,2024-09-10,Asia Pacific,India,Marketplace,Beauty,Vitamin C Serum,3,42.14,0.2,101.14,5.0,1
101586,2024-09-10,Europe,United Kingdom,Marketplace,Fashion,Leather Belt,4,125.02,0.1,450.07,5.0,0
101587,2024-09-10,Europe,Spain,Mobile App,Electronics,Mechanical Keyboard,3,46.89,0.0,140.67,,0
101588,2024-09-10,North America,Canada,Retail Partner,Home & Kitchen,Espresso Machine,1,81.48,0.05,77.41,,0
101589,2024-09-10,North America,United States,Retail Partner,Fashion,Leather Belt,1,129.92,0.05,123.42,5.0,0
101590,2024-09-11,Asia Pacific,India,Web,Electronics,4K Monitor,3,146.21,0.0,438.63,,1
101591,2024-09-11,Europe,France,Marketplace,Home & Kitchen,Air Fryer,1,172.52,0.05,163.89,,0
101592,2024-09-11,North America,Mexico,Web,Sports,Cycling Helmet,1,216.08,0.0,216.08,4.0,0
101593,2024-09-11,North America,United States,Marketplace,Electronics,4K Monitor,2,151.3,0.0,302.6,4.0,0
101594,2024-09-11,North America,Mexico,Web,Sports,Fitness Tracker,1,78.22,0.0,78.22,4.0,0
101595,2024-09-11,Europe,United Kingdom,Mobile App,Beauty,Skincare Kit,2,118.75,0.0,237.5,,0
101596,2024-09-11,Europe,Germany,Retail Partner,Home & Kitchen,Espresso Machine,2,82.11,0.0,164.22,,0
101597,2024-09-11,Latin America,Brazil,Mobile App,Electronics,Smartwatch,3,352.22,0.15,898.16,5.0,0
101598,2024-09-11,Asia Pacific,Singapore,Mobile App,Electronics,4K Monitor,2,167.86,0.15,285.36,4.0,0
101599,2024-09-11,Asia Pacific,India,Marketplace,Fashion,Running Shoes,1,54.94,0.05,52.19,,1
101600,2024-09-12,Latin America,Brazil,Web,Fashion,Sunglasses,1,166.62,0.0,166.62,4.0,0
101601,2024-09-12,North America,Mexico,Marketplace,Beauty,Skincare Kit,1,115.61,0.0,115.61,,0
101602,2024-09-12,Latin America,Argentina,Mobile App,Sports,Fitness Tracker,2,73.85,0.15,125.54,5.0,0
101603,2024-09-12,Asia Pacific,Australia,Web,Sports,Cycling Helmet,1,221.68,0.2,177.34,5.0,0
101604,2024-09-12,North America,Canada,Web,Sports,Trail Backpack,1,154.63,0.0,154.63,,0
101605,2024-09-13,Europe,Germany,Marketplace,Home & Kitchen,Linen Bedding,1,163.39,0.0,163.39,5.0,0
101606,2024-09-13,Europe,United Kingdom,Web,Beauty,Skincare Kit,3,114.31,0.15,291.49,5.0,0
101607,2024-09-13,Europe,United Kingdom,Mobile App,Beauty,Hair Dryer,1,96.77,0.0,96.77,5.0,0
101608,2024-09-13,Asia Pacific,Singapore,Mobile App,Sports,Dumbbell Set,4,185.64,0.05,705.43,,0
101609,2024-09-13,Latin America,Brazil,Mobile App,Fashion,Sunglasses,1,171.67,0.0,171.67,,0
101610,2024-09-13,Europe,United Kingdom,Web,Beauty,Lip Palette,1,112.15,0.0,112.15,,0
101611,2024-09-14,Europe,Spain,Retail Partner,Fashion,Running Shoes,1,52.24,0.0,52.24,4.0,0
101612,2024-09-14,Europe,France,Web,Electronics,Mechanical Keyboard,2,48.17,0.2,77.07,5.0,0
101613,2024-09-14,Europe,Germany,Retail Partner,Electronics,Mechanical Keyboard,1,53.35,0.0,53.35,,0
101614,2024-09-15,North America,United States,Web,Fashion,Denim Jacket,3,101.95,0.1,275.27,,0
101615,2024-09-15,North America,Mexico,Web,Fashion,Leather Belt,2,126.91,0.1,228.44,5.0,0
101616,2024-09-15,Europe,Spain,Marketplace,Home & Kitchen,Linen Bedding,2,162.85,0.0,325.7,4.0,0
101617,2024-09-15,Europe,Germany,Web,Home & Kitchen,Smart Lamp,1,214.26,0.0,214.26,5.0,0
101618,2024-09-15,Latin America,Argentina,Mobile App,Electronics,Mechanical Keyboard,1,54.7,0.05,51.97,5.0,0
101619,2024-09-15,Europe,Germany,Web,Home & Kitchen,Air Fryer,3,165.94,0.15,423.15,,0
101620,2024-09-16,North America,Canada,Mobile App,Sports,Dumbbell Set,4,173.51,0.0,694.04,3.0,0
101621,2024-09-16,Europe,France,Marketplace,Electronics,Mechanical Keyboard,2,51.78,0.0,103.56,3.0,0
101622,2024-09-16,North America,United States,Web,Sports,Trail Backpack,1,162.72,0.0,162.72,5.0,0
101623,2024-09-16,Europe,United Kingdom,Mobile App,Fashion,Denim Jacket,2,111.64,0.05,212.12,,0
101624,2024-09-16,North America,Canada,Web,Electronics,Smartwatch,2,349.41,0.0,698.82,4.0,1
101625,2024-09-16,North America,United States,Mobile App,Electronics,USB-C Hub,2,381.53,0.0,763.06,3.0,0
101626,2024-09-16,Asia Pacific,Singapore,Mobile App,Sports,Cycling Helmet,3,233.75,0.15,596.06,3.0,0
101627,2024-09-16,North America,United States,Web,Fashion,Denim Jacket,1,97.89,0.0,97.89,,0
101628,2024-09-16,North America,Mexico,Web,Fashion,Leather Belt,1,119.47,0.1,107.52,4.0,0
101629,2024-09-17,Europe,France,Mobile App,Electronics,USB-C Hub,2,385.69,0.0,771.38,5.0,0
101630,2024-09-17,North America,Mexico,Retail Partner,Sports,Cycling Helmet,2,219.04,0.1,394.27,,0
101631,2024-09-17,Europe,France,Web,Electronics,USB-C Hub,1,383.69,0.1,345.32,4.0,0
101632,2024-09-17,Asia Pacific,Australia,Web,Electronics,USB-C Hub,2,372.92,0.15,633.96,,0
101633,2024-09-17,Asia Pacific,Singapore,Retail Partner,Fashion,Leather Belt,4,123.46,0.15,419.76,4.0,0
101634,2024-09-17,Asia Pacific,India,Web,Beauty,Vitamin C Serum,1,46.48,0.15,39.51,5.0,0
101635,2024-09-17,Asia Pacific,India,Mobile App,Electronics,Smartwatch,2,379.06,0.0,758.12,,0
101636,2024-09-17,Europe,France,Mobile App,Electronics,Mechanical Keyboard,2,54.1,0.1,97.38,,0
101637,2024-09-18,Europe,Germany,Web,Electronics,Wireless Earbuds,4,191.58,0.05,728.0,4.0,0
101638,2024-09-18,North America,Mexico,Web,Beauty,Lip Palette,1,101.62,0.05,96.54,5.0,0
101639,2024-09-18,North America,Canada,Marketplace,Fashion,Leather Belt,2,129.36,0.0,258.72,4.0,0
101640,2024-09-18,Europe,Spain,Mobile App,Electronics,Smartwatch,1,367.48,0.15,312.36,4.0,0
101641,2024-09-19,Europe,Spain,Web,Home & Kitchen,Chef Knife Set,3,180.72,0.0,542.16,5.0,0
101642,2024-09-19,North America,United States,Marketplace,Fashion,Denim Jacket,2,97.96,0.2,156.74,5.0,0
101643,2024-09-19,North America,United States,Web,Home & Kitchen,Chef Knife Set,1,190.62,0.0,190.62,4.0,0
101644,2024-09-19,Asia Pacific,Japan,Web,Home & Kitchen,Smart Lamp,1,198.03,0.05,188.13,4.0,0
101645,2024-09-19,Europe,United Kingdom,Web,Home & Kitchen,Smart Lamp,1,206.96,0.0,206.96,5.0,0
101646,2024-09-19,North America,United States,Marketplace,Fashion,Wool Sweater,1,48.87,0.15,41.54,,0
101647,2024-09-20,Europe,Germany,Marketplace,Electronics,Smartwatch,1,376.99,0.0,376.99,,0
101648,2024-09-20,Europe,United Kingdom,Web,Electronics,Smartwatch,2,392.71,0.0,785.42,3.0,0
101649,2024-09-20,Asia Pacific,Australia,Marketplace,Beauty,Skincare Kit,3,114.87,0.0,344.61,5.0,0
101650,2024-09-20,North America,Canada,Web,Electronics,Smartwatch,2,349.59,0.0,699.18,,0
101651,2024-09-21,North America,Canada,Web,Electronics,Mechanical Keyboard,3,47.51,0.0,142.53,,0
101652,2024-09-21,Latin America,Chile,Web,Home & Kitchen,Linen Bedding,3,155.67,0.1,420.31,4.0,0
101653,2024-09-22,Asia Pacific,Singapore,Mobile App,Electronics,Wireless Earbuds,1,171.17,0.0,171.17,,0
101654,2024-09-22,North America,Canada,Web,Fashion,Running Shoes,4,57.14,0.1,205.7,5.0,0
101655,2024-09-22,Europe,France,Web,Home & Kitchen,Espresso Machine,1,91.97,0.0,91.97,,0
101656,2024-09-22,Latin America,Argentina,Marketplace,Beauty,Skincare Kit,1,121.68,0.1,109.51,,0
101657,2024-09-22,North America,Mexico,Retail Partner,Sports,Yoga Mat,4,106.36,0.15,361.62,5.0,0
101658,2024-09-22,Europe,Spain,Web,Beauty,Fragrance Set,1,115.85,0.05,110.06,,0
101659,2024-09-22,North America,Canada,Mobile App,Sports,Yoga Mat,2,120.13,0.15,204.22,5.0,0
101660,2024-09-22,Asia Pacific,Australia,Mobile App,Sports,Trail Backpack,1,153.0,0.0,153.0,4.0,0
101661,2024-09-22,Asia Pacific,India,Marketplace,Electronics,Smartwatch,2,369.38,0.2,591.01,5.0,0
101662,2024-09-22,North America,Canada,Web,Sports,Fitness Tracker,2,73.42,0.0,146.84,,0
101663,2024-09-22,North America,Canada,Web,Sports,Trail Backpack,2,159.1,0.15,270.47,,0
101664,2024-09-22,North America,Mexico,Web,Home & Kitchen,Espresso Machine,2,80.06,0.15,136.1,4.0,0
101665,2024-09-22,Asia Pacific,Japan,Mobile App,Beauty,Hair Dryer,1,101.08,0.1,90.97,,0
101666,2024-09-23,North America,Canada,Retail Partner,Home & Kitchen,Air Fryer,3,182.65,0.05,520.55,5.0,0
101667,2024-09-23,Europe,France,Web,Home & Kitchen,Air Fryer,1,158.04,0.0,158.04,5.0,1
101668,2024-09-23,North America,United States,Marketplace,Sports,Trail Backpack,1,166.61,0.2,133.29,4.0,0
101669,2024-09-23,Europe,Spain,Mobile App,Fashion,Denim Jacket,4,106.27,0.1,382.57,,0
101670,2024-09-23,Europe,Germany,Web,Beauty,Lip Palette,1,118.11,0.0,118.11,4.0,0
101671,2024-09-24,Europe,Germany,Web,Electronics,4K Monitor,2,145.51,0.1,261.92,5.0,0
101672,2024-09-24,Latin America,Argentina,Web,Fashion,Sunglasses,3,174.59,0.0,523.77,,1
101673,2024-09-24,North America,United States,Web,Sports,Fitness Tracker,4,74.9,0.15,254.66,5.0,0
101674,2024-09-24,Latin America,Chile,Marketplace,Electronics,USB-C Hub,3,348.74,0.15,889.29,4.0,0
101675,2024-09-24,Asia Pacific,India,Mobile App,Fashion,Denim Jacket,1,102.33,0.2,81.86,4.0,0
101676,2024-09-24,Europe,Germany,Mobile App,Fashion,Wool Sweater,2,47.59,0.1,85.66,4.0,0
101677,2024-09-24,Asia Pacific,India,Mobile App,Electronics,Wireless Earbuds,2,190.8,0.15,324.36,,0
101678,2024-09-24,North America,Mexico,Mobile App,Sports,Fitness Tracker,2,67.3,0.05,127.87,4.0,0
101679,2024-09-24,North America,Canada,Web,Electronics,4K Monitor,3,165.87,0.05,472.73,,0
101680,2024-09-24,Asia Pacific,Australia,Web,Home & Kitchen,Air Fryer,1,173.41,0.15,147.4,,0
101681,2024-09-24,Asia Pacific,Japan,Web,Home & Kitchen,Air Fryer,2,161.05,0.0,322.1,4.0,0
101682,2024-09-24,Europe,Spain,Web,Beauty,Skincare Kit,1,112.92,0.2,90.34,3.0,0
101683,2024-09-25,Europe,United Kingdom,Web,Sports,Fitness Tracker,3,71.04,0.15,181.15,,0
101684,2024-09-25,North America,Canada,Web,Electronics,USB-C Hub,1,383.73,0.15,326.17,5.0,0
101685,2024-09-25,North America,Mexico,Mobile App,Sports,Fitness Tracker,1,76.38,0.2,61.1,3.0,0
101686,2024-09-25,North America,Canada,Web,Fashion,Wool Sweater,2,42.22,0.2,67.55,5.0,0
101687,2024-09-25,North America,Mexico,Mobile App,Electronics,Wireless Earbuds,1,184.64,0.0,184.64,5.0,0
101688,2024-09-25,North America,Canada,Web,Sports,Dumbbell Set,1,188.54,0.0,188.54,4.0,0
101689,2024-09-25,North America,United States,Web,Electronics,Mechanical Keyboard,3,48.14,0.15,122.76,4.0,0
101690,2024-09-25,Europe,Germany,Mobile App,Sports,Dumbbell Set,1,187.51,0.05,178.13,5.0,1
101691,2024-09-25,North America,Mexico,Web,Sports,Trail Backpack,1,152.4,0.0,152.4,5.0,0
101692,2024-09-25,North America,United States,Mobile App,Home & Kitchen,Air Fryer,2,180.05,0.2,288.08,5.0,0
101693,2024-09-25,North America,Canada,Marketplace,Fashion,Sunglasses,1,162.16,0.2,129.73,,0
101694,2024-09-26,North America,Mexico,Web,Electronics,Mechanical Keyboard,2,46.77,0.15,79.51,,0
101695,2024-09-26,Asia Pacific,Japan,Web,Beauty,Fragrance Set,2,100.85,0.15,171.44,4.0,0
101696,2024-09-26,Asia Pacific,Singapore,Web,Home & Kitchen,Air Fryer,1,179.78,0.15,152.81,4.0,0
101697,2024-09-26,Europe,United Kingdom,Marketplace,Home & Kitchen,Air Fryer,3,158.21,0.0,474.63,,0
101698,2024-09-26,Europe,Spain,Web,Fashion,Leather Belt,4,124.56,0.0,498.24,5.0,0
101699,2024-09-26,Asia Pacific,Singapore,Mobile App,Fashion,Wool Sweater,1,44.11,0.0,44.11,5.0,0
101700,2024-09-26,Europe,Spain,Web,Beauty,Lip Palette,2,102.81,0.0,205.62,4.0,0
101701,2024-09-26,Europe,France,Mobile App,Fashion,Leather Belt,1,131.06,0.0,131.06,4.0,0
101702,2024-09-26,Europe,Spain,Mobile App,Sports,Dumbbell Set,3,185.57,0.0,556.71,,0
101703,2024-09-26,North America,Mexico,Web,Sports,Fitness Tracker,4,74.85,0.0,299.4,5.0,0
101704,2024-09-27,Asia Pacific,Singapore,Marketplace,Beauty,Skincare Kit,3,105.24,0.0,315.72,5.0,0
101705,2024-09-27,Europe,Spain,Mobile App,Beauty,Lip Palette,1,106.08,0.15,90.17,5.0,0
101706,2024-09-27,Asia Pacific,Japan,Marketplace,Fashion,Sunglasses,1,188.89,0.05,179.45,,0
101707,2024-09-27,North America,Mexico,Web,Fashion,Denim Jacket,1,97.78,0.05,92.89,5.0,0
101708,2024-09-27,North America,Canada,Mobile App,Home & Kitchen,Chef Knife Set,1,177.39,0.1,159.65,,0
101709,2024-09-28,North America,United States,Retail Partner,Beauty,Skincare Kit,3,106.6,0.2,255.84,,0
101710,2024-09-28,Asia Pacific,Australia,Web,Electronics,Mechanical Keyboard,2,49.46,0.0,98.92,3.0,0
101711,2024-09-28,Asia Pacific,India,Mobile App,Home & Kitchen,Espresso Machine,1,80.25,0.0,80.25,5.0,0
101712,2024-09-28,Asia Pacific,Singapore,Marketplace,Home & Kitchen,Espresso Machine,3,90.13,0.1,243.35,4.0,0
101713,2024-09-28,North America,United States,Retail Partner,Electronics,Mechanical Keyboard,4,48.76,0.2,156.03,,0
101714,2024-09-28,Asia Pacific,Japan,Web,Fashion,Wool Sweater,2,48.87,0.1,87.97,,0
101715,2024-09-28,Europe,United Kingdom,Retail Partner,Electronics,USB-C Hub,2,351.36,0.0,702.72,5.0,0
101716,2024-09-28,North America,Canada,Mobile App,Fashion,Sunglasses,4,165.5,0.1,595.8,5.0,0
101717,2024-09-28,Asia Pacific,Australia,Web,Electronics,4K Monitor,4,164.33,0.0,657.32,4.0,0
101718,2024-09-28,North America,Mexico,Web,Fashion,Running Shoes,2,55.58,0.15,94.49,3.0,0
101719,2024-09-28,Europe,Spain,Web,Electronics,Smartwatch,1,392.06,0.2,313.65,,0
101720,2024-09-29,North America,Canada,Web,Home & Kitchen,Air Fryer,4,158.24,0.0,632.96,3.0,0
101721,2024-09-29,Latin America,Chile,Marketplace,Electronics,Smartwatch,1,358.42,0.05,340.5,,0
101722,2024-09-29,Europe,Germany,Mobile App,Sports,Dumbbell Set,1,172.69,0.0,172.69,4.0,0
101723,2024-09-29,Europe,Spain,Mobile App,Sports,Yoga Mat,2,112.9,0.1,203.22,,0
101724,2024-09-29,North America,Mexico,Mobile App,Home & Kitchen,Linen Bedding,4,169.78,0.0,679.12,3.0,0
101725,2024-09-30,Latin America,Chile,Web,Fashion,Sunglasses,1,187.41,0.0,187.41,5.0,0
101726,2024-09-30,North America,United States,Mobile App,Fashion,Leather Belt,1,121.57,0.2,97.26,5.0,0
101727,2024-09-30,Europe,United Kingdom,Mobile App,Electronics,Mechanical Keyboard,4,47.59,0.05,180.84,4.0,0
101728,2024-09-30,Europe,Spain,Web,Electronics,Wireless Earbuds,1,183.52,0.15,155.99,4.0,0
101729,2024-09-30,North America,Mexico,Mobile App,Sports,Trail Backpack,1,158.61,0.15,134.82,5.0,0
101730,2024-09-30,North America,Mexico,Marketplace,Home & Kitchen,Smart Lamp,2,207.79,0.0,415.58,5.0,0
101731,2024-09-30,North America,United States,Web,Electronics,4K Monitor,1,154.63,0.0,154.63,5.0,0
101732,2024-10-01,Asia Pacific,Japan,Marketplace,Electronics,Mechanical Keyboard,3,48.01,0.2,115.22,5.0,0
101733,2024-10-01,Europe,Germany,Mobile App,Fashion,Sunglasses,1,181.02,0.15,153.87,,0
101734,2024-10-01,Latin America,Chile,Marketplace,Electronics,Mechanical Keyboard,1,52.7,0.05,50.06,5.0,0
101735,2024-10-01,Europe,Germany,Web,Fashion,Running Shoes,2,57.08,0.0,114.16,5.0,0
101736,2024-10-01,Europe,Spain,Mobile App,Sports,Fitness Tracker,2,69.23,0.0,138.46,4.0,0
101737,2024-10-01,Asia Pacific,Singapore,Web,Electronics,Wireless Earbuds,3,191.86,0.0,575.58,3.0,0
101738,2024-10-01,Asia Pacific,Australia,Marketplace,Sports,Yoga Mat,1,116.94,0.0,116.94,4.0,0
101739,2024-10-01,Asia Pacific,Australia,Web,Electronics,USB-C Hub,2,352.97,0.0,705.94,5.0,0
101740,2024-10-01,Europe,Spain,Marketplace,Sports,Fitness Tracker,1,68.71,0.15,58.4,4.0,1
101741,2024-10-02,North America,Mexico,Web,Home & Kitchen,Espresso Machine,1,86.79,0.0,86.79,5.0,0
101742,2024-10-02,North America,Canada,Marketplace,Home & Kitchen,Chef Knife Set,1,187.8,0.0,187.8,4.0,0
101743,2024-10-03,Asia Pacific,Australia,Web,Home & Kitchen,Chef Knife Set,2,186.76,0.2,298.82,5.0,0
101744,2024-10-03,North America,Mexico,Web,Electronics,4K Monitor,3,160.31,0.1,432.84,5.0,0
101745,2024-10-03,North America,Mexico,Mobile App,Fashion,Denim Jacket,4,110.87,0.1,399.13,4.0,0
101746,2024-10-03,Asia Pacific,Singapore,Web,Electronics,USB-C Hub,1,363.8,0.05,345.61,3.0,0
101747,2024-10-03,North America,United States,Mobile App,Home & Kitchen,Chef Knife Set,3,186.6,0.0,559.8,,0
101748,2024-10-03,Europe,United Kingdom,Mobile App,Fashion,Sunglasses,1,161.94,0.0,161.94,5.0,0
101749,2024-10-03,Asia Pacific,Australia,Retail Partner,Sports,Cycling Helmet,2,216.3,0.0,432.6,,0
101750,2024-10-03,Europe,Spain,Retail Partner,Home & Kitchen,Linen Bedding,1,160.95,0.15,136.81,3.0,0
101751,2024-10-03,North America,United States,Retail Partner,Electronics,Wireless Earbuds,1,175.66,0.05,166.88,3.0,0
101752,2024-10-03,Europe,France,Web,Fashion,Leather Belt,2,129.17,0.1,232.51,3.0,0
101753,2024-10-03,North America,Canada,Web,Sports,Cycling Helmet,1,218.1,0.2,174.48,3.0,0
101754,2024-10-04,Asia Pacific,India,Mobile App,Electronics,Wireless Earbuds,4,181.25,0.0,725.0,5.0,0
101755,2024-10-04,North America,Mexico,Web,Beauty,Fragrance Set,2,108.84,0.0,217.68,5.0,0
101756,2024-10-04,North America,Mexico,Web,Home & Kitchen,Linen Bedding,1,165.34,0.2,132.27,5.0,0
101757,2024-10-04,Latin America,Chile,Web,Electronics,Wireless Earbuds,4,190.42,0.2,609.34,5.0,1
101758,2024-10-04,Europe,Germany,Mobile App,Sports,Trail Backpack,2,143.51,0.0,287.02,5.0,0
101759,2024-10-04,Asia Pacific,Australia,Web,Fashion,Denim Jacket,2,105.57,0.0,211.14,4.0,0
101760,2024-10-04,North America,United States,Mobile App,Home & Kitchen,Air Fryer,1,182.26,0.1,164.03,5.0,0
101761,2024-10-05,Latin America,Chile,Mobile App,Home & Kitchen,Linen Bedding,4,162.58,0.2,520.26,5.0,0
101762,2024-10-05,Latin America,Argentina,Mobile App,Fashion,Wool Sweater,2,42.75,0.05,81.22,5.0,0
101763,2024-10-05,Asia Pacific,India,Web,Beauty,Fragrance Set,4,106.72,0.2,341.5,,0
101764,2024-10-05,Europe,United Kingdom,Web,Electronics,Smartwatch,1,371.27,0.0,371.27,3.0,0
101765,2024-10-06,Asia Pacific,Australia,Mobile App,Electronics,4K Monitor,1,165.12,0.0,165.12,5.0,0
101766,2024-10-06,North America,Canada,Web,Home & Kitchen,Air Fryer,4,183.72,0.0,734.88,3.0,0
101767,2024-10-06,Europe,France,Mobile App,Fashion,Denim Jacket,4,109.68,0.05,416.78,3.0,0
101768,2024-10-06,North America,Canada,Marketplace,Sports,Dumbbell Set,2,168.24,0.0,336.48,,0
101769,2024-10-06,North America,Mexico,Marketplace,Electronics,Smartwatch,1,388.62,0.0,388.62,,0
101770,2024-10-06,Asia Pacific,Singapore,Marketplace,Beauty,Fragrance Set,4,112.97,0.05,429.29,5.0,0
101771,2024-10-06,Europe,France,Web,Fashion,Wool Sweater,2,49.15,0.0,98.3,5.0,0
101772,2024-10-06,Asia Pacific,Australia,Web,Home & Kitchen,Air Fryer,3,172.19,0.15,439.08,5.0,0
101773,2024-10-06,North America,Canada,Mobile App,Home & Kitchen,Linen Bedding,4,153.63,0.2,491.62,,0
101774,2024-10-06,North America,Mexico,Marketplace,Fashion,Sunglasses,1,188.07,0.0,188.07,,0
101775,2024-10-07,Asia Pacific,Australia,Marketplace,Fashion,Wool Sweater,4,49.2,0.05,186.96,5.0,0
101776,2024-10-07,North America,Canada,Marketplace,Fashion,Denim Jacket,3,105.06,0.15,267.9,5.0,0
101777,2024-10-07,Europe,France,Marketplace,Electronics,USB-C Hub,1,345.54,0.1,310.99,5.0,0
101778,2024-10-07,North America,Canada,Web,Sports,Yoga Mat,1,104.62,0.1,94.16,5.0,0
101779,2024-10-07,North America,Mexico,Mobile App,Electronics,Mechanical Keyboard,3,49.04,0.05,139.76,5.0,0
101780,2024-10-07,North America,United States,Marketplace,Electronics,Smartwatch,4,347.71,0.0,1390.84,,0
101781,2024-10-07,North America,United States,Retail Partner,Electronics,Mechanical Keyboard,1,48.36,0.0,48.36,4.0,0
101782,2024-10-07,Europe,France,Mobile App,Electronics,Smartwatch,4,372.46,0.05,1415.35,,0
101783,2024-10-07,North America,United States,Mobile App,Home & Kitchen,Smart Lamp,2,208.95,0.05,397.0,4.0,0
101784,2024-10-07,North America,Canada,Mobile App,Fashion,Denim Jacket,4,101.0,0.15,343.4,4.0,0
101785,2024-10-07,Europe,France,Mobile App,Fashion,Leather Belt,2,117.04,0.15,198.97,,1
101786,2024-10-07,North America,Mexico,Mobile App,Beauty,Vitamin C Serum,2,47.62,0.0,95.24,3.0,0
101787,2024-10-07,North America,Canada,Web,Home & Kitchen,Espresso Machine,2,90.23,0.0,180.46,5.0,0
101788,2024-10-07,Latin America,Argentina,Mobile App,Home & Kitchen,Espresso Machine,2,87.35,0.0,174.7,,0
101789,2024-10-08,Latin America,Argentina,Web,Sports,Cycling Helmet,2,227.7,0.0,455.4,5.0,0
101790,2024-10-08,Latin America,Chile,Marketplace,Electronics,Mechanical Keyboard,2,51.49,0.15,87.53,5.0,0
101791,2024-10-08,Latin America,Brazil,Web,Electronics,4K Monitor,4,145.64,0.1,524.3,,0
101792,2024-10-08,North America,Canada,Web,Electronics,USB-C Hub,4,362.17,0.0,1448.68,5.0,0
101793,2024-10-08,Europe,France,Web,Beauty,Hair Dryer,2,99.35,0.0,198.7,3.0,0
101794,2024-10-08,Asia Pacific,Australia,Mobile App,Home & Kitchen,Chef Knife Set,1,201.94,0.0,201.94,5.0,0
101795,2024-10-09,North America,Mexico,Mobile App,Beauty,Skincare Kit,1,113.66,0.1,102.29,,0
101796,2024-10-09,North America,United States,Web,Electronics,4K Monitor,1,166.42,0.15,141.46,5.0,0
101797,2024-10-09,North America,Mexico,Marketplace,Beauty,Lip Palette,3,105.46,0.2,253.1,5.0,0
101798,2024-10-09,Asia Pacific,Singapore,Retail Partner,Electronics,USB-C Hub,2,368.16,0.1,662.69,5.0,0
101799,2024-10-09,Asia Pacific,Singapore,Mobile App,Home & Kitchen,Air Fryer,1,168.75,0.0,168.75,4.0,0
101800,2024-10-09,Asia Pacific,Australia,Marketplace,Fashion,Leather Belt,2,125.07,0.05,237.63,5.0,0
101801,2024-10-10,Europe,France,Marketplace,Electronics,USB-C Hub,1,381.34,0.05,362.27,,0
101802,2024-10-10,Asia Pacific,Japan,Marketplace,Fashion,Wool Sweater,1,44.92,0.0,44.92,5.0,0
101803,2024-10-10,North America,United States,Mobile App,Electronics,USB-C Hub,1,366.86,0.15,311.83,,0
101804,2024-10-10,North America,United States,Mobile App,Sports,Trail Backpack,2,161.16,0.2,257.86,5.0,0
101805,2024-10-10,North America,Mexico,Marketplace,Beauty,Fragrance Set,1,99.92,0.15,84.93,,0
101806,2024-10-11,North America,Mexico,Marketplace,Beauty,Skincare Kit,1,105.91,0.05,100.61,3.0,0
101807,2024-10-11,Europe,Germany,Mobile App,Beauty,Fragrance Set,1,114.77,0.0,114.77,,0
101808,2024-10-11,Europe,Spain,Mobile App,Home & Kitchen,Linen Bedding,3,170.35,0.15,434.39,,0
101809,2024-10-11,North America,Mexico,Web,Home & Kitchen,Air Fryer,4,174.6,0.0,698.4,,0
101810,2024-10-11,Europe,Spain,Web,Electronics,Mechanical Keyboard,2,50.38,0.0,100.76,4.0,0
101811,2024-10-11,Europe,Germany,Marketplace,Fashion,Running Shoes,1,53.0,0.2,42.4,,0
101812,2024-10-11,Latin America,Brazil,Mobile App,Fashion,Running Shoes,3,55.3,0.0,165.9,5.0,1
101813,2024-10-11,Europe,Germany,Mobile App,Beauty,Hair Dryer,3,94.97,0.15,242.17,,0
101814,2024-10-11,Latin America,Chile,Web,Electronics,4K Monitor,1,155.39,0.2,124.31,4.0,0
101815,2024-10-11,North America,Canada,Marketplace,Home & Kitchen,Espresso Machine,2,87.07,0.0,174.14,,0
101816,2024-10-12,Latin America,Argentina,Web,Electronics,USB-C Hub,4,351.18,0.0,1404.72,4.0,0
101817,2024-10-12,North America,United States,Marketplace,Electronics,USB-C Hub,1,360.62,0.15,306.53,5.0,0
101818,2024-10-12,North America,Mexico,Marketplace,Electronics,4K Monitor,4,166.56,0.0,666.24,,0
101819,2024-10-12,Asia Pacific,Australia,Web,Fashion,Denim Jacket,1,97.21,0.0,97.21,5.0,0
101820,2024-10-12,Europe,Spain,Mobile App,Home & Kitchen,Chef Knife Set,1,199.81,0.0,199.81,,0
101821,2024-10-12,Europe,Spain,Web,Electronics,USB-C Hub,4,371.43,0.0,1485.72,5.0,0
101822,2024-10-13,Asia Pacific,Japan,Mobile App,Fashion,Leather Belt,2,121.09,0.1,217.96,,0
101823,2024-10-13,Asia Pacific,India,Marketplace,Electronics,Wireless Earbuds,1,184.08,0.0,184.08,5.0,0
101824,2024-10-13,Asia Pacific,India,Mobile App,Electronics,4K Monitor,2,168.35,0.0,336.7,,1
101825,2024-10-13,North America,United States,Mobile App,Home & Kitchen,Air Fryer,1,162.8,0.0,162.8,5.0,0
101826,2024-10-13,North America,United States,Web,Home & Kitchen,Air Fryer,2,183.02,0.0,366.04,4.0,0
101827,2024-10-13,Asia Pacific,Japan,Mobile App,Sports,Fitness Tracker,3,69.81,0.0,209.43,3.0,0
101828,2024-10-13,Latin America,Chile,Mobile App,Electronics,4K Monitor,1,145.69,0.2,116.55,4.0,0
101829,2024-10-13,Asia Pacific,Japan,Retail Partner,Electronics,USB-C Hub,2,361.44,0.0,722.88,,0
101830,2024-10-14,North America,Mexico,Web,Sports,Fitness Tracker,1,70.51,0.15,59.93,,0
101831,2024-10-14,Latin America,Argentina,Marketplace,Beauty,Skincare Kit,3,113.42,0.0,340.26,,0
101832,2024-10-14,Asia Pacific,Japan,Web,Fashion,Running Shoes,1,55.9,0.05,53.1,,0
101833,2024-10-14,Asia Pacific,Japan,Web,Fashion,Running Shoes,1,53.23,0.0,53.23,4.0,0
101834,2024-10-14,Asia Pacific,India,Web,Fashion,Leather Belt,1,120.96,0.0,120.96,5.0,0
101835,2024-10-14,Asia Pacific,India,Mobile App,Sports,Yoga Mat,1,118.25,0.0,118.25,4.0,0
101836,2024-10-14,North America,United States,Mobile App,Home & Kitchen,Smart Lamp,1,204.07,0.15,173.46,5.0,0
101837,2024-10-14,Latin America,Chile,Marketplace,Home & Kitchen,Smart Lamp,3,186.47,0.2,447.53,5.0,0
101838,2024-10-15,Asia Pacific,Australia,Mobile App,Beauty,Fragrance Set,1,104.57,0.2,83.66,5.0,0
101839,2024-10-15,North America,Mexico,Mobile App,Fashion,Leather Belt,1,125.23,0.0,125.23,3.0,1
101840,2024-10-15,Asia Pacific,Japan,Web,Electronics,Mechanical Keyboard,1,54.0,0.0,54.0,3.0,0
101841,2024-10-15,North America,Canada,Mobile App,Fashion,Running Shoes,1,58.7,0.0,58.7,3.0,0
101842,2024-10-16,Europe,Germany,Web,Beauty,Fragrance Set,2,102.75,0.0,205.5,5.0,0
101843,2024-10-16,North America,Canada,Web,Beauty,Skincare Kit,2,109.19,0.0,218.38,4.0,0
101844,2024-10-16,Asia Pacific,Japan,Web,Electronics,Mechanical Keyboard,1,49.24,0.05,46.78,,0
101845,2024-10-16,North America,Canada,Mobile App,Home & Kitchen,Espresso Machine,2,90.71,0.2,145.14,5.0,1
101846,2024-10-16,Europe,France,Retail Partner,Electronics,USB-C Hub,4,392.36,0.05,1490.97,5.0,0
101847,2024-10-16,Europe,Germany,Retail Partner,Sports,Trail Backpack,3,157.71,0.0,473.13,4.0,0
101848,2024-10-16,Europe,Spain,Marketplace,Electronics,Wireless Earbuds,3,175.27,0.0,525.81,5.0,0
101849,2024-10-16,North America,Canada,Mobile App,Sports,Yoga Mat,1,104.98,0.0,104.98,,0
101850,2024-10-17,Europe,Spain,Mobile App,Home & Kitchen,Smart Lamp,1,184.73,0.0,184.73,5.0,0
101851,2024-10-17,North America,Mexico,Mobile App,Fashion,Wool Sweater,1,45.67,0.0,45.67,5.0,0
101852,2024-10-17,Asia Pacific,Australia,Marketplace,Beauty,Lip Palette,1,118.11,0.15,100.39,3.0,0
101853,2024-10-17,Asia Pacific,India,Web,Electronics,Wireless Earbuds,4,188.29,0.2,602.53,3.0,0
101854,2024-10-17,North America,Canada,Retail Partner,Electronics,Mechanical Keyboard,3,51.6,0.15,131.58,,0
101855,2024-10-17,North America,United States,Mobile App,Beauty,Vitamin C Serum,2,43.25,0.0,86.5,5.0,0
101856,2024-10-17,Latin America,Brazil,Web,Sports,Fitness Tracker,2,73.4,0.2,117.44,,0
101857,2024-10-18,North America,Mexico,Mobile App,Home & Kitchen,Linen Bedding,2,158.81,0.0,317.62,5.0,0
101858,2024-10-18,Asia Pacific,Australia,Mobile App,Home & Kitchen,Air Fryer,4,173.92,0.2,556.54,5.0,0
101859,2024-10-18,Asia Pacific,Australia,Marketplace,Fashion,Leather Belt,1,132.34,0.0,132.34,5.0,0
101860,2024-10-18,Europe,Spain,Marketplace,Sports,Fitness Tracker,2,75.95,0.05,144.31,5.0,0
101861,2024-10-18,Europe,France,Web,Electronics,Wireless Earbuds,2,175.24,0.0,350.48,4.0,1
101862,2024-10-18,North America,Mexico,Web,Beauty,Vitamin C Serum,1,43.63,0.0,43.63,4.0,0
101863,2024-10-18,Asia Pacific,Australia,Web,Home & Kitchen,Chef Knife Set,1,175.72,0.2,140.58,,0
101864,2024-10-19,Europe,United Kingdom,Marketplace,Electronics,Wireless Earbuds,2,185.32,0.0,370.64,,0
101865,2024-10-19,Europe,France,Marketplace,Beauty,Lip Palette,1,111.41,0.1,100.27,3.0,0
101866,2024-10-19,North America,United States,Mobile App,Electronics,4K Monitor,2,163.35,0.0,326.7,,0
101867,2024-10-19,Europe,Germany,Mobile App,Beauty,Skincare Kit,1,122.64,0.0,122.64,,0
101868,2024-10-19,North America,Mexico,Mobile App,Fashion,Running Shoes,1,54.77,0.1,49.29,5.0,0
101869,2024-10-19,North America,Canada,Marketplace,Home & Kitchen,Chef Knife Set,3,198.86,0.0,596.58,5.0,0
101870,2024-10-19,Europe,Spain,Web,Fashion,Leather Belt,2,135.7,0.0,271.4,3.0,0
101871,2024-10-19,Europe,Germany,Web,Home & Kitchen,Espresso Machine,1,79.01,0.1,71.11,4.0,0
101872,2024-10-19,Europe,France,Mobile App,Sports,Yoga Mat,1,119.53,0.2,95.62,,0
101873,2024-10-19,Europe,Germany,Web,Electronics,USB-C Hub,1,381.41,0.0,381.41,3.0,0
101874,2024-10-19,Europe,Spain,Web,Fashion,Wool Sweater,4,43.98,0.05,167.12,5.0,1
101875,2024-10-20,Asia Pacific,Singapore,Marketplace,Home & Kitchen,Smart Lamp,2,211.34,0.2,338.14,,0
101876,2024-10-20,Europe,France,Retail Partner,Electronics,Wireless Earbuds,3,179.22,0.0,537.66,4.0,0
101877,2024-10-20,Asia Pacific,India,Mobile App,Electronics,Mechanical Keyboard,3,51.41,0.0,154.23,3.0,0
101878,2024-10-20,Asia Pacific,Singapore,Web,Electronics,4K Monitor,3,152.33,0.15,388.44,3.0,0
101879,2024-10-20,North America,Canada,Marketplace,Beauty,Hair Dryer,1,103.29,0.2,82.63,5.0,0
101880,2024-10-20,Asia Pacific,Japan,Mobile App,Electronics,USB-C Hub,4,364.83,0.0,1459.32,,0
101881,2024-10-20,North America,United States,Mobile App,Fashion,Leather Belt,3,125.3,0.1,338.31,,0
101882,2024-10-20,North America,Canada,Marketplace,Fashion,Leather Belt,3,134.03,0.2,321.67,5.0,0
101883,2024-10-20,Europe,Germany,Mobile App,Beauty,Fragrance Set,1,103.51,0.05,98.33,4.0,0
101884,2024-10-20,North America,United States,Mobile App,Sports,Cycling Helmet,3,207.93,0.0,623.79,5.0,0
101885,2024-10-21,Asia Pacific,Singapore,Web,Beauty,Lip Palette,3,102.68,0.1,277.24,,0
101886,2024-10-21,North America,Canada,Mobile App,Sports,Yoga Mat,2,115.84,0.15,196.93,5.0,0
101887,2024-10-21,Latin America,Chile,Web,Fashion,Leather Belt,2,127.3,0.2,203.68,5.0,0
101888,2024-10-21,Asia Pacific,Japan,Retail Partner,Sports,Fitness Tracker,1,72.31,0.0,72.31,,0
101889,2024-10-22,North America,Canada,Mobile App,Beauty,Hair Dryer,2,95.52,0.2,152.83,4.0,0
101890,2024-10-22,North America,Mexico,Mobile App,Electronics,Smartwatch,1,364.83,0.05,346.59,4.0,0
101891,2024-10-22,Asia Pacific,Australia,Web,Home & Kitchen,Linen Bedding,4,165.23,0.15,561.78,5.0,0
101892,2024-10-22,Asia Pacific,Australia,Web,Fashion,Sunglasses,4,174.82,0.0,699.28,4.0,0
101893,2024-10-22,Asia Pacific,Japan,Web,Electronics,4K Monitor,1,158.17,0.15,134.44,,0
101894,2024-10-22,North America,Canada,Web,Electronics,Smartwatch,1,371.65,0.15,315.9,3.0,0
101895,2024-10-22,Asia Pacific,Australia,Web,Sports,Trail Backpack,1,148.27,0.0,148.27,5.0,0
101896,2024-10-22,North America,United States,Mobile App,Home & Kitchen,Smart Lamp,1,189.66,0.0,189.66,4.0,0
101897,2024-10-23,Europe,United Kingdom,Marketplace,Fashion,Denim Jacket,2,101.34,0.05,192.55,5.0,0
101898,2024-10-23,Europe,Spain,Marketplace,Beauty,Vitamin C Serum,3,45.36,0.15,115.67,,0
101899,2024-10-23,Asia Pacific,Japan,Mobile App,Electronics,Smartwatch,1,392.87,0.0,392.87,,0
101900,2024-10-23,Latin America,Brazil,Marketplace,Sports,Trail Backpack,4,153.61,0.1,553.0,5.0,0
101901,2024-10-23,Asia Pacific,Singapore,Marketplace,Electronics,Smartwatch,1,389.0,0.0,389.0,4.0,0
101902,2024-10-23,Europe,United Kingdom,Mobile App,Beauty,Fragrance Set,2,115.32,0.0,230.64,4.0,0
101903,2024-10-23,North America,Mexico,Mobile App,Beauty,Skincare Kit,1,119.54,0.1,107.59,5.0,0
101904,2024-10-23,North America,Mexico,Marketplace,Electronics,USB-C Hub,2,364.47,0.2,583.15,,0
101905,2024-10-24,North America,Mexico,Marketplace,Sports,Fitness Tracker,2,68.31,0.15,116.13,,0
101906,2024-10-24,North America,Canada,Mobile App,Electronics,Wireless Earbuds,1,184.52,0.1,166.07,5.0,0
101907,2024-10-24,Europe,United Kingdom,Web,Electronics,USB-C Hub,1,364.77,0.0,364.77,,0
101908,2024-10-24,North America,Canada,Mobile App,Sports,Fitness Tracker,1,73.06,0.0,73.06,4.0,0
101909,2024-10-24,North America,Mexico,Web,Fashion,Sunglasses,1,167.91,0.15,142.72,,1
101910,2024-10-24,Europe,France,Web,Fashion,Sunglasses,2,175.89,0.05,334.19,5.0,0
101911,2024-10-25,North America,Mexico,Web,Home & Kitchen,Smart Lamp,1,208.74,0.15,177.43,,0
101912,2024-10-25,North America,Canada,Retail Partner,Fashion,Sunglasses,3,177.74,0.2,426.58,,1
101913,2024-10-25,Europe,Germany,Web,Fashion,Running Shoes,1,52.88,0.0,52.88,4.0,0
101914,2024-10-25,Asia Pacific,India,Web,Home & Kitchen,Air Fryer,2,178.98,0.0,357.96,,0
101915,2024-10-25,Asia Pacific,Japan,Web,Home & Kitchen,Linen Bedding,1,170.19,0.0,170.19,,0
101916,2024-10-25,North America,United States,Web,Fashion,Denim Jacket,1,97.89,0.1,88.1,5.0,0
101917,2024-10-26,Europe,Germany,Web,Home & Kitchen,Air Fryer,2,170.85,0.0,341.7,,0
101918,2024-10-26,Latin America,Brazil,Mobile App,Fashion,Running Shoes,2,57.02,0.2,91.23,5.0,0
101919,2024-10-26,North America,United States,Marketplace,Electronics,USB-C Hub,2,365.58,0.0,731.16,5.0,0
101920,2024-10-26,Europe,France,Web,Sports,Yoga Mat,1,120.16,0.0,120.16,4.0,0
101921,2024-10-26,Europe,Germany,Mobile App,Beauty,Skincare Kit,4,120.32,0.0,481.28,4.0,0
101922,2024-10-26,North America,United States,Marketplace,Sports,Fitness Tracker,1,71.4,0.05,67.83,,0
101923,2024-10-26,Latin America,Brazil,Mobile App,Electronics,Wireless Earbuds,3,187.46,0.0,562.38,,0
101924,2024-10-26,Asia Pacific,Singapore,Web,Electronics,Smartwatch,2,395.62,0.1,712.12,,0
101925,2024-10-26,Europe,Germany,Web,Electronics,Mechanical Keyboard,4,52.79,0.15,179.49,,0
101926,2024-10-27,Asia Pacific,Singapore,Marketplace,Electronics,USB-C Hub,3,376.07,0.2,902.57,4.0,0
101927,2024-10-27,Asia Pacific,Australia,Web,Beauty,Vitamin C Serum,3,42.28,0.0,126.84,5.0,0
101928,2024-10-27,Europe,United Kingdom,Web,Electronics,Smartwatch,4,386.85,0.1,1392.66,5.0,0
101929,2024-10-27,North America,Mexico,Web,Electronics,4K Monitor,1,167.59,0.15,142.45,3.0,0
101930,2024-10-27,North America,Mexico,Mobile App,Beauty,Skincare Kit,3,113.9,0.2,273.36,5.0,0
101931,2024-10-27,Europe,France,Marketplace,Home & Kitchen,Espresso Machine,2,81.88,0.2,131.01,3.0,0
101932,2024-10-27,Europe,Germany,Web,Sports,Cycling Helmet,1,202.6,0.0,202.6,3.0,0
101933,2024-10-28,North America,Canada,Web,Sports,Cycling Helmet,4,214.19,0.0,856.76,4.0,0
101934,2024-10-28,Asia Pacific,Australia,Marketplace,Home & Kitchen,Espresso Machine,4,86.08,0.0,344.32,,0
101935,2024-10-28,Asia Pacific,Singapore,Web,Electronics,Smartwatch,3,371.02,0.15,946.1,5.0,0
101936,2024-10-29,North America,United States,Web,Electronics,Smartwatch,1,353.34,0.1,318.01,3.0,0
101937,2024-10-29,Europe,United Kingdom,Web,Electronics,Wireless Earbuds,4,174.88,0.0,699.52,5.0,0
101938,2024-10-29,North America,United States,Web,Sports,Cycling Helmet,2,200.69,0.15,341.17,,0
101939,2024-10-29,North America,Canada,Web,Sports,Yoga Mat,1,116.15,0.2,92.92,,0
101940,2024-10-29,North America,Canada,Web,Electronics,USB-C Hub,1,375.45,0.0,375.45,,0
101941,2024-10-29,Asia Pacific,India,Retail Partner,Fashion,Running Shoes,2,51.9,0.15,88.23,,0
101942,2024-10-29,Asia Pacific,Singapore,Marketplace,Electronics,Wireless Earbuds,3,177.88,0.0,533.64,,0
101943,2024-10-29,Europe,Spain,Web,Electronics,Wireless Earbuds,4,169.84,0.15,577.46,,0
101944,2024-10-29,North America,Canada,Web,Electronics,4K Monitor,1,145.41,0.0,145.41,,0
101945,2024-10-29,Europe,Spain,Mobile App,Electronics,Smartwatch,1,384.14,0.2,307.31,5.0,0
101946,2024-10-29,North America,Canada,Web,Electronics,Smartwatch,2,370.41,0.0,740.82,,0
101947,2024-10-29,North America,Mexico,Mobile App,Electronics,Mechanical Keyboard,4,47.5,0.05,180.5,5.0,0
101948,2024-10-30,Europe,France,Web,Beauty,Skincare Kit,2,120.23,0.0,240.46,,0
101949,2024-10-30,Europe,Spain,Mobile App,Sports,Fitness Tracker,1,75.84,0.2,60.67,,0
101950,2024-10-30,North America,United States,Web,Home & Kitchen,Smart Lamp,1,190.57,0.0,190.57,5.0,0
101951,2024-10-30,Asia Pacific,Singapore,Mobile App,Electronics,Smartwatch,4,397.38,0.05,1510.04,5.0,0
101952,2024-10-30,Asia Pacific,India,Mobile App,Beauty,Skincare Kit,1,105.18,0.0,105.18,,0
101953,2024-10-30,Asia Pacific,Japan,Web,Electronics,Wireless Earbuds,4,189.83,0.0,759.32,5.0,0
101954,2024-10-31,North America,Canada,Retail Partner,Home & Kitchen,Espresso Machine,1,89.54,0.0,89.54,5.0,0
101955,2024-10-31,Europe,France,Marketplace,Sports,Dumbbell Set,2,183.45,0.0,366.9,5.0,0
101956,2024-10-31,Asia Pacific,Singapore,Retail Partner,Beauty,Hair Dryer,1,94.18,0.0,94.18,5.0,0
101957,2024-10-31,North America,Canada,Mobile App,Fashion,Running Shoes,2,57.09,0.05,108.47,4.0,0
101958,2024-10-31,Europe,France,Web,Home & Kitchen,Chef Knife Set,1,179.07,0.0,179.07,5.0,0
101959,2024-10-31,Asia Pacific,Australia,Web,Sports,Fitness Tracker,1,77.53,0.1,69.78,5.0,0
101960,2024-10-31,Europe,Spain,Mobile App,Sports,Dumbbell Set,1,170.14,0.0,170.14,5.0,0
101961,2024-10-31,North America,Mexico,Web,Electronics,USB-C Hub,1,376.08,0.0,376.08,4.0,0
101962,2024-10-31,North America,Mexico,Web,Electronics,USB-C Hub,1,363.52,0.2,290.82,5.0,0
101963,2024-10-31,Europe,Germany,Retail Partner,Fashion,Leather Belt,2,121.93,0.15,207.28,,0
101964,2024-11-01,North America,United States,Mobile App,Fashion,Sunglasses,3,184.24,0.2,442.18,,0
101965,2024-11-01,Europe,France,Mobile App,Electronics,4K Monitor,3,164.57,0.0,493.71,5.0,0
101966,2024-11-01,Asia Pacific,India,Mobile App,Home & Kitchen,Linen Bedding,2,164.78,0.0,329.56,4.0,0
101967,2024-11-01,Asia Pacific,Singapore,Web,Beauty,Vitamin C Serum,3,43.05,0.2,103.32,,0
101968,2024-11-01,Europe,Germany,Marketplace,Fashion,Denim Jacket,1,100.17,0.15,85.14,5.0,0
101969,2024-11-01,Asia Pacific,Japan,Mobile App,Beauty,Lip Palette,4,108.2,0.05,411.16,,0
101970,2024-11-01,Europe,United Kingdom,Mobile App,Electronics,Mechanical Keyboard,1,47.1,0.2,37.68,5.0,0
101971,2024-11-01,North America,United States,Web,Electronics,USB-C Hub,3,385.73,0.1,1041.47,4.0,0
101972,2024-11-01,North America,Mexico,Retail Partner,Electronics,Wireless Earbuds,1,190.78,0.0,190.78,3.0,0
101973,2024-11-01,Asia Pacific,Singapore,Web,Home & Kitchen,Air Fryer,1,160.66,0.15,136.56,,0
101974,2024-11-01,North America,United States,Mobile App,Electronics,Wireless Earbuds,4,177.62,0.1,639.43,5.0,0
101975,2024-11-01,North America,Mexico,Mobile App,Home & Kitchen,Chef Knife Set,2,199.29,0.0,398.58,,0
101976,2024-11-01,Asia Pacific,India,Marketplace,Fashion,Sunglasses,2,181.39,0.15,308.36,3.0,0
101977,2024-11-01,Europe,Germany,Mobile App,Beauty,Vitamin C Serum,2,46.26,0.0,92.52,,0
101978,2024-11-02,Europe,Germany,Mobile App,Beauty,Hair Dryer,1,101.77,0.15,86.5,5.0,0
101979,2024-11-02,Europe,Spain,Mobile App,Home & Kitchen,Chef Knife Set,1,196.11,0.0,196.11,,0
101980,2024-11-02,Europe,France,Mobile App,Electronics,Mechanical Keyboard,1,54.74,0.15,46.53,5.0,0
101981,2024-11-02,Asia Pacific,India,Web,Electronics,Mechanical Keyboard,1,52.97,0.15,45.02,4.0,0
101982,2024-11-02,Latin America,Argentina,Mobile App,Electronics,4K Monitor,1,163.6,0.0,163.6,,0
101983,2024-11-02,North America,Mexico,Marketplace,Beauty,Skincare Kit,4,109.69,0.1,394.88,5.0,0
101984,2024-11-02,Europe,United Kingdom,Web,Beauty,Vitamin C Serum,2,43.64,0.2,69.82,5.0,0
101985,2024-11-02,Europe,Spain,Web,Home & Kitchen,Linen Bedding,1,148.87,0.0,148.87,4.0,0
101986,2024-11-02,North America,Canada,Mobile App,Home & Kitchen,Smart Lamp,4,187.86,0.15,638.72,4.0,1
101987,2024-11-02,Asia Pacific,Singapore,Web,Beauty,Lip Palette,4,101.92,0.1,366.91,5.0,0
101988,2024-11-02,North America,Canada,Web,Fashion,Denim Jacket,1,104.82,0.05,99.58,5.0,0
101989,2024-11-02,Europe,Germany,Mobile App,Electronics,Smartwatch,2,393.86,0.15,669.56,5.0,0
101990,2024-11-03,Latin America,Argentina,Web,Electronics,USB-C Hub,3,347.82,0.05,991.29,4.0,0
101991,2024-11-03,Asia Pacific,India,Web,Sports,Yoga Mat,2,116.78,0.1,210.2,4.0,0
101992,2024-11-03,North America,United States,Web,Electronics,Mechanical Keyboard,4,46.82,0.0,187.28,4.0,0
101993,2024-11-03,North America,Mexico,Web,Fashion,Leather Belt,1,133.26,0.0,133.26,5.0,0
101994,2024-11-03,Europe,Spain,Retail Partner,Home & Kitchen,Air Fryer,1,179.87,0.05,170.88,5.0,0
101995,2024-11-03,North America,Mexico,Mobile App,Electronics,USB-C Hub,3,349.19,0.05,995.19,4.0,0
101996,2024-11-03,Europe,United Kingdom,Mobile App,Beauty,Hair Dryer,4,95.25,0.15,323.85,4.0,0
101997,2024-11-03,Europe,United Kingdom,Mobile App,Electronics,USB-C Hub,3,386.65,0.2,927.96,4.0,0
101998,2024-11-03,North America,Mexico,Mobile App,Electronics,4K Monitor,3,151.32,0.0,453.96,5.0,0
101999,2024-11-03,North America,Mexico,Mobile App,Home & Kitchen,Linen Bedding,2,157.79,0.05,299.8,5.0,0
102000,2024-11-03,Europe,France,Mobile App,Beauty,Vitamin C Serum,2,46.3,0.0,92.6,5.0,0
102001,2024-11-03,North America,United States,Mobile App,Electronics,4K Monitor,1,167.15,0.0,167.15,4.0,0
102002,2024-11-03,North America,United States,Retail Partner,Fashion,Sunglasses,1,163.01,0.1,146.71,,0
102003,2024-11-03,Europe,France,Mobile App,Fashion,Leather Belt,2,129.97,0.0,259.94,5.0,0
102004,2024-11-03,Europe,France,Web,Home & Kitchen,Linen Bedding,1,169.87,0.0,169.87,5.0,0
102005,2024-11-03,Latin America,Brazil,Web,Sports,Dumbbell Set,4,172.39,0.1,620.6,,1
102006,2024-11-03,Latin America,Argentina,Retail Partner,Electronics,Mechanical Keyboard,1,50.66,0.15,43.06,4.0,0
102007,2024-11-03,Asia Pacific,Japan,Mobile App,Home & Kitchen,Chef Knife Set,2,178.65,0.15,303.7,,0
102008,2024-11-03,Europe,France,Marketplace,Home & Kitchen,Air Fryer,1,180.6,0.0,180.6,5.0,0
102009,2024-11-04,Latin America,Argentina,Mobile App,Home & Kitchen,Chef Knife Set,2,196.82,0.05,373.96,,0
102010,2024-11-04,North America,United States,Mobile App,Electronics,4K Monitor,1,157.07,0.1,141.36,,0
102011,2024-11-04,North America,United States,Mobile App,Electronics,USB-C Hub,4,392.47,0.0,1569.88,5.0,0
102012,2024-11-04,Asia Pacific,Singapore,Web,Fashion,Running Shoes,1,55.68,0.0,55.68,,0
102013,2024-11-04,Europe,United Kingdom,Web,Beauty,Fragrance Set,1,103.41,0.15,87.9,5.0,0
102014,2024-11-04,North America,Mexico,Marketplace,Home & Kitchen,Chef Knife Set,1,198.85,0.05,188.91,5.0,0
102015,2024-11-04,North America,Mexico,Mobile App,Sports,Trail Backpack,2,156.12,0.1,281.02,5.0,0
102016,2024-11-04,Asia Pacific,Singapore,Web,Home & Kitchen,Air Fryer,2,166.33,0.05,316.03,5.0,0
102017,2024-11-04,Europe,Germany,Marketplace,Beauty,Vitamin C Serum,4,41.75,0.0,167.0,,1
102018,2024-11-04,Asia Pacific,India,Mobile App,Fashion,Running Shoes,2,53.2,0.05,101.08,5.0,0
102019,2024-11-04,North America,Mexico,Mobile App,Fashion,Leather Belt,2,128.07,0.05,243.33,5.0,0
102020,2024-11-04,Asia Pacific,Australia,Retail Partner,Electronics,4K Monitor,1,165.13,0.0,165.13,5.0,1
102021,2024-11-05,Europe,Germany,Marketplace,Home & Kitchen,Chef Knife Set,2,193.87,0.1,348.97,5.0,0
102022,2024-11-05,Asia Pacific,Japan,Retail Partner,Beauty,Fragrance Set,1,105.52,0.1,94.97,3.0,0
102023,2024-11-05,North America,Canada,Web,Sports,Fitness Tracker,2,69.58,0.05,132.2,,0
102024,2024-11-05,Europe,France,Mobile App,Home & Kitchen,Chef Knife Set,2,175.47,0.1,315.85,4.0,0
102025,2024-11-05,North America,Canada,Marketplace,Electronics,Smartwatch,1,368.68,0.2,294.94,3.0,0
102026,2024-11-05,North America,Canada,Web,Fashion,Running Shoes,1,53.73,0.05,51.04,,0
102027,2024-11-05,North America,United States,Web,Beauty,Fragrance Set,4,115.36,0.0,461.44,4.0,0
102028,2024-11-05,North America,Canada,Web,Fashion,Running Shoes,1,55.68,0.0,55.68,5.0,1
102029,2024-11-05,Europe,France,Web,Beauty,Lip Palette,3,110.16,0.0,330.48,,0
102030,2024-11-05,North America,United States,Mobile App,Electronics,USB-C Hub,1,337.62,0.05,320.74,4.0,0
102031,2024-11-05,Asia Pacific,India,Marketplace,Fashion,Leather Belt,3,133.89,0.05,381.59,5.0,0
102032,2024-11-05,Latin America,Brazil,Web,Beauty,Vitamin C Serum,1,43.99,0.05,41.79,4.0,0
102033,2024-11-06,Europe,France,Web,Fashion,Denim Jacket,1,105.4,0.15,89.59,4.0,0
102034,2024-11-06,North America,Mexico,Web,Electronics,Smartwatch,4,376.64,0.0,1506.56,,0
102035,2024-11-06,Latin America,Chile,Web,Fashion,Running Shoes,1,56.6,0.2,45.28,,0
102036,2024-11-06,Asia Pacific,Australia,Marketplace,Home & Kitchen,Smart Lamp,2,191.98,0.0,383.96,5.0,0
102037,2024-11-06,Asia Pacific,Australia,Web,Home & Kitchen,Espresso Machine,1,88.64,0.0,88.64,,0
102038,2024-11-06,Europe,Germany,Web,Beauty,Hair Dryer,4,95.66,0.1,344.38,4.0,0
102039,2024-11-06,Europe,Germany,Web,Electronics,USB-C Hub,1,345.18,0.1,310.66,3.0,0
102040,2024-11-06,North America,Mexico,Mobile App,Fashion,Leather Belt,1,125.89,0.2,100.71,,0
102041,2024-11-06,North America,United States,Retail Partner,Beauty,Skincare Kit,2,106.82,0.0,213.64,3.0,0
102042,2024-11-06,North America,United States,Mobile App,Home & Kitchen,Linen Bedding,2,158.01,0.15,268.62,4.0,0
102043,2024-11-06,North America,Mexico,Marketplace,Beauty,Vitamin C Serum,4,44.08,0.05,167.5,5.0,0
102044,2024-11-06,Asia Pacific,Japan,Mobile App,Home & Kitchen,Air Fryer,1,160.21,0.0,160.21,5.0,0
102045,2024-11-06,North America,Canada,Marketplace,Fashion,Wool Sweater,1,45.53,0.0,45.53,5.0,0
102046,2024-11-06,Asia Pacific,India,Mobile App,Home & Kitchen,Linen Bedding,2,170.52,0.2,272.83,,0
102047,2024-11-06,North America,Canada,Retail Partner,Home & Kitchen,Linen Bedding,3,147.67,0.0,443.01,5.0,0
102048,2024-11-07,North America,Canada,Marketplace,Beauty,Skincare Kit,1,111.91,0.05,106.31,3.0,0
102049,2024-11-07,Europe,Germany,Marketplace,Fashion,Sunglasses,2,165.34,0.15,281.08,,0
102050,2024-11-07,North America,United States,Web,Electronics,4K Monitor,2,146.32,0.0,292.64,5.0,0
102051,2024-11-07,North America,United States,Retail Partner,Sports,Dumbbell Set,1,185.9,0.2,148.72,4.0,0
102052,2024-11-07,North America,Mexico,Web,Beauty,Vitamin C Serum,4,43.13,0.0,172.52,,0
102053,2024-11-07,Europe,France,Mobile App,Beauty,Skincare Kit,1,117.0,0.0,117.0,,0
102054,2024-11-07,Europe,France,Marketplace,Electronics,4K Monitor,3,159.13,0.05,453.52,,0
102055,2024-11-07,North America,Canada,Web,Beauty,Skincare Kit,3,112.43,0.2,269.83,5.0,0
102056,2024-11-07,North America,United States,Web,Electronics,Mechanical Keyboard,1,50.6,0.05,48.07,4.0,0
102057,2024-11-07,Europe,Germany,Mobile App,Home & Kitchen,Linen Bedding,2,154.72,0.0,309.44,5.0,0
102058,2024-11-07,Latin America,Brazil,Retail Partner,Home & Kitchen,Chef Knife Set,1,191.73,0.0,191.73,4.0,0
102059,2024-11-07,Asia Pacific,Japan,Web,Electronics,Wireless Earbuds,2,190.73,0.0,381.46,5.0,0
102060,2024-11-07,North America,Mexico,Web,Home & Kitchen,Chef Knife Set,2,182.79,0.2,292.46,4.0,0
102061,2024-11-07,Europe,United Kingdom,Mobile App,Beauty,Lip Palette,1,108.93,0.0,108.93,3.0,0
102062,2024-11-08,Asia Pacific,India,Mobile App,Beauty,Fragrance Set,1,116.08,0.0,116.08,5.0,0
102063,2024-11-08,Latin America,Brazil,Web,Beauty,Hair Dryer,2,103.87,0.0,207.74,4.0,0
102064,2024-11-08,North America,Mexico,Web,Electronics,Wireless Earbuds,1,172.77,0.2,138.22,,0
102065,2024-11-08,Asia Pacific,Japan,Mobile App,Sports,Fitness Tracker,1,71.35,0.0,71.35,5.0,0
102066,2024-11-08,Asia Pacific,Japan,Retail Partner,Sports,Fitness Tracker,1,75.34,0.0,75.34,3.0,0
102067,2024-11-08,Latin America,Argentina,Web,Beauty,Lip Palette,1,106.4,0.2,85.12,5.0,0
102068,2024-11-08,Asia Pacific,Singapore,Mobile App,Sports,Cycling Helmet,2,212.31,0.1,382.16,5.0,0
102069,2024-11-08,Europe,France,Marketplace,Home & Kitchen,Air Fryer,4,171.45,0.2,548.64,3.0,0
102070,2024-11-08,Asia Pacific,India,Web,Fashion,Denim Jacket,1,111.42,0.15,94.71,5.0,0
102071,2024-11-08,North America,United States,Web,Beauty,Fragrance Set,1,102.67,0.0,102.67,,0
102072,2024-11-08,North America,Canada,Web,Fashion,Denim Jacket,1,110.25,0.0,110.25,,0
102073,2024-11-08,Latin America,Brazil,Web,Sports,Trail Backpack,1,152.52,0.05,144.89,3.0,0
102074,2024-11-08,North America,Mexico,Web,Fashion,Leather Belt,1,126.98,0.15,107.93,3.0,0
102075,2024-11-08,North America,United States,Web,Home & Kitchen,Smart Lamp,1,201.84,0.0,201.84,,0
102076,2024-11-08,Latin America,Brazil,Marketplace,Home & Kitchen,Chef Knife Set,1,184.04,0.0,184.04,,0
102077,2024-11-09,North America,United States,Web,Fashion,Denim Jacket,1,105.78,0.15,89.91,5.0,0
102078,2024-11-09,Asia Pacific,India,Marketplace,Fashion,Leather Belt,1,131.81,0.0,131.81,,0
102079,2024-11-09,North America,United States,Web,Electronics,Mechanical Keyboard,1,52.33,0.0,52.33,4.0,0
102080,2024-11-09,North America,Canada,Marketplace,Fashion,Denim Jacket,1,105.5,0.15,89.67,5.0,0
102081,2024-11-09,Latin America,Chile,Web,Beauty,Fragrance Set,1,107.53,0.0,107.53,4.0,0
102082,2024-11-09,Asia Pacific,Australia,Mobile App,Fashion,Leather Belt,1,127.67,0.0,127.67,4.0,0
102083,2024-11-09,North America,United States,Web,Home & Kitchen,Linen Bedding,2,169.49,0.1,305.08,5.0,0
102084,2024-11-09,North America,Canada,Mobile App,Electronics,USB-C Hub,1,379.87,0.2,303.9,5.0,0
102085,2024-11-09,North America,Canada,Web,Home & Kitchen,Linen Bedding,2,168.05,0.2,268.88,5.0,0
102086,2024-11-09,Asia Pacific,Singapore,Web,Fashion,Wool Sweater,2,48.5,0.2,77.6,5.0,0
102087,2024-11-10,Asia Pacific,Australia,Web,Electronics,USB-C Hub,1,348.39,0.0,348.39,5.0,0
102088,2024-11-10,North America,United States,Marketplace,Electronics,4K Monitor,2,147.38,0.1,265.28,,0
102089,2024-11-10,North America,United States,Mobile App,Fashion,Denim Jacket,1,108.62,0.0,108.62,4.0,0
102090,2024-11-10,North America,Mexico,Web,Electronics,Smartwatch,3,355.52,0.0,1066.56,5.0,0
102091,2024-11-10,North America,United States,Web,Fashion,Wool Sweater,3,43.05,0.0,129.15,4.0,0
102092,2024-11-10,Latin America,Chile,Mobile App,Electronics,USB-C Hub,4,354.59,0.0,1418.36,5.0,0
102093,2024-11-10,Europe,United Kingdom,Retail Partner,Sports,Fitness Tracker,1,75.59,0.1,68.03,4.0,0
102094,2024-11-10,North America,United States,Web,Electronics,Mechanical Keyboard,1,48.36,0.15,41.11,4.0,0
102095,2024-11-10,North America,United States,Web,Home & Kitchen,Smart Lamp,3,200.37,0.2,480.89,5.0,0
102096,2024-11-11,North America,Mexico,Web,Electronics,4K Monitor,1,146.87,0.0,146.87,5.0,0
102097,2024-11-11,North America,Mexico,Mobile App,Fashion,Wool Sweater,4,41.95,0.0,167.8,5.0,0
102098,2024-11-11,Europe,Spain,Web,Beauty,Vitamin C Serum,2,46.51,0.0,93.02,,0
102099,2024-11-11,Europe,Germany,Web,Electronics,Smartwatch,1,374.7,0.05,355.96,5.0,0
102100,2024-11-11,Europe,France,Marketplace,Sports,Fitness Tracker,2,71.26,0.0,142.52,5.0,0
102101,2024-11-11,North America,Mexico,Mobile App,Sports,Trail Backpack,4,143.85,0.2,460.32,3.0,0
102102,2024-11-11,Asia Pacific,India,Mobile App,Beauty,Hair Dryer,1,103.36,0.1,93.02,5.0,0
102103,2024-11-11,Europe,United Kingdom,Mobile App,Sports,Trail Backpack,1,153.75,0.2,123.0,3.0,0
102104,2024-11-11,North America,United States,Web,Electronics,Wireless Earbuds,1,189.61,0.05,180.13,,0
102105,2024-11-11,Latin America,Chile,Mobile App,Electronics,USB-C Hub,3,346.15,0.0,1038.45,,0
102106,2024-11-12,North America,United States,Web,Home & Kitchen,Linen Bedding,2,148.08,0.0,296.16,3.0,0
102107,2024-11-12,Europe,France,Web,Electronics,4K Monitor,4,149.25,0.0,597.0,3.0,1
102108,2024-11-12,North America,Mexico,Marketplace,Fashion,Wool Sweater,2,47.86,0.0,95.72,4.0,0
102109,2024-11-12,Europe,France,Web,Fashion,Running Shoes,1,53.67,0.0,53.67,,0
102110,2024-11-12,Asia Pacific,Singapore,Marketplace,Beauty,Fragrance Set,4,103.51,0.15,351.93,5.0,0
102111,2024-11-12,North America,United States,Mobile App,Fashion,Running Shoes,1,57.65,0.05,54.77,4.0,0
102112,2024-11-12,North America,United States,Mobile App,Electronics,USB-C Hub,1,354.81,0.0,354.81,5.0,0
102113,2024-11-12,Asia Pacific,Singapore,Web,Beauty,Hair Dryer,2,94.21,0.0,188.42,5.0,0
102114,2024-11-12,North America,Canada,Web,Electronics,Wireless Earbuds,2,177.56,0.2,284.1,,1
102115,2024-11-12,Europe,Spain,Mobile App,Fashion,Wool Sweater,1,46.45,0.0,46.45,5.0,0
102116,2024-11-12,Europe,Spain,Mobile App,Sports,Cycling Helmet,2,225.5,0.15,383.35,3.0,0
102117,2024-11-12,North America,United States,Retail Partner,Fashion,Wool Sweater,1,43.52,0.1,39.17,5.0,0
102118,2024-11-12,North America,Canada,Mobile App,Electronics,Mechanical Keyboard,4,48.28,0.05,183.46,3.0,0
102119,2024-11-12,Latin America,Chile,Web,Electronics,4K Monitor,4,152.6,0.1,549.36,5.0,0
102120,2024-11-13,Europe,Germany,Web,Fashion,Leather Belt,3,128.5,0.0,385.5,5.0,0
102121,2024-11-13,Asia Pacific,Japan,Web,Fashion,Sunglasses,2,164.39,0.0,328.78,5.0,0
102122,2024-11-13,Latin America,Chile,Web,Home & Kitchen,Linen Bedding,1,161.22,0.0,161.22,3.0,0
102123,2024-11-13,North America,Canada,Retail Partner,Home & Kitchen,Air Fryer,1,182.9,0.05,173.75,,0
102124,2024-11-13,North America,United States,Marketplace,Electronics,USB-C Hub,1,339.85,0.0,339.85,5.0,0
102125,2024-11-13,North America,United States,Marketplace,Sports,Cycling Helmet,1,210.0,0.2,168.0,5.0,0
102126,2024-11-13,North America,Mexico,Mobile App,Fashion,Running Shoes,2,54.03,0.0,108.06,3.0,0
102127,2024-11-13,Asia Pacific,Singapore,Web,Home & Kitchen,Espresso Machine,2,87.8,0.0,175.6,3.0,0
102128,2024-11-13,North America,Canada,Web,Home & Kitchen,Smart Lamp,2,192.05,0.15,326.49,,0
102129,2024-11-13,North America,United States,Web,Sports,Fitness Tracker,4,68.98,0.0,275.92,,0
102130,2024-11-13,Asia Pacific,India,Web,Fashion,Leather Belt,1,124.41,0.0,124.41,4.0,0
102131,2024-11-13,North America,United States,Web,Home & Kitchen,Chef Knife Set,1,201.28,0.0,201.28,5.0,1
102132,2024-11-13,Europe,France,Web,Home & Kitchen,Linen Bedding,1,159.45,0.0,159.45,3.0,0
102133,2024-11-13,North America,Mexico,Web,Home & Kitchen,Espresso Machine,3,83.43,0.1,225.26,4.0,0
102134,2024-11-14,Europe,United Kingdom,Mobile App,Beauty,Hair Dryer,1,95.65,0.0,95.65,,0
102135,2024-11-14,North America,Canada,Marketplace,Beauty,Hair Dryer,1,97.08,0.0,97.08,3.0,0
102136,2024-11-14,North America,United States,Web,Home & Kitchen,Linen Bedding,1,146.77,0.2,117.42,4.0,0
102137,2024-11-14,North America,Mexico,Mobile App,Home & Kitchen,Air Fryer,4,173.07,0.15,588.44,5.0,0
102138,2024-11-14,North America,Canada,Web,Fashion,Sunglasses,2,168.92,0.1,304.06,4.0,0
102139,2024-11-14,Europe,United Kingdom,Mobile App,Home & Kitchen,Air Fryer,2,167.68,0.05,318.59,4.0,0
102140,2024-11-14,Latin America,Chile,Web,Sports,Yoga Mat,2,114.23,0.15,194.19,,0
102141,2024-11-14,Latin America,Chile,Marketplace,Fashion,Wool Sweater,1,47.47,0.1,42.72,4.0,0
102142,2024-11-14,North America,Mexico,Mobile App,Fashion,Denim Jacket,1,102.92,0.0,102.92,5.0,0
102143,2024-11-14,North America,United States,Mobile App,Home & Kitchen,Chef Knife Set,2,193.76,0.0,387.52,4.0,0
102144,2024-11-14,North America,Mexico,Web,Home & Kitchen,Espresso Machine,2,91.05,0.0,182.1,,0
102145,2024-11-14,Asia Pacific,Singapore,Web,Sports,Fitness Tracker,1,69.51,0.15,59.08,4.0,0
102146,2024-11-14,North America,Mexico,Mobile App,Beauty,Lip Palette,4,107.4,0.1,386.64,,0
102147,2024-11-14,Europe,Germany,Mobile App,Electronics,Smartwatch,1,387.18,0.2,309.74,4.0,0
102148,2024-11-14,Europe,Germany,Mobile App,Beauty,Fragrance Set,1,114.12,0.1,102.71,3.0,0
102149,2024-11-14,North America,United States,Web,Home & Kitchen,Chef Knife Set,2,194.72,0.15,331.02,,0
102150,2024-11-15,Asia Pacific,Australia,Web,Electronics,USB-C Hub,1,347.82,0.0,347.82,,0
102151,2024-11-15,North America,Mexico,Mobile App,Sports,Trail Backpack,1,156.83,0.0,156.83,,0
102152,2024-11-15,Asia Pacific,Australia,Mobile App,Home & Kitchen,Chef Knife Set,2,191.66,0.15,325.82,5.0,0
102153,2024-11-15,Europe,Spain,Marketplace,Electronics,4K Monitor,1,152.95,0.05,145.3,,0
102154,2024-11-15,North America,United States,Mobile App,Electronics,Smartwatch,1,390.32,0.1,351.29,5.0,0
102155,2024-11-15,Europe,Spain,Mobile App,Beauty,Skincare Kit,3,108.62,0.0,325.86,5.0,0
102156,2024-11-15,Asia Pacific,India,Mobile App,Sports,Dumbbell Set,2,171.31,0.0,342.62,4.0,0
102157,2024-11-15,North America,Canada,Web,Electronics,4K Monitor,1,151.85,0.05,144.26,5.0,0
102158,2024-11-15,Europe,Spain,Marketplace,Home & Kitchen,Smart Lamp,1,189.58,0.2,151.66,,0
102159,2024-11-15,Europe,Spain,Web,Electronics,Mechanical Keyboard,2,48.71,0.0,97.42,3.0,0
102160,2024-11-15,Europe,Germany,Mobile App,Home & Kitchen,Air Fryer,1,168.75,0.1,151.88,5.0,0
102161,2024-11-15,North America,Mexico,Web,Electronics,Wireless Earbuds,2,190.66,0.0,381.32,4.0,0
102162,2024-11-16,North America,United States,Web,Electronics,Wireless Earbuds,1,194.08,0.2,155.26,4.0,0
102163,2024-11-16,North America,Mexico,Mobile App,Electronics,Wireless Earbuds,1,172.97,0.0,172.97,4.0,0
102164,2024-11-16,Asia Pacific,Australia,Web,Electronics,Wireless Earbuds,3,172.29,0.0,516.87,,0
102165,2024-11-16,North America,Mexico,Mobile App,Fashion,Leather Belt,3,125.31,0.15,319.54,3.0,0
102166,2024-11-16,Latin America,Argentina,Web,Home & Kitchen,Smart Lamp,2,202.35,0.05,384.46,4.0,0
102167,2024-11-16,North America,Mexico,Mobile App,Beauty,Skincare Kit,1,107.97,0.0,107.97,5.0,0
102168,2024-11-16,Asia Pacific,Singapore,Web,Sports,Trail Backpack,1,153.18,0.2,122.54,4.0,0
102169,2024-11-16,North America,United States,Web,Beauty,Fragrance Set,1,108.97,0.2,87.18,5.0,1
102170,2024-11-17,Asia Pacific,India,Mobile App,Beauty,Hair Dryer,2,91.16,0.0,182.32,4.0,0
102171,2024-11-17,Latin America,Brazil,Web,Electronics,USB-C Hub,3,349.15,0.0,1047.45,,0
102172,2024-11-17,North America,United States,Marketplace,Electronics,Smartwatch,4,391.85,0.05,1489.03,3.0,0
102173,2024-11-17,Asia Pacific,Japan,Marketplace,Beauty,Lip Palette,2,116.28,0.2,186.05,,0
102174,2024-11-17,North America,United States,Web,Fashion,Wool Sweater,1,45.9,0.1,41.31,,0
102175,2024-11-17,Asia Pacific,Japan,Mobile App,Beauty,Skincare Kit,3,106.88,0.0,320.64,5.0,0
102176,2024-11-17,Europe,Spain,Mobile App,Electronics,Smartwatch,1,358.3,0.2,286.64,,0
102177,2024-11-17,Europe,Germany,Web,Home & Kitchen,Smart Lamp,1,195.68,0.0,195.68,,0
102178,2024-11-17,Latin America,Chile,Marketplace,Sports,Dumbbell Set,2,179.6,0.15,305.32,,0
102179,2024-11-17,Latin America,Chile,Web,Sports,Dumbbell Set,1,179.57,0.0,179.57,5.0,0
102180,2024-11-17,Asia Pacific,Australia,Web,Home & Kitchen,Linen Bedding,4,168.05,0.0,672.2,4.0,0
102181,2024-11-18,Latin America,Argentina,Web,Electronics,4K Monitor,2,144.92,0.0,289.84,,0
102182,2024-11-18,North America,Canada,Web,Sports,Trail Backpack,2,150.42,0.0,300.84,3.0,1
102183,2024-11-18,Asia Pacific,India,Mobile App,Fashion,Leather Belt,3,131.35,0.15,334.94,3.0,0
102184,2024-11-18,North America,United States,Mobile App,Electronics,Smartwatch,1,381.16,0.1,343.04,5.0,0
102185,2024-11-18,North America,Mexico,Web,Fashion,Denim Jacket,2,108.21,0.15,183.96,,0
102186,2024-11-18,Asia Pacific,Australia,Web,Home & Kitchen,Air Fryer,2,171.21,0.05,325.3,5.0,0
102187,2024-11-18,Europe,France,Web,Home & Kitchen,Linen Bedding,1,158.98,0.0,158.98,,0
102188,2024-11-18,Europe,Germany,Web,Beauty,Lip Palette,4,112.15,0.15,381.31,4.0,0
102189,2024-11-18,North America,Mexico,Mobile App,Fashion,Sunglasses,2,167.67,0.0,335.34,5.0,0
102190,2024-11-18,North America,United States,Web,Sports,Fitness Tracker,1,69.69,0.05,66.21,,0
102191,2024-11-18,Asia Pacific,Japan,Web,Home & Kitchen,Linen Bedding,1,161.96,0.0,161.96,,0
102192,2024-11-19,Europe,Germany,Mobile App,Fashion,Leather Belt,3,128.0,0.0,384.0,4.0,1
102193,2024-11-19,North America,United States,Marketplace,Home & Kitchen,Chef Knife Set,1,175.04,0.0,175.04,4.0,0
102194,2024-11-19,Europe,Spain,Marketplace,Sports,Cycling Helmet,2,213.77,0.0,427.54,,0
102195,2024-11-19,Europe,United Kingdom,Web,Electronics,USB-C Hub,2,350.7,0.0,701.4,3.0,0
102196,2024-11-19,North America,Canada,Marketplace,Beauty,Fragrance Set,1,109.82,0.2,87.86,,0
102197,2024-11-19,Asia Pacific,India,Retail Partner,Beauty,Vitamin C Serum,4,45.55,0.05,173.09,,0
102198,2024-11-19,Europe,United Kingdom,Web,Sports,Trail Backpack,3,153.97,0.2,369.53,5.0,0
102199,2024-11-19,Latin America,Brazil,Mobile App,Fashion,Wool Sweater,1,45.99,0.0,45.99,5.0,0
102200,2024-11-19,North America,Mexico,Web,Fashion,Denim Jacket,2,110.14,0.05,209.27,,0
102201,2024-11-19,North America,Canada,Web,Sports,Dumbbell Set,1,164.2,0.0,164.2,5.0,0
102202,2024-11-19,Europe,France,Mobile App,Beauty,Vitamin C Serum,2,42.3,0.1,76.14,3.0,0
102203,2024-11-19,North America,Canada,Web,Electronics,4K Monitor,1,160.84,0.0,160.84,,1
102204,2024-11-20,North America,Canada,Marketplace,Sports,Dumbbell Set,2,176.31,0.0,352.62,5.0,1
102205,2024-11-20,North America,United States,Web,Electronics,USB-C Hub,1,377.4,0.0,377.4,4.0,0
102206,2024-11-20,Europe,Germany,Mobile App,Fashion,Denim Jacket,2,109.84,0.15,186.73,5.0,0
102207,2024-11-20,Latin America,Brazil,Web,Beauty,Hair Dryer,1,103.93,0.05,98.73,5.0,0
102208,2024-11-20,Europe,Spain,Web,Home & Kitchen,Linen Bedding,4,166.12,0.0,664.48,,0
102209,2024-11-20,Asia Pacific,Japan,Web,Sports,Trail Backpack,1,145.46,0.0,145.46,,0
102210,2024-11-20,Asia Pacific,Australia,Marketplace,Fashion,Running Shoes,4,55.4,0.2,177.28,4.0,0
102211,2024-11-20,Asia Pacific,India,Mobile App,Electronics,USB-C Hub,3,345.99,0.0,1037.97,5.0,0
102212,2024-11-20,North America,United States,Mobile App,Fashion,Running Shoes,1,55.16,0.0,55.16,,0
102213,2024-11-21,Asia Pacific,Australia,Mobile App,Home & Kitchen,Smart Lamp,4,188.19,0.05,715.12,4.0,0
102214,2024-11-21,North America,Canada,Web,Beauty,Fragrance Set,4,113.64,0.2,363.65,4.0,0
102215,2024-11-21,Latin America,Chile,Mobile App,Home & Kitchen,Linen Bedding,2,159.8,0.0,319.6,,0
102216,2024-11-21,North America,Mexico,Web,Home & Kitchen,Air Fryer,2,177.05,0.0,354.1,,0
102217,2024-11-21,North America,Mexico,Marketplace,Home & Kitchen,Chef Knife Set,2,201.74,0.2,322.78,,0
102218,2024-11-21,Asia Pacific,Australia,Marketplace,Home & Kitchen,Chef Knife Set,1,193.39,0.15,164.38,5.0,0
102219,2024-11-22,North America,Mexico,Retail Partner,Beauty,Lip Palette,1,115.95,0.0,115.95,5.0,0
102220,2024-11-22,Asia Pacific,Australia,Web,Electronics,Mechanical Keyboard,1,49.95,0.05,47.45,5.0,0
102221,2024-11-22,Europe,United Kingdom,Web,Electronics,USB-C Hub,1,365.01,0.0,365.01,5.0,0
102222,2024-11-22,North America,Canada,Marketplace,Home & Kitchen,Chef Knife Set,2,192.81,0.0,385.62,5.0,0
102223,2024-11-22,Latin America,Chile,Web,Sports,Yoga Mat,3,105.67,0.0,317.01,3.0,0
102224,2024-11-22,Asia Pacific,India,Web,Fashion,Running Shoes,1,56.41,0.1,50.77,5.0,0
102225,2024-11-22,North America,Mexico,Web,Beauty,Skincare Kit,4,115.91,0.0,463.64,,0
102226,2024-11-22,Asia Pacific,Australia,Mobile App,Home & Kitchen,Chef Knife Set,2,181.26,0.1,326.27,3.0,0
102227,2024-11-22,North America,United States,Mobile App,Sports,Yoga Mat,2,104.07,0.0,208.14,,0
102228,2024-11-22,Europe,Spain,Mobile App,Sports,Trail Backpack,2,159.99,0.15,271.98,3.0,0
102229,2024-11-22,North America,Canada,Web,Fashion,Running Shoes,1,55.27,0.05,52.51,5.0,0
102230,2024-11-23,North America,Mexico,Mobile App,Electronics,Wireless Earbuds,4,167.89,0.2,537.25,5.0,0
102231,2024-11-23,North America,United States,Web,Home & Kitchen,Linen Bedding,1,155.73,0.1,140.16,,0
102232,2024-11-23,North America,United States,Mobile App,Home & Kitchen,Linen Bedding,2,161.08,0.2,257.73,5.0,0
102233,2024-11-23,Asia Pacific,Japan,Web,Electronics,Wireless Earbuds,2,178.85,0.0,357.7,4.0,0
102234,2024-11-23,North America,Canada,Retail Partner,Home & Kitchen,Air Fryer,3,182.67,0.0,548.01,5.0,0
102235,2024-11-23,Europe,Germany,Marketplace,Electronics,4K Monitor,1,165.73,0.2,132.58,5.0,0
102236,2024-11-23,North America,United States,Web,Fashion,Denim Jacket,3,104.99,0.1,283.47,3.0,0
102237,2024-11-23,Asia Pacific,Australia,Web,Electronics,USB-C Hub,3,385.41,0.2,924.98,,0
102238,2024-11-24,Europe,United Kingdom,Mobile App,Beauty,Hair Dryer,1,104.63,0.15,88.94,3.0,0
102239,2024-11-24,Asia Pacific,Australia,Web,Beauty,Fragrance Set,3,103.79,0.0,311.37,,0
102240,2024-11-24,Latin America,Brazil,Mobile App,Fashion,Wool Sweater,4,43.01,0.2,137.63,,0
102241,2024-11-24,Asia Pacific,Singapore,Mobile App,Electronics,Wireless Earbuds,1,189.94,0.15,161.45,4.0,0
102242,2024-11-24,Asia Pacific,Singapore,Mobile App,Beauty,Skincare Kit,1,111.84,0.1,100.66,4.0,0
102243,2024-11-24,North America,United States,Web,Electronics,4K Monitor,1,162.16,0.0,162.16,,0
102244,2024-11-24,North America,Canada,Web,Sports,Cycling Helmet,3,220.04,0.0,660.12,5.0,0
102245,2024-11-24,Europe,France,Mobile App,Fashion,Denim Jacket,3,97.03,0.0,291.09,,0
102246,2024-11-24,North America,United States,Mobile App,Fashion,Denim Jacket,2,109.85,0.1,197.73,,0
102247,2024-11-24,North America,Mexico,Marketplace,Electronics,Wireless Earbuds,2,186.34,0.0,372.68,,0
102248,2024-11-24,North America,United States,Web,Fashion,Denim Jacket,2,112.85,0.15,191.84,,0
102249,2024-11-24,Latin America,Argentina,Web,Sports,Yoga Mat,1,104.08,0.0,104.08,,0
102250,2024-11-25,Europe,United Kingdom,Mobile App,Electronics,Smartwatch,1,395.15,0.0,395.15,,0
102251,2024-11-25,North America,Canada,Web,Home & Kitchen,Chef Knife Set,1,195.08,0.0,195.08,5.0,0
102252,2024-11-25,Latin America,Brazil,Mobile App,Sports,Trail Backpack,2,163.78,0.0,327.56,,0
102253,2024-11-25,Asia Pacific,Singapore,Marketplace,Home & Kitchen,Air Fryer,1,166.62,0.0,166.62,3.0,0
102254,2024-11-25,North America,United States,Web,Electronics,Smartwatch,1,392.94,0.2,314.35,5.0,0
102255,2024-11-25,Latin America,Brazil,Marketplace,Home & Kitchen,Espresso Machine,3,83.3,0.1,224.91,,0
102256,2024-11-25,North America,Canada,Web,Home & Kitchen,Air Fryer,1,161.93,0.0,161.93,,0
102257,2024-11-25,Europe,France,Mobile App,Electronics,USB-C Hub,1,341.31,0.0,341.31,,0
102258,2024-11-25,Europe,Spain,Marketplace,Electronics,USB-C Hub,3,366.93,0.0,1100.79,,0
102259,2024-11-25,Europe,Spain,Marketplace,Electronics,4K Monitor,1,165.28,0.1,148.75,4.0,0
102260,2024-11-25,Europe,France,Marketplace,Home & Kitchen,Espresso Machine,2,81.9,0.0,163.8,5.0,0
102261,2024-11-25,North America,Mexico,Mobile App,Home & Kitchen,Air Fryer,1,160.97,0.05,152.92,4.0,0
102262,2024-11-25,Europe,Spain,Web,Sports,Trail Backpack,1,145.4,0.2,116.32,3.0,0
102263,2024-11-26,North America,United States,Web,Beauty,Lip Palette,2,116.31,0.0,232.62,,0
102264,2024-11-26,Asia Pacific,Singapore,Web,Beauty,Lip Palette,1,113.06,0.05,107.41,5.0,0
102265,2024-11-26,North America,United States,Web,Beauty,Fragrance Set,2,101.08,0.15,171.84,3.0,0
102266,2024-11-26,Europe,Germany,Mobile App,Electronics,Smartwatch,1,342.38,0.0,342.38,4.0,0
102267,2024-11-26,North America,United States,Web,Fashion,Wool Sweater,1,44.46,0.0,44.46,5.0,0
102268,2024-11-26,Europe,United Kingdom,Retail Partner,Beauty,Vitamin C Serum,1,41.45,0.0,41.45,3.0,1
102269,2024-11-26,Asia Pacific,Singapore,Mobile App,Sports,Trail Backpack,3,156.9,0.15,400.1,5.0,0
102270,2024-11-26,North America,Mexico,Mobile App,Electronics,USB-C Hub,1,336.05,0.1,302.44,3.0,0
102271,2024-11-26,Asia Pacific,Singapore,Mobile App,Electronics,Mechanical Keyboard,1,49.99,0.05,47.49,,0
102272,2024-11-26,North America,United States,Mobile App,Fashion,Sunglasses,4,166.29,0.1,598.64,5.0,1
102273,2024-11-27,North America,Canada,Marketplace,Sports,Trail Backpack,2,163.77,0.0,327.54,4.0,0
102274,2024-11-27,Europe,France,Web,Sports,Cycling Helmet,1,204.32,0.15,173.67,5.0,0
102275,2024-11-27,Europe,Germany,Web,Sports,Trail Backpack,3,155.86,0.05,444.2,3.0,0
102276,2024-11-27,North America,United States,Mobile App,Home & Kitchen,Smart Lamp,3,188.79,0.0,566.37,,0
102277,2024-11-27,Europe,Spain,Mobile App,Sports,Cycling Helmet,1,228.45,0.05,217.03,,0
102278,2024-11-27,North America,Canada,Web,Fashion,Leather Belt,1,121.21,0.2,96.97,,0
102279,2024-11-27,Asia Pacific,India,Mobile App,Fashion,Denim Jacket,2,100.37,0.2,160.59,5.0,0
102280,2024-11-27,Asia Pacific,Singapore,Marketplace,Fashion,Running Shoes,1,58.56,0.0,58.56,,0
102281,2024-11-27,Europe,Spain,Web,Home & Kitchen,Espresso Machine,2,79.75,0.1,143.55,,0
102282,2024-11-27,North America,Canada,Web,Electronics,USB-C Hub,1,373.9,0.2,299.12,5.0,0
102283,2024-11-27,Europe,Germany,Web,Fashion,Wool Sweater,2,48.99,0.0,97.98,3.0,0
102284,2024-11-27,Asia Pacific,India,Web,Electronics,Smartwatch,4,348.1,0.1,1253.16,3.0,0
102285,2024-11-27,North America,United States,Web,Home & Kitchen,Linen Bedding,1,169.53,0.0,169.53,,0
102286,2024-11-28,North America,Canada,Mobile App,Home & Kitchen,Linen Bedding,1,154.9,0.2,123.92,5.0,0
102287,2024-11-28,Asia Pacific,India,Web,Beauty,Vitamin C Serum,1,46.07,0.1,41.46,,0
102288,2024-11-28,North America,Mexico,Mobile App,Electronics,USB-C Hub,3,361.65,0.05,1030.7,5.0,0
102289,2024-11-28,North America,Canada,Web,Beauty,Fragrance Set,2,108.27,0.0,216.54,4.0,0
102290,2024-11-28,Asia Pacific,Japan,Mobile App,Home & Kitchen,Smart Lamp,1,197.94,0.2,158.35,,0
102291,2024-11-28,North America,Mexico,Marketplace,Home & Kitchen,Chef Knife Set,1,189.65,0.0,189.65,3.0,0
102292,2024-11-28,Europe,United Kingdom,Mobile App,Beauty,Skincare Kit,2,106.3,0.05,201.97,,0
102293,2024-11-28,Europe,France,Mobile App,Home & Kitchen,Chef Knife Set,1,198.24,0.15,168.5,5.0,0
102294,2024-11-28,Europe,Germany,Web,Home & Kitchen,Smart Lamp,2,209.12,0.15,355.5,4.0,0
102295,2024-11-28,Europe,Germany,Mobile App,Electronics,USB-C Hub,1,343.45,0.0,343.45,,0
102296,2024-11-28,Latin America,Brazil,Marketplace,Electronics,Smartwatch,2,387.48,0.15,658.72,,0
102297,2024-11-28,North America,Mexico,Web,Home & Kitchen,Linen Bedding,2,161.18,0.0,322.36,5.0,0
102298,2024-11-29,Europe,France,Mobile App,Electronics,4K Monitor,1,159.1,0.15,135.23,4.0,0
102299,2024-11-29,Asia Pacific,Japan,Mobile App,Electronics,USB-C Hub,1,384.65,0.0,384.65,3.0,0
102300,2024-11-29,Asia Pacific,Japan,Web,Electronics,Wireless Earbuds,3,170.95,0.2,410.28,5.0,0
102301,2024-11-29,Asia Pacific,India,Mobile App,Electronics,4K Monitor,2,165.65,0.1,298.17,,0
102302,2024-11-29,North America,Mexico,Web,Beauty,Hair Dryer,1,97.98,0.2,78.38,5.0,1
102303,2024-11-29,North America,United States,Mobile App,Fashion,Denim Jacket,1,107.2,0.0,107.2,5.0,0
102304,2024-11-29,Asia Pacific,Singapore,Web,Sports,Dumbbell Set,2,171.31,0.2,274.1,4.0,0
102305,2024-11-29,Asia Pacific,Australia,Mobile App,Fashion,Leather Belt,3,121.67,0.0,365.01,3.0,0
102306,2024-11-30,North America,United States,Marketplace,Fashion,Running Shoes,4,54.16,0.15,184.14,3.0,0
102307,2024-11-30,Asia Pacific,Australia,Web,Sports,Yoga Mat,2,115.1,0.0,230.2,,0
102308,2024-11-30,North America,United States,Retail Partner,Fashion,Running Shoes,1,54.06,0.0,54.06,5.0,0
102309,2024-11-30,Europe,France,Web,Sports,Cycling Helmet,2,224.63,0.2,359.41,4.0,0
102310,2024-11-30,Asia Pacific,Australia,Mobile App,Beauty,Fragrance Set,4,114.04,0.0,456.16,5.0,0
102311,2024-11-30,Europe,Germany,Web,Electronics,Wireless Earbuds,1,182.78,0.15,155.36,5.0,0
102312,2024-11-30,Asia Pacific,Singapore,Web,Home & Kitchen,Linen Bedding,2,161.21,0.15,274.06,,0
102313,2024-11-30,Asia Pacific,Singapore,Marketplace,Fashion,Denim Jacket,1,106.5,0.0,106.5,3.0,0
102314,2024-11-30,Europe,Spain,Web,Beauty,Vitamin C Serum,1,48.19,0.0,48.19,5.0,0
102315,2024-11-30,North America,Mexico,Mobile App,Electronics,4K Monitor,3,167.79,0.1,453.03,,0
102316,2024-11-30,Europe,Spain,Marketplace,Fashion,Sunglasses,1,168.78,0.0,168.78,5.0,0
102317,2024-11-30,North America,Mexico,Marketplace,Home & Kitchen,Linen Bedding,3,165.18,0.2,396.43,4.0,0
102318,2024-11-30,Europe,United Kingdom,Retail Partner,Electronics,Mechanical Keyboard,1,48.41,0.1,43.57,3.0,0
102319,2024-11-30,North America,United States,Retail Partner,Electronics,USB-C Hub,1,381.39,0.05,362.32,3.0,0
102320,2024-11-30,Europe,Germany,Mobile App,Electronics,4K Monitor,1,162.27,0.2,129.82,4.0,0
102321,2024-12-01,Asia Pacific,Japan,Web,Beauty,Lip Palette,4,117.89,0.0,471.56,,0
102322,2024-12-01,Europe,Germany,Retail Partner,Home & Kitchen,Air Fryer,1,183.25,0.0,183.25,5.0,0
102323,2024-12-01,Europe,Spain,Marketplace,Fashion,Denim Jacket,3,105.22,0.0,315.66,5.0,0
102324,2024-12-01,Europe,Germany,Mobile App,Electronics,USB-C Hub,2,361.1,0.0,722.2,3.0,0
102325,2024-12-01,Asia Pacific,India,Marketplace,Sports,Cycling Helmet,2,212.49,0.0,424.98,4.0,0
102326,2024-12-01,Asia Pacific,Japan,Marketplace,Sports,Cycling Helmet,1,231.24,0.15,196.55,5.0,0
102327,2024-12-01,North America,Mexico,Web,Home & Kitchen,Chef Knife Set,3,192.24,0.0,576.72,,0
102328,2024-12-01,North America,Mexico,Web,Fashion,Leather Belt,1,124.24,0.15,105.6,,0
102329,2024-12-01,North America,United States,Mobile App,Beauty,Hair Dryer,1,104.95,0.0,104.95,,0
102330,2024-12-01,Europe,France,Web,Fashion,Denim Jacket,2,102.93,0.15,174.98,,0
102331,2024-12-01,Europe,Germany,Mobile App,Electronics,USB-C Hub,1,338.26,0.05,321.35,3.0,0
102332,2024-12-02,Asia Pacific,Singapore,Retail Partner,Fashion,Denim Jacket,2,101.41,0.0,202.82,,0
102333,2024-12-02,Asia Pacific,Australia,Mobile App,Sports,Fitness Tracker,1,69.29,0.2,55.43,,0
102334,2024-12-02,North America,United States,Mobile App,Sports,Trail Backpack,3,151.01,0.0,453.03,4.0,0
102335,2024-12-02,North America,Canada,Web,Electronics,Wireless Earbuds,3,166.68,0.0,500.04,3.0,0
102336,2024-12-02,North America,Mexico,Web,Fashion,Denim Jacket,4,101.53,0.0,406.12,3.0,0
102337,2024-12-02,Europe,France,Web,Sports,Cycling Helmet,4,228.83,0.0,915.32,4.0,0
102338,2024-12-02,Europe,Germany,Web,Beauty,Fragrance Set,3,114.48,0.1,309.1,,0
102339,2024-12-02,North America,Mexico,Marketplace,Sports,Yoga Mat,2,107.75,0.0,215.5,4.0,0
102340,2024-12-03,Europe,Spain,Web,Electronics,4K Monitor,1,167.24,0.15,142.15,,0
102341,2024-12-03,North America,Mexico,Mobile App,Fashion,Running Shoes,2,53.42,0.0,106.84,4.0,0
102342,2024-12-03,North America,United States,Web,Beauty,Lip Palette,2,104.16,0.1,187.49,5.0,0
102343,2024-12-03,Europe,Germany,Mobile App,Electronics,Wireless Earbuds,1,172.72,0.15,146.81,4.0,0
102344,2024-12-03,North America,United States,Web,Electronics,Mechanical Keyboard,1,49.78,0.0,49.78,3.0,1
102345,2024-12-03,North America,Mexico,Web,Electronics,4K Monitor,3,150.92,0.0,452.76,4.0,0
102346,2024-12-03,Latin America,Chile,Mobile App,Electronics,4K Monitor,3,160.78,0.2,385.87,,0
102347,2024-12-03,North America,Canada,Mobile App,Electronics,Mechanical Keyboard,3,54.17,0.2,130.01,,0
102348,2024-12-03,North America,Canada,Mobile App,Fashion,Wool Sweater,4,45.55,0.0,182.2,5.0,0
102349,2024-12-03,Asia Pacific,Singapore,Web,Beauty,Skincare Kit,3,105.1,0.0,315.3,4.0,0
102350,2024-12-04,Europe,Germany,Mobile App,Sports,Dumbbell Set,1,183.48,0.2,146.78,4.0,0
102351,2024-12-04,North America,United States,Web,Sports,Fitness Tracker,1,74.88,0.0,74.88,,0
102352,2024-12-04,Asia Pacific,India,Web,Electronics,Mechanical Keyboard,1,50.1,0.1,45.09,5.0,0
102353,2024-12-04,Europe,France,Web,Beauty,Vitamin C Serum,1,47.71,0.05,45.32,5.0,0
102354,2024-12-04,Europe,France,Web,Electronics,4K Monitor,2,157.84,0.0,315.68,5.0,0
102355,2024-12-04,North America,Mexico,Marketplace,Beauty,Fragrance Set,4,104.74,0.1,377.06,,0
102356,2024-12-04,Asia Pacific,Singapore,Marketplace,Home & Kitchen,Air Fryer,1,160.64,0.1,144.58,4.0,0
102357,2024-12-04,Europe,United Kingdom,Web,Fashion,Leather Belt,1,133.88,0.0,133.88,5.0,0
102358,2024-12-04,Europe,Spain,Web,Home & Kitchen,Espresso Machine,4,87.99,0.0,351.96,,0
102359,2024-12-04,Latin America,Brazil,Mobile App,Home & Kitchen,Air Fryer,2,167.2,0.15,284.24,5.0,0
102360,2024-12-05,North America,United States,Mobile App,Home & Kitchen,Chef Knife Set,1,198.55,0.05,188.62,5.0,0
102361,2024-12-05,North America,United States,Retail Partner,Fashion,Leather Belt,2,132.04,0.0,264.08,,1
102362,2024-12-05,North America,Mexico,Mobile App,Home & Kitchen,Linen Bedding,4,170.35,0.0,681.4,5.0,0
102363,2024-12-05,Asia Pacific,Japan,Mobile App,Fashion,Running Shoes,1,51.39,0.05,48.82,5.0,0
102364,2024-12-05,Asia Pacific,Japan,Web,Electronics,Smartwatch,1,370.22,0.15,314.69,4.0,0
102365,2024-12-05,Europe,Spain,Web,Electronics,Smartwatch,2,392.74,0.0,785.48,,0
102366,2024-12-05,North America,United States,Retail Partner,Electronics,Mechanical Keyboard,3,50.41,0.15,128.55,,0
102367,2024-12-05,Europe,Germany,Marketplace,Electronics,USB-C Hub,1,349.82,0.15,297.35,,0
102368,2024-12-05,Europe,Spain,Web,Electronics,Mechanical Keyboard,1,54.7,0.15,46.5,4.0,0
102369,2024-12-06,North America,United States,Marketplace,Beauty,Vitamin C Serum,4,48.51,0.1,174.64,,0
102370,2024-12-06,North America,Mexico,Marketplace,Fashion,Leather Belt,2,133.33,0.2,213.33,4.0,1
102371,2024-12-06,Europe,France,Marketplace,Sports,Yoga Mat,4,116.17,0.15,394.98,3.0,0
102372,2024-12-06,Latin America,Argentina,Web,Beauty,Vitamin C Serum,2,41.9,0.15,71.23,4.0,0
102373,2024-12-06,Asia Pacific,India,Web,Sports,Dumbbell Set,4,180.08,0.15,612.27,5.0,0
102374,2024-12-06,North America,Canada,Marketplace,Fashion,Sunglasses,2,161.29,0.1,290.32,4.0,0
102375,2024-12-06,Europe,Germany,Mobile App,Beauty,Vitamin C Serum,2,42.17,0.0,84.34,4.0,0
102376,2024-12-06,Latin America,Brazil,Retail Partner,Electronics,4K Monitor,1,162.51,0.1,146.26,4.0,0
102377,2024-12-06,Europe,Spain,Web,Fashion,Running Shoes,2,57.08,0.1,102.74,4.0,0
102378,2024-12-06,North America,United States,Marketplace,Beauty,Skincare Kit,1,120.11,0.0,120.11,4.0,0
102379,2024-12-07,Asia Pacific,Australia,Mobile App,Electronics,USB-C Hub,2,380.19,0.0,760.38,,0
102380,2024-12-07,Asia Pacific,Japan,Web,Fashion,Denim Jacket,2,99.15,0.0,198.3,4.0,0
102381,2024-12-07,Latin America,Argentina,Web,Sports,Fitness Tracker,1,73.74,0.0,73.74,4.0,0
102382,2024-12-07,Europe,Germany,Mobile App,Sports,Cycling Helmet,3,203.08,0.15,517.85,,0
102383,2024-12-07,North America,United States,Marketplace,Beauty,Skincare Kit,2,108.83,0.05,206.78,3.0,0
102384,2024-12-07,Latin America,Chile,Marketplace,Sports,Yoga Mat,1,116.06,0.0,116.06,,0
102385,2024-12-07,Europe,United Kingdom,Mobile App,Fashion,Sunglasses,2,181.67,0.05,345.17,,0
102386,2024-12-07,Europe,Spain,Mobile App,Electronics,Wireless Earbuds,1,188.29,0.1,169.46,,0
102387,2024-12-07,North America,United States,Mobile App,Fashion,Denim Jacket,1,111.6,0.1,100.44,5.0,0
102388,2024-12-07,North America,United States,Web,Electronics,USB-C Hub,1,374.44,0.2,299.55,,0
102389,2024-12-07,North America,Canada,Marketplace,Home & Kitchen,Linen Bedding,1,168.72,0.05,160.28,5.0,0
102390,2024-12-07,Europe,Germany,Web,Fashion,Leather Belt,2,119.14,0.0,238.28,3.0,0
102391,2024-12-07,Asia Pacific,Australia,Retail Partner,Home & Kitchen,Espresso Machine,1,90.75,0.1,81.67,4.0,0
102392,2024-12-07,Asia Pacific,India,Web,Electronics,Smartwatch,1,356.8,0.2,285.44,5.0,0
102393,2024-12-07,Latin America,Brazil,Web,Home & Kitchen,Smart Lamp,1,191.74,0.0,191.74,4.0,0
102394,2024-12-08,Latin America,Chile,Marketplace,Fashion,Sunglasses,2,175.16,0.2,280.26,5.0,0
102395,2024-12-08,Europe,France,Web,Electronics,USB-C Hub,4,389.84,0.0,1559.36,4.0,0
102396,2024-12-08,North America,Mexico,Web,Home & Kitchen,Air Fryer,1,170.81,0.1,153.73,5.0,0
102397,2024-12-08,Asia Pacific,India,Retail Partner,Sports,Yoga Mat,2,105.05,0.05,199.59,,0
102398,2024-12-08,North America,United States,Mobile App,Beauty,Vitamin C Serum,3,46.89,0.05,133.64,5.0,0
102399,2024-12-08,Europe,Germany,Web,Home & Kitchen,Espresso Machine,1,81.42,0.0,81.42,5.0,0
102400,2024-12-08,North America,Canada,Web,Fashion,Denim Jacket,1,99.2,0.1,89.28,5.0,0
102401,2024-12-08,North America,United States,Retail Partner,Home & Kitchen,Espresso Machine,2,83.1,0.0,166.2,,0
102402,2024-12-08,Europe,Spain,Marketplace,Beauty,Lip Palette,3,109.09,0.0,327.27,4.0,0
102403,2024-12-08,North America,Canada,Marketplace,Home & Kitchen,Chef Knife Set,2,194.37,0.0,388.74,,0
102404,2024-12-08,North America,Canada,Web,Home & Kitchen,Espresso Machine,2,84.98,0.15,144.47,,0
102405,2024-12-08,Asia Pacific,Japan,Web,Beauty,Hair Dryer,4,93.79,0.1,337.64,5.0,0
102406,2024-12-08,Europe,Germany,Web,Home & Kitchen,Linen Bedding,2,153.72,0.0,307.44,4.0,0
102407,2024-12-08,North America,Canada,Mobile App,Sports,Cycling Helmet,1,209.79,0.2,167.83,,0
102408,2024-12-08,Asia Pacific,India,Web,Sports,Dumbbell Set,2,170.26,0.2,272.42,5.0,0
102409,2024-12-08,Europe,Spain,Marketplace,Electronics,USB-C Hub,2,353.01,0.0,706.02,4.0,0
102410,2024-12-08,Europe,France,Web,Electronics,Wireless Earbuds,4,173.49,0.0,693.96,5.0,0
102411,2024-12-08,Asia Pacific,Australia,Retail Partner,Electronics,Smartwatch,3,367.27,0.0,1101.81,5.0,0
102412,2024-12-09,North America,Mexico,Retail Partner,Fashion,Wool Sweater,2,44.17,0.2,70.67,4.0,0
102413,2024-12-09,North America,United States,Marketplace,Home & Kitchen,Espresso Machine,2,83.16,0.05,158.0,,1
102414,2024-12-09,Europe,Germany,Web,Electronics,Wireless Earbuds,1,166.51,0.0,166.51,5.0,0
102415,2024-12-09,Asia Pacific,Singapore,Mobile App,Electronics,USB-C Hub,2,353.12,0.05,670.93,5.0,1
102416,2024-12-09,North America,Canada,Mobile App,Electronics,4K Monitor,2,156.53,0.2,250.45,5.0,0
102417,2024-12-09,North America,Mexico,Marketplace,Sports,Fitness Tracker,2,75.39,0.15,128.16,5.0,0
102418,2024-12-09,Europe,Germany,Web,Beauty,Hair Dryer,1,99.71,0.05,94.72,5.0,0
102419,2024-12-09,North America,Canada,Mobile App,Electronics,Smartwatch,1,376.02,0.0,376.02,5.0,0
102420,2024-12-09,Latin America,Chile,Marketplace,Electronics,Wireless Earbuds,2,176.17,0.0,352.34,5.0,0
102421,2024-12-09,Asia Pacific,Australia,Mobile App,Fashion,Sunglasses,1,164.19,0.0,164.19,4.0,0
102422,2024-12-09,Europe,United Kingdom,Web,Fashion,Running Shoes,1,57.94,0.1,52.15,4.0,0
102423,2024-12-09,North America,United States,Mobile App,Sports,Fitness Tracker,2,74.96,0.0,149.92,,0
102424,2024-12-09,Asia Pacific,Singapore,Mobile App,Electronics,Wireless Earbuds,1,167.49,0.05,159.12,3.0,0
102425,2024-12-10,North America,United States,Mobile App,Home & Kitchen,Linen Bedding,1,159.72,0.1,143.75,5.0,0
102426,2024-12-10,North America,Mexico,Web,Home & Kitchen,Linen Bedding,2,153.26,0.2,245.22,4.0,0
102427,2024-12-10,North America,Canada,Web,Electronics,USB-C Hub,2,381.95,0.15,649.31,4.0,0
102428,2024-12-10,Europe,United Kingdom,Marketplace,Fashion,Leather Belt,1,126.38,0.15,107.42,5.0,0
102429,2024-12-10,North America,Canada,Marketplace,Electronics,Smartwatch,2,366.0,0.2,585.6,4.0,0
102430,2024-12-10,Asia Pacific,Australia,Mobile App,Beauty,Skincare Kit,1,106.49,0.0,106.49,,0
102431,2024-12-10,Asia Pacific,Australia,Web,Home & Kitchen,Smart Lamp,1,193.05,0.1,173.75,,0
102432,2024-12-10,Latin America,Brazil,Web,Sports,Cycling Helmet,1,224.36,0.15,190.71,4.0,1
102433,2024-12-10,Europe,France,Mobile App,Electronics,Smartwatch,4,349.15,0.1,1256.94,3.0,0
102434,2024-12-11,North America,Canada,Marketplace,Electronics,Mechanical Keyboard,2,49.24,0.05,93.56,,0
102435,2024-12-11,North America,Canada,Marketplace,Electronics,Mechanical Keyboard,2,54.71,0.05,103.95,3.0,0
102436,2024-12-11,Latin America,Chile,Mobile App,Home & Kitchen,Chef Knife Set,1,186.51,0.2,149.21,3.0,0
102437,2024-12-11,Europe,Germany,Marketplace,Beauty,Lip Palette,2,109.75,0.05,208.52,5.0,0
102438,2024-12-11,North America,Mexico,Web,Fashion,Leather Belt,3,125.81,0.0,377.43,,0
102439,2024-12-11,North America,Mexico,Web,Electronics,Mechanical Keyboard,2,49.66,0.15,84.42,4.0,0
102440,2024-12-11,Europe,United Kingdom,Mobile App,Home & Kitchen,Smart Lamp,2,193.76,0.2,310.02,4.0,1
102441,2024-12-11,Asia Pacific,Australia,Marketplace,Electronics,Mechanical Keyboard,1,46.74,0.2,37.39,4.0,0
102442,2024-12-11,Europe,France,Retail Partner,Fashion,Leather Belt,1,136.58,0.1,122.92,4.0,0
102443,2024-12-11,Latin America,Chile,Marketplace,Beauty,Lip Palette,3,109.67,0.2,263.21,4.0,0
102444,2024-12-12,Asia Pacific,Australia,Marketplace,Fashion,Leather Belt,3,132.5,0.2,318.0,4.0,0
102445,2024-12-12,Europe,Spain,Mobile App,Home & Kitchen,Air Fryer,2,177.95,0.1,320.31,5.0,0
102446,2024-12-12,Europe,Spain,Web,Sports,Dumbbell Set,4,187.62,0.2,600.38,4.0,0
102447,2024-12-12,North America,Mexico,Mobile App,Electronics,4K Monitor,1,157.28,0.05,149.42,3.0,0
102448,2024-12-12,Latin America,Brazil,Retail Partner,Fashion,Running Shoes,1,56.64,0.15,48.14,5.0,1
102449,2024-12-12,North America,Mexico,Marketplace,Fashion,Denim Jacket,2,97.78,0.1,176.0,,0
102450,2024-12-12,Europe,Spain,Mobile App,Electronics,Smartwatch,2,379.71,0.2,607.54,4.0,1
102451,2024-12-12,Asia Pacific,Australia,Marketplace,Home & Kitchen,Air Fryer,2,162.3,0.0,324.6,4.0,0
102452,2024-12-12,Asia Pacific,Singapore,Mobile App,Electronics,USB-C Hub,1,374.3,0.15,318.16,,0
102453,2024-12-12,North America,Mexico,Mobile App,Electronics,Mechanical Keyboard,1,48.75,0.05,46.31,4.0,0
102454,2024-12-12,Europe,Spain,Web,Sports,Trail Backpack,4,154.94,0.1,557.78,,0
102455,2024-12-12,North America,Mexico,Web,Fashion,Running Shoes,1,53.53,0.0,53.53,4.0,0
102456,2024-12-12,Asia Pacific,Singapore,Marketplace,Beauty,Vitamin C Serum,1,48.52,0.05,46.09,4.0,1
102457,2024-12-13,Asia Pacific,Singapore,Marketplace,Fashion,Leather Belt,1,134.96,0.0,134.96,5.0,0
102458,2024-12-13,North America,Canada,Web,Home & Kitchen,Smart Lamp,2,212.45,0.2,339.92,5.0,0
102459,2024-12-13,Asia Pacific,Singapore,Web,Beauty,Fragrance Set,1,113.05,0.0,113.05,4.0,0
102460,2024-12-13,North America,Mexico,Mobile App,Electronics,USB-C Hub,2,354.01,0.0,708.02,,0
102461,2024-12-13,Asia Pacific,Australia,Mobile App,Fashion,Denim Jacket,4,100.88,0.2,322.82,,0
102462,2024-12-13,North America,United States,Mobile App,Home & Kitchen,Air Fryer,1,176.14,0.15,149.72,5.0,0
102463,2024-12-13,Europe,Spain,Mobile App,Electronics,USB-C Hub,3,367.93,0.2,883.03,5.0,0
102464,2024-12-13,North America,United States,Retail Partner,Electronics,Mechanical Keyboard,4,52.17,0.0,208.68,3.0,0
102465,2024-12-14,North America,Canada,Mobile App,Electronics,Smartwatch,1,341.53,0.05,324.45,5.0,0
102466,2024-12-14,North America,Mexico,Web,Beauty,Skincare Kit,3,113.58,0.0,340.74,5.0,0
102467,2024-12-14,Europe,United Kingdom,Mobile App,Electronics,4K Monitor,1,166.66,0.1,149.99,5.0,0
102468,2024-12-14,Asia Pacific,Japan,Mobile App,Fashion,Running Shoes,2,59.96,0.1,107.93,4.0,1
102469,2024-12-14,Europe,France,Web,Beauty,Vitamin C Serum,2,42.9,0.05,81.51,4.0,0
102470,2024-12-14,Europe,Germany,Mobile App,Electronics,USB-C Hub,3,342.78,0.2,822.67,5.0,0
102471,2024-12-14,North America,Canada,Web,Sports,Dumbbell Set,1,184.36,0.15,156.71,,0
102472,2024-12-15,Asia Pacific,Singapore,Web,Electronics,Wireless Earbuds,4,172.51,0.1,621.04,4.0,0
102473,2024-12-15,Asia Pacific,Japan,Mobile App,Fashion,Denim Jacket,1,108.25,0.0,108.25,3.0,0
102474,2024-12-15,North America,United States,Retail Partner,Beauty,Skincare Kit,1,116.65,0.0,116.65,,0
102475,2024-12-15,Latin America,Chile,Web,Fashion,Running Shoes,4,58.9,0.05,223.82,,0
102476,2024-12-15,Europe,Germany,Web,Fashion,Sunglasses,1,170.59,0.0,170.59,5.0,0
102477,2024-12-15,Asia Pacific,Singapore,Web,Fashion,Wool Sweater,3,46.71,0.0,140.13,5.0,0
102478,2024-12-15,Asia Pacific,Japan,Mobile App,Sports,Yoga Mat,2,108.09,0.05,205.37,4.0,0
102479,2024-12-15,North America,Mexico,Marketplace,Home & Kitchen,Linen Bedding,1,154.07,0.1,138.66,4.0,0
102480,2024-12-15,Asia Pacific,India,Marketplace,Fashion,Sunglasses,1,169.16,0.1,152.24,4.0,0
102481,2024-12-15,Latin America,Argentina,Web,Sports,Trail Backpack,2,156.51,0.15,266.07,5.0,0
102482,2024-12-15,Asia Pacific,India,Marketplace,Fashion,Leather Belt,1,121.35,0.0,121.35,5.0,1
102483,2024-12-15,North America,United States,Mobile App,Home & Kitchen,Air Fryer,1,166.93,0.1,150.24,5.0,0
102484,2024-12-15,Asia Pacific,Singapore,Mobile App,Fashion,Running Shoes,2,53.53,0.0,107.06,5.0,0
102485,2024-12-15,North America,Canada,Mobile App,Electronics,Wireless Earbuds,2,189.44,0.05,359.94,,0
102486,2024-12-16,Asia Pacific,India,Mobile App,Beauty,Vitamin C Serum,4,42.36,0.15,144.02,5.0,0
102487,2024-12-16,Asia Pacific,Australia,Retail Partner,Electronics,Wireless Earbuds,1,192.33,0.1,173.1,5.0,0
102488,2024-12-16,Europe,France,Marketplace,Electronics,4K Monitor,1,161.0,0.0,161.0,5.0,0
102489,2024-12-16,North America,Mexico,Web,Electronics,Smartwatch,2,366.64,0.0,733.28,,0
102490,2024-12-16,Asia Pacific,Japan,Web,Home & Kitchen,Espresso Machine,2,84.25,0.1,151.65,5.0,0
102491,2024-12-16,Europe,France,Web,Home & Kitchen,Chef Knife Set,4,196.21,0.0,784.84,5.0,0
102492,2024-12-16,Latin America,Argentina,Marketplace,Electronics,Wireless Earbuds,1,194.76,0.2,155.81,3.0,1
102493,2024-12-16,Europe,Germany,Mobile App,Home & Kitchen,Chef Knife Set,4,183.18,0.15,622.81,,1
102494,2024-12-16,North America,United States,Mobile App,Sports,Dumbbell Set,3,172.5,0.0,517.5,,0
102495,2024-12-16,North America,Mexico,Retail Partner,Home & Kitchen,Espresso Machine,4,86.96,0.15,295.66,,0
102496,2024-12-16,North America,Mexico,Web,Fashion,Denim Jacket,1,97.41,0.0,97.41,4.0,0
102497,2024-12-16,Europe,United Kingdom,Mobile App,Home & Kitchen,Smart Lamp,3,192.01,0.2,460.82,5.0,0
102498,2024-12-16,Europe,Germany,Web,Sports,Dumbbell Set,3,170.95,0.0,512.85,4.0,0
102499,2024-12-17,Latin America,Argentina,Marketplace,Electronics,Wireless Earbuds,2,172.76,0.15,293.69,5.0,0
102500,2024-12-17,Europe,France,Mobile App,Home & Kitchen,Air Fryer,2,175.86,0.05,334.13,,0
102501,2024-12-17,Asia Pacific,Australia,Web,Home & Kitchen,Espresso Machine,2,85.72,0.15,145.72,4.0,0
102502,2024-12-17,Asia Pacific,Singapore,Web,Electronics,Wireless Earbuds,1,188.07,0.1,169.26,5.0,0
102503,2024-12-17,North America,Canada,Marketplace,Fashion,Running Shoes,2,51.7,0.1,93.06,4.0,1
102504,2024-12-17,Europe,Germany,Web,Beauty,Skincare Kit,2,119.71,0.2,191.54,,0
102505,2024-12-17,Latin America,Chile,Retail Partner,Beauty,Vitamin C Serum,3,42.17,0.15,107.53,5.0,0
102506,2024-12-17,North America,Canada,Retail Partner,Sports,Trail Backpack,2,147.09,0.1,264.76,5.0,0
102507,2024-12-17,Europe,Germany,Retail Partner,Beauty,Fragrance Set,2,101.66,0.15,172.82,3.0,0
102508,2024-12-17,North America,Mexico,Mobile App,Beauty,Hair Dryer,1,91.78,0.1,82.6,3.0,0
102509,2024-12-17,North America,United States,Marketplace,Electronics,4K Monitor,1,149.7,0.05,142.21,5.0,0
102510,2024-12-17,North America,Canada,Web,Electronics,Wireless Earbuds,1,193.13,0.15,164.16,4.0,0
102511,2024-12-17,Asia Pacific,Japan,Web,Fashion,Wool Sweater,2,48.25,0.05,91.67,4.0,0
102512,2024-12-17,North America,Canada,Marketplace,Home & Kitchen,Air Fryer,2,161.55,0.05,306.94,4.0,0
102513,2024-12-17,Asia Pacific,Japan,Mobile App,Electronics,USB-C Hub,2,375.37,0.0,750.74,,0
102514,2024-12-17,Asia Pacific,India,Marketplace,Electronics,4K Monitor,1,154.66,0.0,154.66,3.0,0
102515,2024-12-17,Asia Pacific,Japan,Marketplace,Home & Kitchen,Smart Lamp,1,204.51,0.0,204.51,5.0,0
102516,2024-12-17,North America,United States,Web,Sports,Trail Backpack,1,156.39,0.0,156.39,,0
102517,2024-12-17,Asia Pacific,Singapore,Mobile App,Home & Kitchen,Air Fryer,2,174.91,0.0,349.82,3.0,0
102518,2024-12-18,Asia Pacific,Singapore,Web,Home & Kitchen,Smart Lamp,1,208.86,0.1,187.97,3.0,0
102519,2024-12-18,Asia Pacific,Australia,Mobile App,Sports,Fitness Tracker,1,77.48,0.0,77.48,5.0,0
102520,2024-12-18,North America,Mexico,Web,Home & Kitchen,Chef Knife Set,1,185.89,0.1,167.3,,0
102521,2024-12-18,Europe,Germany,Web,Sports,Trail Backpack,1,152.51,0.1,137.26,4.0,0
102522,2024-12-18,Asia Pacific,Japan,Web,Home & Kitchen,Linen Bedding,1,160.41,0.0,160.41,,1
102523,2024-12-18,Europe,Germany,Web,Electronics,USB-C Hub,3,382.39,0.0,1147.17,5.0,0
102524,2024-12-18,Europe,Spain,Web,Home & Kitchen,Espresso Machine,2,89.94,0.0,179.88,5.0,0
102525,2024-12-18,Latin America,Brazil,Web,Sports,Trail Backpack,2,148.29,0.0,296.58,5.0,0
102526,2024-12-18,Europe,United Kingdom,Web,Home & Kitchen,Linen Bedding,3,153.43,0.2,368.23,,0
102527,2024-12-18,North America,Canada,Marketplace,Fashion,Wool Sweater,2,49.0,0.05,93.1,5.0,0
102528,2024-12-18,North America,United States,Web,Home & Kitchen,Chef Knife Set,3,177.04,0.05,504.56,5.0,0
102529,2024-12-18,Asia Pacific,Singapore,Web,Electronics,4K Monitor,2,154.8,0.15,263.16,5.0,0
102530,2024-12-19,Europe,Spain,Mobile App,Electronics,Mechanical Keyboard,3,53.41,0.0,160.23,4.0,0
102531,2024-12-19,North America,Canada,Web,Electronics,Wireless Earbuds,1,187.3,0.2,149.84,5.0,0
102532,2024-12-19,Latin America,Brazil,Web,Fashion,Denim Jacket,1,108.03,0.0,108.03,3.0,0
102533,2024-12-19,Latin America,Chile,Retail Partner,Electronics,Mechanical Keyboard,1,50.24,0.0,50.24,5.0,0
102534,2024-12-19,Europe,France,Marketplace,Home & Kitchen,Smart Lamp,1,209.11,0.1,188.2,4.0,0
102535,2024-12-19,North America,Canada,Mobile App,Beauty,Fragrance Set,2,101.1,0.0,202.2,,0
102536,2024-12-19,Europe,Spain,Web,Home & Kitchen,Air Fryer,1,173.87,0.15,147.79,3.0,1
102537,2024-12-19,North America,Mexico,Web,Home & Kitchen,Espresso Machine,3,79.52,0.0,238.56,4.0,0
102538,2024-12-19,Asia Pacific,India,Web,Sports,Yoga Mat,4,118.38,0.05,449.84,4.0,0
102539,2024-12-19,North America,Canada,Mobile App,Fashion,Denim Jacket,4,100.11,0.15,340.37,4.0,0
102540,2024-12-19,North America,Mexico,Web,Fashion,Leather Belt,4,123.22,0.2,394.3,,0
102541,2024-12-19,Europe,Germany,Mobile App,Beauty,Hair Dryer,4,94.18,0.05,357.88,5.0,0
102542,2024-12-19,Europe,France,Mobile App,Fashion,Running Shoes,1,57.89,0.05,55.0,5.0,0
102543,2024-12-19,North America,United States,Web,Electronics,Wireless Earbuds,1,172.21,0.0,172.21,,0
102544,2024-12-19,Europe,Germany,Mobile App,Home & Kitchen,Smart Lamp,1,206.47,0.0,206.47,3.0,0
102545,2024-12-20,North America,Canada,Web,Home & Kitchen,Chef Knife Set,2,178.14,0.0,356.28,,0
102546,2024-12-20,Europe,France,Mobile App,Fashion,Running Shoes,4,58.3,0.15,198.22,4.0,0
102547,2024-12-20,North America,Mexico,Web,Beauty,Lip Palette,4,114.13,0.05,433.69,5.0,0
102548,2024-12-20,North America,United States,Mobile App,Electronics,4K Monitor,1,167.51,0.1,150.76,,0
102549,2024-12-20,North America,Mexico,Web,Electronics,Wireless Earbuds,1,171.32,0.05,162.75,5.0,0
102550,2024-12-20,North America,United States,Marketplace,Electronics,Smartwatch,1,370.55,0.05,352.02,,0
102551,2024-12-20,Europe,Germany,Mobile App,Home & Kitchen,Air Fryer,1,168.78,0.1,151.9,,0
102552,2024-12-20,Europe,Germany,Web,Beauty,Hair Dryer,1,100.22,0.05,95.21,5.0,1
102553,2024-12-20,Europe,France,Retail Partner,Electronics,4K Monitor,1,145.83,0.0,145.83,5.0,0
102554,2024-12-20,North America,Mexico,Mobile App,Home & Kitchen,Air Fryer,4,175.47,0.15,596.6,5.0,0
102555,2024-12-20,Europe,Germany,Mobile App,Home & Kitchen,Smart Lamp,2,188.48,0.15,320.42,5.0,0
102556,2024-12-20,Europe,Spain,Mobile App,Sports,Cycling Helmet,2,213.2,0.05,405.08,,0
102557,2024-12-20,Latin America,Argentina,Retail Partner,Beauty,Fragrance Set,1,115.29,0.15,98.0,5.0,0
102558,2024-12-20,North America,United States,Mobile App,Fashion,Sunglasses,2,165.24,0.15,280.91,5.0,0
102559,2024-12-20,North America,United States,Marketplace,Electronics,Wireless Earbuds,4,186.34,0.2,596.29,4.0,0
102560,2024-12-20,Latin America,Argentina,Mobile App,Sports,Cycling Helmet,2,218.86,0.0,437.72,3.0,0
102561,2024-12-21,Asia Pacific,Japan,Web,Electronics,4K Monitor,1,159.01,0.15,135.16,4.0,0
102562,2024-12-21,Latin America,Brazil,Web,Beauty,Skincare Kit,2,106.87,0.0,213.74,5.0,0
102563,2024-12-21,North America,Mexico,Mobile App,Electronics,Wireless Earbuds,1,174.73,0.2,139.78,5.0,0
102564,2024-12-21,Asia Pacific,Japan,Web,Electronics,USB-C Hub,1,376.18,0.0,376.18,,0
102565,2024-12-21,North America,Canada,Retail Partner,Sports,Cycling Helmet,4,209.95,0.0,839.8,4.0,0
102566,2024-12-21,North America,United States,Web,Home & Kitchen,Espresso Machine,2,81.33,0.05,154.53,4.0,0
102567,2024-12-21,Asia Pacific,Japan,Mobile App,Electronics,Smartwatch,2,355.43,0.0,710.86,4.0,0
102568,2024-12-21,Europe,France,Web,Home & Kitchen,Espresso Machine,1,81.71,0.05,77.62,4.0,0
102569,2024-12-21,Asia Pacific,Singapore,Web,Sports,Cycling Helmet,2,202.75,0.2,324.4,4.0,0
102570,2024-12-22,Asia Pacific,Japan,Web,Fashion,Wool Sweater,2,43.17,0.2,69.07,4.0,0
102571,2024-12-22,North America,United States,Mobile App,Fashion,Wool Sweater,3,42.7,0.0,128.1,,1
102572,2024-12-22,North America,United States,Web,Home & Kitchen,Smart Lamp,1,204.46,0.0,204.46,5.0,0
102573,2024-12-22,North America,Canada,Mobile App,Electronics,Smartwatch,3,346.0,0.2,830.4,,0
102574,2024-12-22,Europe,Spain,Retail Partner,Electronics,Wireless Earbuds,2,187.53,0.0,375.06,4.0,0
102575,2024-12-22,North America,Mexico,Mobile App,Home & Kitchen,Air Fryer,1,172.75,0.0,172.75,5.0,0
102576,2024-12-22,Europe,Germany,Mobile App,Electronics,Mechanical Keyboard,3,53.22,0.2,127.73,5.0,0
102577,2024-12-22,Latin America,Brazil,Web,Sports,Cycling Helmet,2,222.41,0.0,444.82,4.0,0
102578,2024-12-22,Europe,Spain,Web,Sports,Trail Backpack,2,156.02,0.0,312.04,5.0,0
102579,2024-12-22,Latin America,Argentina,Mobile App,Sports,Trail Backpack,2,143.81,0.0,287.62,,0
102580,2024-12-22,Europe,United Kingdom,Marketplace,Home & Kitchen,Espresso Machine,2,81.63,0.05,155.1,,0
102581,2024-12-23,Latin America,Argentina,Mobile App,Fashion,Denim Jacket,2,97.83,0.1,176.09,4.0,1
102582,2024-12-23,North America,Canada,Web,Home & Kitchen,Linen Bedding,2,163.17,0.0,326.34,,0
102583,2024-12-23,Europe,Germany,Web,Home & Kitchen,Smart Lamp,1,193.01,0.05,183.36,5.0,1
102584,2024-12-23,Asia Pacific,India,Mobile App,Home & Kitchen,Linen Bedding,1,151.77,0.15,129.0,4.0,0
102585,2024-12-23,Asia Pacific,Japan,Mobile App,Home & Kitchen,Linen Bedding,1,160.99,0.2,128.79,3.0,0
102586,2024-12-23,Europe,United Kingdom,Mobile App,Fashion,Denim Jacket,2,99.66,0.2,159.46,4.0,0
102587,2024-12-23,Europe,Spain,Web,Sports,Dumbbell Set,4,168.78,0.2,540.1,5.0,0
102588,2024-12-23,Asia Pacific,Australia,Web,Fashion,Running Shoes,1,54.15,0.1,48.73,,1
102589,2024-12-23,North America,Canada,Web,Home & Kitchen,Air Fryer,1,162.68,0.2,130.14,5.0,0
102590,2024-12-23,Europe,Germany,Web,Electronics,Mechanical Keyboard,4,49.82,0.1,179.35,,0
102591,2024-12-23,North America,Mexico,Web,Electronics,4K Monitor,1,159.02,0.0,159.02,5.0,0
102592,2024-12-23,North America,Canada,Mobile App,Sports,Fitness Tracker,2,69.21,0.2,110.74,5.0,0
102593,2024-12-24,Europe,Spain,Retail Partner,Sports,Yoga Mat,1,115.32,0.05,109.55,4.0,0
102594,2024-12-24,Europe,Germany,Web,Fashion,Running Shoes,1,56.03,0.0,56.03,4.0,0
102595,2024-12-24,North America,United States,Retail Partner,Beauty,Lip Palette,3,118.34,0.0,355.02,4.0,0
102596,2024-12-24,Asia Pacific,Australia,Web,Electronics,USB-C Hub,2,358.63,0.0,717.26,5.0,0
102597,2024-12-24,North America,United States,Marketplace,Sports,Yoga Mat,1,106.11,0.0,106.11,5.0,0
102598,2024-12-24,Latin America,Brazil,Marketplace,Beauty,Hair Dryer,2,95.62,0.15,162.55,,0
102599,2024-12-24,North America,Mexico,Marketplace,Fashion,Running Shoes,1,59.2,0.2,47.36,5.0,0
102600,2024-12-24,Europe,Germany,Mobile App,Fashion,Sunglasses,1,170.0,0.15,144.5,,0
102601,2024-12-24,Asia Pacific,Japan,Mobile App,Sports,Fitness Tracker,1,76.7,0.0,76.7,5.0,1
102602,2024-12-24,Europe,France,Marketplace,Fashion,Wool Sweater,1,47.59,0.0,47.59,3.0,0
102603,2024-12-24,Asia Pacific,Singapore,Web,Home & Kitchen,Espresso Machine,3,79.21,0.2,190.1,5.0,0
102604,2024-12-24,Latin America,Brazil,Mobile App,Fashion,Sunglasses,3,173.24,0.0,519.72,,0
102605,2024-12-25,North America,Canada,Retail Partner,Beauty,Fragrance Set,1,105.83,0.0,105.83,4.0,0
102606,2024-12-25,North America,United States,Retail Partner,Electronics,Smartwatch,2,381.32,0.0,762.64,5.0,0
102607,2024-12-25,Asia Pacific,Australia,Web,Home & Kitchen,Smart Lamp,3,212.06,0.2,508.94,5.0,0
102608,2024-12-25,North America,Canada,Web,Electronics,USB-C Hub,1,335.92,0.0,335.92,5.0,0
102609,2024-12-25,North America,Canada,Mobile App,Electronics,USB-C Hub,3,385.27,0.05,1098.02,,0
102610,2024-12-25,Europe,Spain,Mobile App,Home & Kitchen,Espresso Machine,2,81.17,0.1,146.11,,0
102611,2024-12-25,Asia Pacific,Australia,Mobile App,Electronics,USB-C Hub,1,387.18,0.2,309.74,,0
102612,2024-12-25,Europe,Germany,Mobile App,Home & Kitchen,Chef Knife Set,2,186.78,0.1,336.2,5.0,0
102613,2024-12-25,Europe,Germany,Web,Fashion,Leather Belt,3,127.73,0.0,383.19,5.0,0
102614,2024-12-25,Latin America,Brazil,Retail Partner,Home & Kitchen,Espresso Machine,4,87.4,0.0,349.6,,0
102615,2024-12-26,Asia Pacific,India,Marketplace,Electronics,USB-C Hub,4,339.96,0.0,1359.84,5.0,0
102616,2024-12-26,North America,Mexico,Marketplace,Electronics,USB-C Hub,1,376.24,0.0,376.24,5.0,0
102617,2024-12-26,Europe,France,Marketplace,Home & Kitchen,Chef Knife Set,3,200.57,0.0,601.71,,0
102618,2024-12-26,Europe,France,Web,Fashion,Sunglasses,2,162.27,0.05,308.31,,0
102619,2024-12-26,Europe,United Kingdom,Web,Beauty,Fragrance Set,2,103.72,0.1,186.7,4.0,0
102620,2024-12-26,Europe,Germany,Mobile App,Sports,Yoga Mat,2,103.85,0.0,207.7,4.0,0
102621,2024-12-26,North America,Canada,Web,Sports,Trail Backpack,4,153.73,0.0,614.92,,0
102622,2024-12-26,North America,United States,Mobile App,Fashion,Running Shoes,1,55.82,0.05,53.03,4.0,0
102623,2024-12-26,Europe,France,Mobile App,Beauty,Lip Palette,2,111.6,0.0,223.2,,0
102624,2024-12-26,North America,Canada,Marketplace,Home & Kitchen,Chef Knife Set,1,198.19,0.0,198.19,4.0,0
102625,2024-12-26,Asia Pacific,Australia,Marketplace,Home & Kitchen,Chef Knife Set,3,187.95,0.2,451.08,5.0,0
102626,2024-12-26,Asia Pacific,India,Marketplace,Fashion,Leather Belt,1,122.99,0.15,104.54,4.0,0
102627,2024-12-26,Europe,Spain,Web,Electronics,Wireless Earbuds,2,176.71,0.1,318.08,,0
102628,2024-12-26,Europe,Germany,Marketplace,Home & Kitchen,Espresso Machine,1,81.0,0.0,81.0,4.0,0
102629,2024-12-26,Asia Pacific,India,Mobile App,Electronics,Wireless Earbuds,1,191.98,0.05,182.38,,0
102630,2024-12-26,North America,Mexico,Web,Home & Kitchen,Smart Lamp,1,207.2,0.15,176.12,,0
102631,2024-12-26,North America,United States,Web,Electronics,4K Monitor,2,166.89,0.0,333.78,,0
102632,2024-12-26,North America,Canada,Retail Partner,Electronics,4K Monitor,2,148.96,0.1,268.13,,0
102633,2024-12-27,Europe,France,Web,Fashion,Wool Sweater,1,46.96,0.2,37.57,5.0,0
102634,2024-12-27,Europe,Spain,Mobile App,Home & Kitchen,Linen Bedding,2,170.32,0.0,340.64,5.0,0
102635,2024-12-27,Europe,Spain,Web,Electronics,Wireless Earbuds,3,189.73,0.0,569.19,,0
102636,2024-12-27,North America,Mexico,Marketplace,Fashion,Wool Sweater,1,46.88,0.2,37.5,4.0,0
102637,2024-12-27,Europe,Germany,Retail Partner,Home & Kitchen,Air Fryer,2,160.96,0.2,257.54,4.0,0
102638,2024-12-27,Asia Pacific,India,Web,Electronics,Smartwatch,1,377.2,0.05,358.34,,0
102639,2024-12-27,Europe,Germany,Mobile App,Fashion,Wool Sweater,1,42.66,0.2,34.13,,0
102640,2024-12-27,Europe,United Kingdom,Marketplace,Sports,Dumbbell Set,3,165.72,0.0,497.16,4.0,0
102641,2024-12-27,North America,Mexico,Web,Fashion,Denim Jacket,2,105.2,0.2,168.32,5.0,0
102642,2024-12-27,Asia Pacific,India,Web,Home & Kitchen,Linen Bedding,1,148.16,0.1,133.34,,0
102643,2024-12-27,Europe,United Kingdom,Web,Fashion,Running Shoes,1,55.13,0.0,55.13,5.0,0
102644,2024-12-27,Latin America,Argentina,Mobile App,Sports,Fitness Tracker,4,74.18,0.0,296.72,,0
102645,2024-12-27,North America,Canada,Web,Home & Kitchen,Linen Bedding,3,161.93,0.2,388.63,5.0,0
102646,2024-12-27,North America,Mexico,Mobile App,Fashion,Leather Belt,1,127.13,0.05,120.77,,0
102647,2024-12-28,North America,Canada,Mobile App,Fashion,Running Shoes,1,54.82,0.05,52.08,3.0,0
102648,2024-12-28,Latin America,Brazil,Web,Fashion,Sunglasses,1,180.94,0.0,180.94,4.0,0
102649,2024-12-28,North America,Canada,Mobile App,Fashion,Sunglasses,1,166.35,0.0,166.35,,0
102650,2024-12-28,Europe,France,Mobile App,Electronics,Mechanical Keyboard,1,48.73,0.15,41.42,,0
102651,2024-12-28,Europe,Spain,Mobile App,Electronics,Wireless Earbuds,1,187.95,0.0,187.95,5.0,0
102652,2024-12-28,Asia Pacific,Japan,Web,Home & Kitchen,Espresso Machine,1,90.96,0.1,81.86,4.0,0
102653,2024-12-28,North America,Canada,Mobile App,Home & Kitchen,Linen Bedding,1,146.44,0.15,124.47,5.0,0
102654,2024-12-28,Latin America,Chile,Marketplace,Fashion,Running Shoes,1,54.75,0.0,54.75,,0
102655,2024-12-28,North America,United States,Retail Partner,Home & Kitchen,Chef Knife Set,1,177.03,0.2,141.62,5.0,0
102656,2024-12-28,North America,Canada,Web,Home & Kitchen,Linen Bedding,2,151.44,0.0,302.88,5.0,1
102657,2024-12-28,Europe,Spain,Mobile App,Electronics,Smartwatch,1,380.01,0.15,323.01,,0
102658,2024-12-29,North America,Mexico,Marketplace,Sports,Fitness Tracker,2,71.57,0.0,143.14,4.0,0
102659,2024-12-29,Asia Pacific,Australia,Web,Fashion,Running Shoes,2,53.93,0.0,107.86,5.0,0
102660,2024-12-29,Europe,Germany,Web,Home & Kitchen,Smart Lamp,1,187.21,0.0,187.21,4.0,0
102661,2024-12-29,North America,Mexico,Web,Sports,Fitness Tracker,3,70.2,0.0,210.6,5.0,0
102662,2024-12-29,Asia Pacific,India,Mobile App,Home & Kitchen,Air Fryer,2,167.04,0.15,283.97,4.0,0
102663,2024-12-29,Europe,Spain,Mobile App,Home & Kitchen,Chef Knife Set,4,178.68,0.0,714.72,3.0,0
102664,2024-12-29,Asia Pacific,Singapore,Mobile App,Beauty,Hair Dryer,4,94.01,0.15,319.63,,0
102665,2024-12-29,North America,Mexico,Web,Electronics,USB-C Hub,2,370.93,0.1,667.67,5.0,0
102666,2024-12-29,North America,Mexico,Marketplace,Electronics,4K Monitor,2,148.9,0.2,238.24,5.0,0
102667,2024-12-29,Latin America,Argentina,Web,Electronics,Wireless Earbuds,1,171.43,0.0,171.43,5.0,0
102668,2024-12-29,Europe,United Kingdom,Web,Electronics,4K Monitor,1,167.51,0.1,150.76,5.0,0
102669,2024-12-29,Latin America,Brazil,Web,Fashion,Wool Sweater,4,48.23,0.15,163.98,,0
102670,2024-12-29,Europe,Spain,Retail Partner,Home & Kitchen,Chef Knife Set,2,183.14,0.0,366.28,,1
102671,2024-12-29,Europe,France,Mobile App,Fashion,Wool Sweater,3,45.89,0.2,110.14,3.0,0
102672,2024-12-29,North America,United States,Mobile App,Fashion,Denim Jacket,4,102.77,0.1,369.97,5.0,1
102673,2024-12-29,Asia Pacific,Singapore,Retail Partner,Beauty,Skincare Kit,1,110.51,0.1,99.46,,0
102674,2024-12-29,North America,Canada,Web,Fashion,Wool Sweater,2,44.0,0.0,88.0,4.0,0
102675,2024-12-29,Latin America,Chile,Web,Electronics,Wireless Earbuds,2,191.9,0.05,364.61,,0
102676,2024-12-29,North America,Mexico,Web,Sports,Yoga Mat,3,112.17,0.1,302.86,5.0,0
102677,2024-12-30,North America,Mexico,Web,Home & Kitchen,Linen Bedding,1,164.45,0.0,164.45,3.0,0
102678,2024-12-30,Asia Pacific,Japan,Web,Home & Kitchen,Espresso Machine,2,85.44,0.0,170.88,,1
102679,2024-12-30,Europe,Spain,Web,Fashion,Running Shoes,1,53.79,0.0,53.79,4.0,0
102680,2024-12-30,North America,Canada,Web,Sports,Cycling Helmet,2,219.95,0.15,373.91,5.0,0
102681,2024-12-30,North America,Mexico,Mobile App,Home & Kitchen,Linen Bedding,1,151.85,0.0,151.85,4.0,0
102682,2024-12-30,North America,Canada,Web,Electronics,Mechanical Keyboard,2,51.49,0.05,97.83,5.0,0
102683,2024-12-30,Europe,Germany,Retail Partner,Fashion,Sunglasses,2,181.52,0.0,363.04,5.0,0
102684,2024-12-30,Europe,Germany,Marketplace,Electronics,4K Monitor,3,163.58,0.15,417.13,4.0,0
102685,2024-12-30,North America,Mexico,Mobile App,Beauty,Vitamin C Serum,1,45.13,0.05,42.87,,0
102686,2024-12-30,Asia Pacific,Australia,Web,Electronics,Wireless Earbuds,2,179.61,0.0,359.22,5.0,0
102687,2024-12-30,Asia Pacific,Australia,Mobile App,Fashion,Leather Belt,1,135.13,0.0,135.13,4.0,0
102688,2024-12-30,North America,Canada,Mobile App,Electronics,USB-C Hub,3,393.47,0.2,944.33,3.0,0
102689,2024-12-30,Asia Pacific,Japan,Mobile App,Sports,Cycling Helmet,1,205.32,0.15,174.52,4.0,0
102690,2024-12-30,North America,United States,Marketplace,Electronics,Smartwatch,2,353.57,0.0,707.14,,0
102691,2024-12-30,North America,Canada,Web,Electronics,Mechanical Keyboard,1,48.08,0.1,43.27,5.0,0
102692,2024-12-31,North America,Canada,Web,Home & Kitchen,Chef Knife Set,2,174.92,0.05,332.35,5.0,0
102693,2024-12-31,Asia Pacific,India,Marketplace,Sports,Yoga Mat,1,117.24,0.0,117.24,5.0,0
102694,2024-12-31,Asia Pacific,Japan,Mobile App,Home & Kitchen,Espresso Machine,2,83.14,0.15,141.34,5.0,0
102695,2024-12-31,Europe,United Kingdom,Web,Beauty,Hair Dryer,1,94.67,0.15,80.47,5.0,0
102696,2024-12-31,North America,Canada,Mobile App,Beauty,Vitamin C Serum,2,46.78,0.15,79.53,4.0,0
102697,2024-12-31,Europe,United Kingdom,Mobile App,Fashion,Running Shoes,3,55.6,0.05,158.46,5.0,0
102698,2024-12-31,North America,Canada,Web,Electronics,USB-C Hub,1,393.82,0.2,315.06,4.0,0
102699,2024-12-31,Asia Pacific,Japan,Web,Fashion,Denim Jacket,4,100.37,0.05,381.41,5.0,0
102700,2024-12-31,North America,Canada,Web,Electronics,USB-C Hub,1,393.88,0.15,334.8,3.0,0
102701,2024-12-31,Europe,France,Retail Partner,Home & Kitchen,Espresso Machine,4,90.12,0.1,324.43,,0
102702,2024-12-31,North America,Mexico,Mobile App,Beauty,Skincare Kit,4,107.9,0.1,388.44,4.0,0
102703,2024-12-31,North America,United States,Marketplace,Fashion,Sunglasses,1,179.04,0.0,179.04,4.0,1
102704,2024-12-31,North America,Canada,Web,Beauty,Fragrance Set,3,99.94,0.2,239.86,4.0,0
102705,2024-12-31,Latin America,Brazil,Web,Home & Kitchen,Chef Knife Set,1,186.79,0.0,186.79,4.0,0
102706,2025-01-01,Asia Pacific,India,Mobile App,Beauty,Hair Dryer,2,99.07,0.05,188.23,5.0,0
102707,2025-01-01,North America,United States,Web,Fashion,Wool Sweater,2,44.95,0.0,89.9,4.0,0
102708,2025-01-01,Europe,Germany,Mobile App,Electronics,Mechanical Keyboard,1,51.69,0.15,43.94,5.0,0
102709,2025-01-01,Latin America,Chile,Web,Home & Kitchen,Espresso Machine,4,82.92,0.2,265.34,4.0,0
102710,2025-01-02,North America,United States,Web,Sports,Trail Backpack,2,153.49,0.05,291.63,4.0,0
102711,2025-01-02,Europe,Spain,Marketplace,Fashion,Sunglasses,1,166.68,0.05,158.35,5.0,0
102712,2025-01-02,Asia Pacific,India,Marketplace,Electronics,USB-C Hub,1,338.64,0.0,338.64,3.0,0
102713,2025-01-02,Europe,Germany,Mobile App,Fashion,Denim Jacket,1,104.14,0.15,88.52,,1
102714,2025-01-02,Asia Pacific,India,Marketplace,Beauty,Lip Palette,2,101.16,0.0,202.32,5.0,0
102715,2025-01-02,Europe,United Kingdom,Mobile App,Fashion,Wool Sweater,2,47.22,0.05,89.72,,0
102716,2025-01-02,Asia Pacific,Japan,Marketplace,Electronics,USB-C Hub,2,363.08,0.05,689.85,5.0,0
102717,2025-01-02,Europe,United Kingdom,Mobile App,Electronics,Wireless Earbuds,1,190.54,0.1,171.49,,0
102718,2025-01-03,Asia Pacific,Australia,Web,Sports,Dumbbell Set,2,162.15,0.0,324.3,,0
102719,2025-01-03,Asia Pacific,Australia,Web,Fashion,Running Shoes,1,54.41,0.1,48.97,3.0,0
102720,2025-01-03,Asia Pacific,India,Web,Fashion,Leather Belt,2,132.52,0.0,265.04,4.0,0
102721,2025-01-03,Asia Pacific,Australia,Mobile App,Fashion,Running Shoes,1,55.63,0.15,47.29,4.0,0
102722,2025-01-03,Latin America,Brazil,Mobile App,Home & Kitchen,Chef Knife Set,1,186.4,0.0,186.4,,0
102723,2025-01-03,Europe,France,Web,Beauty,Lip Palette,1,102.3,0.0,102.3,4.0,0
102724,2025-01-03,North America,Mexico,Web,Home & Kitchen,Air Fryer,2,179.99,0.0,359.98,,0
102725,2025-01-03,Europe,Spain,Web,Electronics,Wireless Earbuds,3,193.25,0.0,579.75,4.0,0
102726,2025-01-03,Asia Pacific,Singapore,Mobile App,Home & Kitchen,Chef Knife Set,1,191.85,0.0,191.85,3.0,0
102727,2025-01-03,North America,Mexico,Web,Beauty,Skincare Kit,1,119.86,0.05,113.87,3.0,0
102728,2025-01-03,Europe,Spain,Web,Home & Kitchen,Smart Lamp,1,212.2,0.05,201.59,3.0,1
102729,2025-01-03,North America,Canada,Web,Beauty,Fragrance Set,2,107.27,0.0,214.54,,0
102730,2025-01-04,North America,Canada,Mobile App,Home & Kitchen,Chef Knife Set,3,183.59,0.2,440.62,5.0,0
102731,2025-01-04,Europe,France,Web,Electronics,4K Monitor,4,152.13,0.2,486.82,,0
102732,2025-01-04,North America,United States,Web,Sports,Fitness Tracker,1,77.37,0.15,65.76,,0
102733,2025-01-04,Europe,United Kingdom,Web,Electronics,USB-C Hub,2,344.86,0.05,655.23,5.0,0
102734,2025-01-04,Latin America,Brazil,Mobile App,Home & Kitchen,Linen Bedding,4,155.07,0.0,620.28,5.0,0
102735,2025-01-04,Asia Pacific,India,Web,Home & Kitchen,Air Fryer,1,183.59,0.0,183.59,4.0,0
102736,2025-01-04,Asia Pacific,Singapore,Web,Electronics,Smartwatch,4,349.49,0.15,1188.27,,0
102737,2025-01-04,Latin America,Argentina,Web,Sports,Cycling Helmet,4,214.08,0.2,685.06,4.0,1
102738,2025-01-04,Europe,Germany,Mobile App,Sports,Dumbbell Set,4,169.79,0.0,679.16,4.0,0
102739,2025-01-05,Asia Pacific,Singapore,Web,Home & Kitchen,Air Fryer,2,181.83,0.0,363.66,,0
102740,2025-01-05,Asia Pacific,India,Mobile App,Beauty,Lip Palette,2,107.61,0.0,215.22,3.0,0
102741,2025-01-05,Asia Pacific,Australia,Marketplace,Beauty,Vitamin C Serum,4,44.02,0.0,176.08,,0
102742,2025-01-05,North America,United States,Mobile App,Home & Kitchen,Espresso Machine,2,87.34,0.1,157.21,,0
102743,2025-01-05,North America,Canada,Mobile App,Fashion,Running Shoes,2,55.22,0.0,110.44,3.0,0
102744,2025-01-05,Asia Pacific,India,Web,Home & Kitchen,Chef Knife Set,1,192.67,0.15,163.77,,0
102745,2025-01-05,North America,Mexico,Web,Electronics,Mechanical Keyboard,1,49.0,0.15,41.65,3.0,0
102746,2025-01-05,Europe,United Kingdom,Web,Fashion,Running Shoes,4,54.4,0.0,217.6,5.0,0
102747,2025-01-05,North America,Canada,Mobile App,Home & Kitchen,Chef Knife Set,4,174.55,0.15,593.47,5.0,0
102748,2025-01-06,Europe,France,Web,Electronics,Wireless Earbuds,2,170.65,0.0,341.3,,0
102749,2025-01-06,North America,United States,Marketplace,Fashion,Wool Sweater,1,42.69,0.15,36.29,5.0,0
102750,2025-01-06,North America,Canada,Web,Electronics,4K Monitor,4,147.73,0.0,590.92,4.0,0
102751,2025-01-06,Asia Pacific,Australia,Web,Home & Kitchen,Air Fryer,2,178.8,0.2,286.08,4.0,0
102752,2025-01-06,Europe,United Kingdom,Mobile App,Beauty,Lip Palette,1,117.37,0.1,105.63,4.0,1
102753,2025-01-06,Asia Pacific,India,Mobile App,Home & Kitchen,Linen Bedding,4,156.27,0.05,593.83,4.0,0
102754,2025-01-06,Asia Pacific,India,Mobile App,Electronics,4K Monitor,2,144.86,0.0,289.72,4.0,0
102755,2025-01-06,Europe,United Kingdom,Mobile App,Fashion,Denim Jacket,2,111.37,0.15,189.33,3.0,0
102756,2025-01-07,Asia Pacific,India,Mobile App,Sports,Dumbbell Set,4,186.15,0.0,744.6,5.0,0
102757,2025-01-07,North America,Mexico,Marketplace,Beauty,Vitamin C Serum,1,45.55,0.1,40.99,,0
102758,2025-01-07,Europe,Spain,Mobile App,Fashion,Denim Jacket,1,107.87,0.0,107.87,3.0,0
102759,2025-01-07,Europe,Germany,Mobile App,Home & Kitchen,Air Fryer,3,166.62,0.0,499.86,4.0,0
102760,2025-01-07,Latin America,Brazil,Mobile App,Electronics,Wireless Earbuds,3,177.74,0.1,479.9,3.0,0
102761,2025-01-07,Asia Pacific,India,Web,Home & Kitchen,Air Fryer,2,176.11,0.0,352.22,,0
102762,2025-01-07,Asia Pacific,Singapore,Web,Beauty,Hair Dryer,1,96.27,0.2,77.02,3.0,0
102763,2025-01-08,Europe,United Kingdom,Marketplace,Electronics,USB-C Hub,1,360.05,0.0,360.05,4.0,0
102764,2025-01-08,North America,Canada,Web,Beauty,Hair Dryer,3,103.81,0.05,295.86,5.0,0
102765,2025-01-08,North America,Canada,Web,Beauty,Vitamin C Serum,1,44.93,0.2,35.94,3.0,0
102766,2025-01-08,Latin America,Brazil,Web,Fashion,Wool Sweater,1,48.92,0.0,48.92,4.0,0
102767,2025-01-08,North America,Canada,Web,Electronics,Wireless Earbuds,2,193.88,0.15,329.6,4.0,0
102768,2025-01-08,Europe,Spain,Retail Partner,Fashion,Leather Belt,1,119.19,0.0,119.19,4.0,0
102769,2025-01-08,Europe,Spain,Marketplace,Electronics,Mechanical Keyboard,2,53.95,0.0,107.9,4.0,0
102770,2025-01-08,North America,Mexico,Marketplace,Sports,Dumbbell Set,1,167.08,0.0,167.08,4.0,0
102771,2025-01-09,Asia Pacific,Australia,Web,Fashion,Sunglasses,1,173.63,0.1,156.27,4.0,0
102772,2025-01-09,Asia Pacific,Singapore,Mobile App,Home & Kitchen,Smart Lamp,2,214.52,0.2,343.23,4.0,0
102773,2025-01-09,Latin America,Argentina,Web,Electronics,Smartwatch,2,369.42,0.15,628.01,5.0,0
102774,2025-01-09,Latin America,Chile,Marketplace,Electronics,4K Monitor,4,167.75,0.0,671.0,4.0,0
102775,2025-01-09,Asia Pacific,India,Retail Partner,Electronics,4K Monitor,3,150.27,0.1,405.73,5.0,0
102776,2025-01-10,North America,Canada,Marketplace,Electronics,Wireless Earbuds,1,191.99,0.0,191.99,5.0,1
102777,2025-01-10,Europe,United Kingdom,Mobile App,Beauty,Skincare Kit,1,115.51,0.0,115.51,,0
102778,2025-01-10,Europe,Germany,Marketplace,Fashion,Running Shoes,3,51.5,0.15,131.32,4.0,0
102779,2025-01-10,Europe,Germany,Web,Fashion,Leather Belt,4,132.83,0.05,504.75,5.0,0
102780,2025-01-10,Europe,Germany,Mobile App,Sports,Cycling Helmet,3,223.31,0.0,669.93,5.0,0
102781,2025-01-10,North America,Mexico,Web,Beauty,Hair Dryer,3,103.41,0.15,263.7,5.0,1
102782,2025-01-10,North America,Canada,Marketplace,Beauty,Vitamin C Serum,4,48.28,0.0,193.12,5.0,0
102783,2025-01-10,North America,Mexico,Marketplace,Fashion,Wool Sweater,1,42.26,0.05,40.15,4.0,0
102784,2025-01-10,North America,Mexico,Web,Electronics,4K Monitor,1,144.55,0.15,122.87,4.0,0
102785,2025-01-10,Europe,Germany,Web,Electronics,Smartwatch,2,359.57,0.0,719.14,5.0,0
102786,2025-01-10,North America,Mexico,Marketplace,Beauty,Skincare Kit,1,105.38,0.15,89.57,5.0,0
102787,2025-01-11,Asia Pacific,India,Retail Partner,Electronics,4K Monitor,4,169.17,0.2,541.34,,0
102788,2025-01-11,North America,United States,Mobile App,Electronics,USB-C Hub,1,356.79,0.1,321.11,,0
102789,2025-01-11,Europe,Germany,Mobile App,Home & Kitchen,Chef Knife Set,3,192.55,0.0,577.65,,0
102790,2025-01-11,Asia Pacific,Japan,Web,Home & Kitchen,Linen Bedding,1,147.46,0.0,147.46,5.0,0
102791,2025-01-11,North America,Mexico,Web,Sports,Fitness Tracker,2,67.12,0.1,120.82,,0
102792,2025-01-12,North America,United States,Web,Fashion,Running Shoes,3,55.43,0.15,141.35,5.0,0
102793,2025-01-12,Europe,France,Marketplace,Electronics,Smartwatch,3,381.92,0.0,1145.76,4.0,0
102794,2025-01-12,Asia Pacific,Singapore,Web,Electronics,4K Monitor,1,155.18,0.15,131.9,,0
102795,2025-01-12,Europe,Germany,Web,Fashion,Leather Belt,3,131.69,0.15,335.81,3.0,0
102796,2025-01-12,North America,Canada,Mobile App,Home & Kitchen,Espresso Machine,1,91.06,0.0,91.06,5.0,0
102797,2025-01-12,North America,United States,Marketplace,Home & Kitchen,Linen Bedding,4,154.77,0.1,557.17,,0
102798,2025-01-13,Asia Pacific,Australia,Mobile App,Sports,Trail Backpack,2,161.41,0.1,290.54,4.0,0
102799,2025-01-13,North America,Mexico,Mobile App,Electronics,USB-C Hub,2,370.57,0.15,629.97,3.0,0
102800,2025-01-13,Europe,Germany,Retail Partner,Fashion,Running Shoes,1,53.91,0.05,51.21,5.0,0
102801,2025-01-13,Europe,Germany,Web,Fashion,Leather Belt,4,123.4,0.0,493.6,4.0,0
102802,2025-01-13,Europe,Spain,Marketplace,Fashion,Sunglasses,1,188.16,0.2,150.53,4.0,0
102803,2025-01-13,North America,Canada,Retail Partner,Electronics,USB-C Hub,2,345.04,0.15,586.57,5.0,0
102804,2025-01-14,North America,Canada,Mobile App,Home & Kitchen,Smart Lamp,2,203.91,0.15,346.65,,0
102805,2025-01-14,North America,Mexico,Web,Fashion,Denim Jacket,4,111.0,0.15,377.4,5.0,0
102806,2025-01-14,Asia Pacific,Japan,Web,Sports,Cycling Helmet,4,200.13,0.2,640.42,,0
102807,2025-01-14,Europe,Germany,Mobile App,Sports,Fitness Tracker,4,70.5,0.15,239.7,4.0,0
102808,2025-01-14,North America,United States,Web,Electronics,Wireless Earbuds,1,183.78,0.0,183.78,4.0,0
102809,2025-01-14,Asia Pacific,Japan,Mobile App,Beauty,Lip Palette,2,117.68,0.0,235.36,,0
102810,2025-01-15,North America,Canada,Marketplace,Sports,Yoga Mat,3,108.76,0.0,326.28,,0
102811,2025-01-15,Europe,Germany,Retail Partner,Home & Kitchen,Smart Lamp,3,203.69,0.05,580.52,,0
102812,2025-01-15,Europe,France,Web,Beauty,Hair Dryer,1,97.2,0.0,97.2,3.0,0
102813,2025-01-15,Asia Pacific,Singapore,Mobile App,Sports,Trail Backpack,3,164.37,0.15,419.14,3.0,0
102814,2025-01-15,Europe,Spain,Web,Fashion,Leather Belt,4,118.88,0.0,475.52,,0
102815,2025-01-15,Asia Pacific,India,Mobile App,Electronics,Mechanical Keyboard,2,51.35,0.0,102.7,,0
102816,2025-01-16,Europe,Germany,Mobile App,Home & Kitchen,Linen Bedding,1,153.32,0.0,153.32,,0
102817,2025-01-16,Europe,France,Retail Partner,Electronics,Wireless Earbuds,1,190.59,0.1,171.53,3.0,0
102818,2025-01-16,Europe,Germany,Mobile App,Sports,Dumbbell Set,1,176.68,0.15,150.18,5.0,0
102819,2025-01-16,North America,Mexico,Mobile App,Electronics,Mechanical Keyboard,4,50.49,0.1,181.76,,0
102820,2025-01-16,North America,Canada,Retail Partner,Home & Kitchen,Air Fryer,3,178.04,0.2,427.3,5.0,0
102821,2025-01-16,Asia Pacific,India,Web,Fashion,Leather Belt,4,127.16,0.0,508.64,4.0,0
102822,2025-01-16,Europe,Germany,Mobile App,Sports,Fitness Tracker,4,70.75,0.0,283.0,4.0,0
102823,2025-01-16,Latin America,Chile,Mobile App,Electronics,Wireless Earbuds,4,182.13,0.2,582.82,5.0,0
102824,2025-01-17,Latin America,Argentina,Web,Home & Kitchen,Chef Knife Set,4,196.96,0.0,787.84,5.0,0
102825,2025-01-17,Asia Pacific,Singapore,Mobile App,Fashion,Denim Jacket,4,111.66,0.0,446.64,,0
102826,2025-01-17,Asia Pacific,Singapore,Web,Home & Kitchen,Espresso Machine,4,85.08,0.2,272.26,4.0,0
102827,2025-01-17,Europe,United Kingdom,Mobile App,Electronics,USB-C Hub,1,375.61,0.0,375.61,3.0,0
102828,2025-01-17,North America,United States,Web,Electronics,Smartwatch,3,384.71,0.0,1154.13,5.0,0
102829,2025-01-17,North America,United States,Web,Fashion,Leather Belt,3,119.7,0.05,341.14,,0
102830,2025-01-17,North America,Mexico,Mobile App,Beauty,Hair Dryer,3,95.39,0.0,286.17,3.0,0
102831,2025-01-17,Europe,France,Web,Home & Kitchen,Smart Lamp,3,204.96,0.05,584.14,5.0,0
102832,2025-01-17,North America,United States,Retail Partner,Home & Kitchen,Air Fryer,2,169.75,0.05,322.52,5.0,0
102833,2025-01-17,Asia Pacific,Singapore,Web,Electronics,Mechanical Keyboard,3,50.86,0.2,122.06,3.0,0
102834,2025-01-18,Asia Pacific,Japan,Web,Home & Kitchen,Linen Bedding,1,154.57,0.2,123.66,,0
102835,2025-01-18,Asia Pacific,Japan,Mobile App,Beauty,Fragrance Set,2,115.07,0.0,230.14,5.0,0
102836,2025-01-18,Europe,Spain,Mobile App,Beauty,Vitamin C Serum,3,45.25,0.1,122.17,4.0,0
102837,2025-01-18,Europe,Spain,Marketplace,Home & Kitchen,Espresso Machine,1,81.52,0.2,65.22,3.0,0
102838,2025-01-18,North America,United States,Mobile App,Electronics,Smartwatch,4,340.47,0.0,1361.88,,0
102839,2025-01-18,Europe,United Kingdom,Mobile App,Home & Kitchen,Chef Knife Set,3,197.47,0.0,592.41,5.0,0
102840,2025-01-18,Asia Pacific,Singapore,Marketplace,Home & Kitchen,Chef Knife Set,2,184.62,0.05,350.78,5.0,0
102841,2025-01-18,North America,United States,Mobile App,Home & Kitchen,Espresso Machine,2,84.3,0.1,151.74,4.0,0
102842,2025-01-18,North America,Mexico,Web,Home & Kitchen,Espresso Machine,2,85.94,0.2,137.5,5.0,0
102843,2025-01-18,North America,Mexico,Web,Home & Kitchen,Smart Lamp,1,184.28,0.2,147.42,4.0,0
102844,2025-01-18,Latin America,Argentina,Retail Partner,Fashion,Leather Belt,1,129.46,0.05,122.99,,0
102845,2025-01-19,North America,United States,Web,Sports,Cycling Helmet,2,232.62,0.15,395.45,5.0,0
102846,2025-01-19,North America,Mexico,Mobile App,Electronics,USB-C Hub,1,393.11,0.0,393.11,,0
102847,2025-01-19,North America,Canada,Marketplace,Fashion,Leather Belt,1,132.09,0.0,132.09,,0
102848,2025-01-19,Asia Pacific,India,Mobile App,Fashion,Sunglasses,2,174.49,0.0,348.98,,0
102849,2025-01-19,Asia Pacific,Singapore,Marketplace,Home & Kitchen,Air Fryer,1,159.15,0.15,135.28,4.0,0
102850,2025-01-19,Europe,Germany,Retail Partner,Home & Kitchen,Air Fryer,2,163.3,0.1,293.94,4.0,0
102851,2025-01-20,North America,Canada,Mobile App,Home & Kitchen,Smart Lamp,1,197.26,0.05,187.4,5.0,0
102852,2025-01-20,Asia Pacific,Australia,Retail Partner,Home & Kitchen,Air Fryer,2,163.39,0.15,277.76,4.0,0
102853,2025-01-20,North America,Mexico,Web,Beauty,Hair Dryer,1,97.77,0.15,83.1,5.0,0
102854,2025-01-20,North America,Canada,Marketplace,Fashion,Sunglasses,3,161.24,0.0,483.72,,0
102855,2025-01-20,Asia Pacific,Singapore,Mobile App,Electronics,Mechanical Keyboard,1,49.42,0.1,44.48,5.0,0
102856,2025-01-20,Latin America,Argentina,Mobile App,Electronics,Wireless Earbuds,2,190.35,0.0,380.7,4.0,1
102857,2025-01-20,North America,United States,Web,Electronics,Smartwatch,1,349.47,0.2,279.58,5.0,0
102858,2025-01-20,North America,Mexico,Mobile App,Home & Kitchen,Air Fryer,1,165.42,0.1,148.88,4.0,0
102859,2025-01-20,Asia Pacific,Japan,Marketplace,Home & Kitchen,Smart Lamp,4,185.18,0.05,703.68,5.0,0
102860,2025-01-20,Europe,France,Web,Sports,Trail Backpack,1,156.9,0.05,149.06,3.0,0
102861,2025-01-20,Latin America,Chile,Marketplace,Electronics,Wireless Earbuds,1,175.79,0.0,175.79,4.0,0
102862,2025-01-21,Europe,France,Mobile App,Sports,Trail Backpack,1,161.79,0.0,161.79,5.0,0
102863,2025-01-21,North America,Canada,Web,Fashion,Wool Sweater,1,47.26,0.0,47.26,5.0,0
102864,2025-01-21,Europe,France,Web,Electronics,USB-C Hub,3,347.12,0.0,1041.36,5.0,0
102865,2025-01-21,Europe,Germany,Mobile App,Electronics,Smartwatch,1,372.03,0.0,372.03,5.0,0
102866,2025-01-21,Europe,United Kingdom,Mobile App,Fashion,Denim Jacket,4,109.55,0.15,372.47,,0
102867,2025-01-21,Europe,United Kingdom,Marketplace,Beauty,Hair Dryer,4,100.65,0.1,362.34,,1
102868,2025-01-22,Europe,Spain,Marketplace,Electronics,Wireless Earbuds,1,172.07,0.15,146.26,,1
102869,2025-01-22,North America,Canada,Marketplace,Sports,Yoga Mat,1,104.16,0.15,88.54,4.0,0
102870,2025-01-22,North America,United States,Web,Electronics,Smartwatch,1,392.49,0.2,313.99,4.0,0
102871,2025-01-22,North America,Mexico,Mobile App,Home & Kitchen,Espresso Machine,2,81.65,0.05,155.13,,0
102872,2025-01-22,Europe,United Kingdom,Web,Electronics,USB-C Hub,1,350.39,0.0,350.39,4.0,0
102873,2025-01-22,North America,Mexico,Retail Partner,Fashion,Running Shoes,1,56.77,0.0,56.77,4.0,0
102874,2025-01-23,Latin America,Argentina,Mobile App,Sports,Cycling Helmet,1,212.73,0.15,180.82,4.0,0
102875,2025-01-23,Latin America,Brazil,Mobile App,Home & Kitchen,Smart Lamp,1,196.91,0.0,196.91,,0
102876,2025-01-23,Asia Pacific,Australia,Web,Home & Kitchen,Espresso Machine,2,90.31,0.05,171.59,5.0,0
102877,2025-01-23,Europe,United Kingdom,Web,Electronics,4K Monitor,2,157.72,0.1,283.9,,0
102878,2025-01-23,Europe,Spain,Marketplace,Electronics,Smartwatch,3,381.92,0.0,1145.76,4.0,0
102879,2025-01-23,Latin America,Argentina,Web,Home & Kitchen,Linen Bedding,1,147.56,0.2,118.05,4.0,0
102880,2025-01-23,North America,United States,Web,Fashion,Running Shoes,1,53.18,0.2,42.54,5.0,0
102881,2025-01-23,Europe,France,Web,Fashion,Denim Jacket,3,110.9,0.05,316.07,5.0,0
102882,2025-01-23,Asia Pacific,Japan,Web,Electronics,Smartwatch,1,370.89,0.15,315.26,5.0,0
102883,2025-01-24,North America,Mexico,Web,Beauty,Vitamin C Serum,1,42.48,0.05,40.36,,0
102884,2025-01-24,Asia Pacific,India,Web,Sports,Yoga Mat,2,104.54,0.0,209.08,,0
102885,2025-01-24,North America,Canada,Web,Beauty,Vitamin C Serum,1,43.58,0.0,43.58,5.0,0
102886,2025-01-24,Europe,United Kingdom,Mobile App,Fashion,Running Shoes,4,55.16,0.15,187.54,3.0,0
102887,2025-01-24,Europe,Spain,Web,Fashion,Denim Jacket,4,108.96,0.15,370.46,,0
102888,2025-01-24,Europe,Germany,Mobile App,Fashion,Sunglasses,4,188.21,0.0,752.84,3.0,1
102889,2025-01-24,Latin America,Brazil,Marketplace,Electronics,Smartwatch,1,343.01,0.2,274.41,5.0,0
102890,2025-01-24,Asia Pacific,Australia,Mobile App,Electronics,USB-C Hub,2,350.81,0.0,701.62,5.0,0
102891,2025-01-25,Europe,France,Mobile App,Beauty,Lip Palette,1,107.18,0.0,107.18,4.0,0
102892,2025-01-25,Asia Pacific,India,Mobile App,Home & Kitchen,Chef Knife Set,4,201.16,0.0,804.64,5.0,0
102893,2025-01-25,Asia Pacific,India,Mobile App,Electronics,4K Monitor,2,145.15,0.0,290.3,,0
102894,2025-01-25,Latin America,Chile,Mobile App,Fashion,Sunglasses,1,170.99,0.0,170.99,,0
102895,2025-01-25,Europe,United Kingdom,Marketplace,Electronics,4K Monitor,4,162.18,0.0,648.72,4.0,0
102896,2025-01-25,Europe,France,Web,Electronics,Smartwatch,1,388.45,0.1,349.61,4.0,0
102897,2025-01-25,North America,United States,Mobile App,Sports,Fitness Tracker,4,70.64,0.0,282.56,4.0,0
102898,2025-01-25,North America,Mexico,Marketplace,Sports,Trail Backpack,4,164.13,0.0,656.52,5.0,0
102899,2025-01-25,North America,Canada,Mobile App,Beauty,Fragrance Set,1,116.43,0.0,116.43,5.0,0
102900,2025-01-25,North America,Mexico,Marketplace,Beauty,Fragrance Set,2,109.67,0.0,219.34,5.0,0
102901,2025-01-25,Europe,United Kingdom,Retail Partner,Electronics,USB-C Hub,1,355.47,0.15,302.15,3.0,0
102902,2025-01-26,Europe,Spain,Mobile App,Home & Kitchen,Linen Bedding,2,161.02,0.1,289.84,,0
102903,2025-01-26,Latin America,Brazil,Web,Sports,Fitness Tracker,4,67.99,0.05,258.36,,1
102904,2025-01-26,Latin America,Argentina,Mobile App,Home & Kitchen,Chef Knife Set,1,195.8,0.1,176.22,4.0,0
102905,2025-01-26,Europe,Germany,Retail Partner,Sports,Fitness Tracker,3,68.43,0.0,205.29,5.0,0
102906,2025-01-26,Europe,France,Mobile App,Beauty,Vitamin C Serum,4,44.73,0.15,152.08,,0
102907,2025-01-26,Europe,Spain,Web,Sports,Dumbbell Set,1,181.43,0.0,181.43,5.0,0
102908,2025-01-26,Europe,France,Mobile App,Fashion,Sunglasses,3,170.55,0.0,511.65,4.0,1
102909,2025-01-26,North America,United States,Web,Electronics,USB-C Hub,2,346.82,0.0,693.64,,0
102910,2025-01-26,Latin America,Argentina,Web,Fashion,Running Shoes,1,54.97,0.2,43.98,5.0,0
102911,2025-01-27,Europe,France,Web,Sports,Trail Backpack,4,157.11,0.0,628.44,4.0,0
102912,2025-01-27,Asia Pacific,India,Web,Electronics,Mechanical Keyboard,2,49.22,0.15,83.67,5.0,0
102913,2025-01-27,Europe,Spain,Web,Home & Kitchen,Smart Lamp,2,206.86,0.2,330.98,,0
102914,2025-01-27,Europe,France,Web,Electronics,Mechanical Keyboard,3,51.05,0.15,130.18,,0
102915,2025-01-27,Asia Pacific,Japan,Marketplace,Beauty,Vitamin C Serum,2,48.42,0.15,82.31,4.0,0
102916,2025-01-27,Asia Pacific,Japan,Retail Partner,Home & Kitchen,Smart Lamp,1,189.73,0.0,189.73,5.0,0
102917,2025-01-27,North America,Canada,Mobile App,Electronics,USB-C Hub,1,374.01,0.05,355.31,,1
102918,2025-01-28,North America,Mexico,Mobile App,Electronics,Mechanical Keyboard,4,48.98,0.0,195.92,4.0,0
102919,2025-01-28,Europe,Spain,Mobile App,Beauty,Fragrance Set,2,115.08,0.2,184.13,3.0,0
102920,2025-01-28,North America,Mexico,Web,Home & Kitchen,Espresso Machine,1,91.07,0.2,72.86,5.0,0
102921,2025-01-28,Latin America,Argentina,Web,Sports,Fitness Tracker,2,78.0,0.1,140.4,,0
102922,2025-01-28,North America,United States,Web,Electronics,4K Monitor,1,167.94,0.1,151.15,,0
102923,2025-01-28,Europe,Germany,Web,Electronics,Smartwatch,2,386.72,0.15,657.42,,0
102924,2025-01-28,Europe,Spain,Web,Fashion,Wool Sweater,1,43.19,0.2,34.55,3.0,0
102925,2025-01-28,North America,United States,Marketplace,Fashion,Leather Belt,2,118.62,0.05,225.38,5.0,1
102926,2025-01-28,Europe,Spain,Mobile App,Electronics,Wireless Earbuds,3,190.57,0.0,571.71,4.0,0
102927,2025-01-29,Latin America,Brazil,Mobile App,Home & Kitchen,Air Fryer,2,168.41,0.0,336.82,4.0,0
102928,2025-01-29,Latin America,Chile,Retail Partner,Electronics,4K Monitor,4,163.19,0.0,652.76,4.0,0
102929,2025-01-29,Europe,United Kingdom,Web,Electronics,Smartwatch,4,375.96,0.2,1203.07,4.0,0
102930,2025-01-29,Asia Pacific,Australia,Mobile App,Electronics,4K Monitor,1,163.25,0.0,163.25,4.0,0
102931,2025-01-29,North America,United States,Mobile App,Beauty,Skincare Kit,1,106.55,0.2,85.24,,0
102932,2025-01-29,Asia Pacific,Japan,Web,Fashion,Leather Belt,1,117.11,0.15,99.54,,0
102933,2025-01-29,North America,United States,Mobile App,Fashion,Wool Sweater,3,44.17,0.2,106.01,4.0,0
102934,2025-01-29,Europe,Germany,Marketplace,Sports,Cycling Helmet,2,233.92,0.0,467.84,4.0,0
102935,2025-01-30,North America,United States,Web,Home & Kitchen,Espresso Machine,4,88.22,0.0,352.88,,0
102936,2025-01-30,North America,Mexico,Marketplace,Beauty,Fragrance Set,1,108.99,0.2,87.19,5.0,0
102937,2025-01-30,Europe,United Kingdom,Mobile App,Beauty,Skincare Kit,1,108.61,0.15,92.32,5.0,0
102938,2025-01-30,Asia Pacific,Australia,Retail Partner,Home & Kitchen,Linen Bedding,1,167.55,0.0,167.55,4.0,0
102939,2025-01-30,North America,Mexico,Retail Partner,Beauty,Lip Palette,1,102.21,0.15,86.88,5.0,0
102940,2025-01-30,Europe,France,Mobile App,Beauty,Lip Palette,1,108.91,0.05,103.46,3.0,0
102941,2025-01-30,Europe,France,Web,Fashion,Leather Belt,3,135.1,0.05,385.03,5.0,0
102942,2025-01-30,Europe,United Kingdom,Mobile App,Electronics,Mechanical Keyboard,4,52.51,0.05,199.54,4.0,0
102943,2025-01-30,Latin America,Brazil,Web,Beauty,Lip Palette,3,105.93,0.0,317.79,3.0,0
102944,2025-01-31,Europe,Germany,Mobile App,Fashion,Leather Belt,1,121.42,0.1,109.28,,0
102945,2025-01-31,North America,United States,Marketplace,Sports,Fitness Tracker,1,72.97,0.0,72.97,4.0,0
102946,2025-01-31,North America,Mexico,Mobile App,Electronics,Smartwatch,2,375.89,0.0,751.78,3.0,0
102947,2025-01-31,Latin America,Chile,Mobile App,Beauty,Fragrance Set,2,102.72,0.1,184.9,4.0,1
102948,2025-01-31,Latin America,Brazil,Web,Home & Kitchen,Air Fryer,2,176.99,0.0,353.98,4.0,0
102949,2025-01-31,North America,United States,Web,Sports,Trail Backpack,2,143.69,0.05,273.01,5.0,0
102950,2025-01-31,Europe,France,Mobile App,Fashion,Leather Belt,3,124.63,0.1,336.5,5.0,0
102951,2025-01-31,North America,Canada,Retail Partner,Home & Kitchen,Smart Lamp,2,184.44,0.2,295.1,,0
102952,2025-02-01,Latin America,Brazil,Marketplace,Beauty,Lip Palette,2,116.9,0.1,210.42,3.0,0
102953,2025-02-01,Europe,France,Web,Fashion,Leather Belt,3,122.92,0.2,295.01,5.0,1
102954,2025-02-01,Europe,United Kingdom,Mobile App,Fashion,Denim Jacket,2,112.56,0.0,225.12,,0
102955,2025-02-01,North America,Canada,Web,Electronics,4K Monitor,1,166.59,0.15,141.6,4.0,0
102956,2025-02-01,Europe,France,Retail Partner,Sports,Trail Backpack,1,158.99,0.0,158.99,4.0,0
102957,2025-02-01,Europe,United Kingdom,Mobile App,Electronics,USB-C Hub,1,379.7,0.2,303.76,5.0,0
102958,2025-02-01,Latin America,Argentina,Mobile App,Electronics,Wireless Earbuds,3,171.49,0.2,411.58,4.0,0
102959,2025-02-01,Latin America,Argentina,Mobile App,Electronics,Mechanical Keyboard,2,47.42,0.0,94.84,5.0,0
102960,2025-02-01,Europe,France,Mobile App,Home & Kitchen,Air Fryer,1,175.02,0.0,175.02,3.0,0
102961,2025-02-01,North America,Canada,Mobile App,Beauty,Hair Dryer,3,91.02,0.15,232.1,5.0,0
102962,2025-02-02,Europe,United Kingdom,Web,Home & Kitchen,Air Fryer,2,167.36,0.2,267.78,,0
102963,2025-02-02,North America,Mexico,Web,Home & Kitchen,Espresso Machine,1,87.92,0.0,87.92,4.0,0
102964,2025-02-02,Latin America,Argentina,Mobile App,Electronics,USB-C Hub,1,352.91,0.2,282.33,,0
102965,2025-02-03,North America,Canada,Web,Home & Kitchen,Espresso Machine,1,79.0,0.0,79.0,5.0,0
102966,2025-02-03,North America,Canada,Marketplace,Beauty,Lip Palette,2,104.85,0.0,209.7,4.0,0
102967,2025-02-04,North America,United States,Web,Electronics,4K Monitor,1,167.16,0.15,142.09,5.0,0
102968,2025-02-04,North America,United States,Marketplace,Fashion,Denim Jacket,2,97.24,0.1,175.03,5.0,0
102969,2025-02-04,Europe,Spain,Web,Electronics,4K Monitor,2,166.98,0.2,267.17,5.0,0
102970,2025-02-04,Latin America,Chile,Marketplace,Fashion,Denim Jacket,2,111.64,0.2,178.62,5.0,0
102971,2025-02-04,Europe,Germany,Retail Partner,Home & Kitchen,Smart Lamp,4,208.61,0.15,709.27,3.0,0
102972,2025-02-04,Latin America,Chile,Web,Fashion,Wool Sweater,3,45.38,0.0,136.14,5.0,0
102973,2025-02-04,Asia Pacific,Singapore,Marketplace,Sports,Yoga Mat,2,116.18,0.0,232.36,5.0,1
102974,2025-02-04,North America,Canada,Marketplace,Sports,Fitness Tracker,2,72.45,0.1,130.41,5.0,0
102975,2025-02-04,Asia Pacific,Singapore,Marketplace,Electronics,Smartwatch,1,397.47,0.0,397.47,,0
102976,2025-02-05,Asia Pacific,India,Mobile App,Electronics,USB-C Hub,1,346.4,0.1,311.76,3.0,0
102977,2025-02-05,Europe,United Kingdom,Mobile App,Electronics,USB-C Hub,2,380.63,0.1,685.13,,0
102978,2025-02-06,North America,Canada,Mobile App,Home & Kitchen,Air Fryer,1,177.08,0.0,177.08,,0
102979,2025-02-06,Europe,France,Mobile App,Home & Kitchen,Air Fryer,1,168.22,0.15,142.99,5.0,0
102980,2025-02-06,Asia Pacific,India,Web,Home & Kitchen,Air Fryer,1,168.64,0.0,168.64,4.0,0
102981,2025-02-06,Asia Pacific,Australia,Web,Electronics,4K Monitor,3,166.33,0.05,474.04,,0
102982,2025-02-06,North America,Mexico,Mobile App,Electronics,Smartwatch,4,352.77,0.0,1411.08,4.0,0
102983,2025-02-06,North America,Canada,Web,Beauty,Lip Palette,4,100.92,0.0,403.68,5.0,0
102984,2025-02-06,Latin America,Brazil,Web,Beauty,Fragrance Set,3,100.57,0.0,301.71,4.0,0
102985,2025-02-06,Europe,United Kingdom,Web,Home & Kitchen,Smart Lamp,4,215.0,0.1,774.0,3.0,0
102986,2025-02-06,Europe,France,Retail Partner,Beauty,Fragrance Set,2,106.11,0.0,212.22,5.0,0
102987,2025-02-06,Europe,France,Web,Electronics,USB-C Hub,3,342.79,0.0,1028.37,,0
102988,2025-02-07,Latin America,Argentina,Marketplace,Electronics,Wireless Earbuds,1,174.21,0.05,165.5,5.0,0
102989,2025-02-07,Asia Pacific,Singapore,Mobile App,Electronics,USB-C Hub,2,353.52,0.1,636.34,,0
102990,2025-02-07,Asia Pacific,India,Web,Fashion,Wool Sweater,2,46.47,0.15,79.0,4.0,0
102991,2025-02-07,Europe,France,Mobile App,Beauty,Skincare Kit,3,120.37,0.0,361.11,,0
102992,2025-02-07,Asia Pacific,Japan,Web,Home & Kitchen,Air Fryer,4,157.61,0.1,567.4,5.0,0
102993,2025-02-08,Asia Pacific,Australia,Mobile App,Fashion,Denim Jacket,1,105.29,0.2,84.23,4.0,0
102994,2025-02-08,Europe,United Kingdom,Marketplace,Home & Kitchen,Espresso Machine,1,85.16,0.15,72.39,3.0,0
102995,2025-02-08,Asia Pacific,Singapore,Mobile App,Fashion,Sunglasses,3,182.59,0.0,547.77,5.0,0
102996,2025-02-08,North America,United States,Web,Electronics,USB-C Hub,2,368.41,0.0,736.82,3.0,0
102997,2025-02-08,Europe,Spain,Marketplace,Fashion,Denim Jacket,1,109.75,0.15,93.29,5.0,1
102998,2025-02-08,Asia Pacific,Singapore,Mobile App,Fashion,Running Shoes,1,58.38,0.2,46.7,,1
102999,2025-02-08,Europe,United Kingdom,Web,Electronics,USB-C Hub,2,339.39,0.15,576.96,5.0,0
103000,2025-02-08,Asia Pacific,Japan,Mobile App,Electronics,USB-C Hub,3,363.81,0.2,873.14,3.0,0
103001,2025-02-09,Latin America,Argentina,Marketplace,Fashion,Running Shoes,2,52.9,0.0,105.8,4.0,0
103002,2025-02-09,North America,United States,Web,Electronics,Smartwatch,4,353.37,0.1,1272.13,5.0,0
103003,2025-02-09,Europe,United Kingdom,Mobile App,Fashion,Sunglasses,1,171.98,0.0,171.98,4.0,0
103004,2025-02-09,Asia Pacific,Australia,Web,Beauty,Skincare Kit,1,114.23,0.0,114.23,4.0,0
103005,2025-02-09,Asia Pacific,Japan,Marketplace,Fashion,Wool Sweater,3,45.82,0.1,123.71,5.0,0
103006,2025-02-09,Europe,France,Web,Beauty,Skincare Kit,4,110.55,0.15,375.87,,0
103007,2025-02-09,North America,Canada,Marketplace,Home & Kitchen,Air Fryer,1,178.1,0.05,169.19,,0
103008,2025-02-09,Europe,United Kingdom,Mobile App,Fashion,Denim Jacket,2,112.21,0.2,179.54,3.0,0
103009,2025-02-09,Europe,United Kingdom,Web,Sports,Yoga Mat,2,107.81,0.05,204.84,3.0,0
103010,2025-02-10,Europe,Spain,Web,Electronics,Wireless Earbuds,3,167.59,0.05,477.63,,0
103011,2025-02-10,North America,Canada,Web,Electronics,4K Monitor,1,158.71,0.2,126.97,4.0,0
103012,2025-02-10,Europe,United Kingdom,Web,Beauty,Hair Dryer,1,96.69,0.0,96.69,,1
103013,2025-02-10,Europe,United Kingdom,Web,Home & Kitchen,Smart Lamp,2,196.07,0.05,372.53,5.0,0
103014,2025-02-10,Asia Pacific,Japan,Marketplace,Electronics,Smartwatch,1,342.6,0.15,291.21,4.0,0
103015,2025-02-10,Asia Pacific,Japan,Mobile App,Electronics,USB-C Hub,4,350.95,0.0,1403.8,5.0,0
103016,2025-02-10,Asia Pacific,Singapore,Mobile App,Fashion,Sunglasses,4,180.6,0.0,722.4,,0
103017,2025-02-11,Europe,France,Retail Partner,Fashion,Wool Sweater,1,46.99,0.2,37.59,4.0,0
103018,2025-02-11,Europe,Germany,Web,Fashion,Wool Sweater,3,44.93,0.15,114.57,3.0,0
103019,2025-02-11,North America,Canada,Retail Partner,Electronics,Mechanical Keyboard,1,47.58,0.1,42.82,3.0,0
103020,2025-02-11,North America,Canada,Marketplace,Fashion,Running Shoes,3,58.9,0.1,159.03,4.0,0
103021,2025-02-11,North America,Canada,Web,Home & Kitchen,Chef Knife Set,2,180.06,0.1,324.11,,0
103022,2025-02-11,Europe,Germany,Mobile App,Sports,Dumbbell Set,4,185.83,0.1,668.99,4.0,0
103023,2025-02-11,North America,Canada,Web,Fashion,Leather Belt,3,136.52,0.0,409.56,,0
103024,2025-02-12,Europe,Germany,Web,Fashion,Wool Sweater,2,46.6,0.0,93.2,,0
103025,2025-02-12,Asia Pacific,Japan,Mobile App,Beauty,Vitamin C Serum,4,45.86,0.0,183.44,4.0,0
103026,2025-02-12,Asia Pacific,Singapore,Web,Electronics,Smartwatch,1,368.25,0.05,349.84,5.0,0
103027,2025-02-12,North America,Mexico,Mobile App,Fashion,Denim Jacket,4,102.35,0.1,368.46,4.0,1
103028,2025-02-12,Europe,France,Mobile App,Beauty,Skincare Kit,1,117.57,0.2,94.06,,0
103029,2025-02-12,Europe,France,Web,Fashion,Sunglasses,4,186.72,0.15,634.85,4.0,1
103030,2025-02-12,North America,Mexico,Web,Electronics,Wireless Earbuds,4,172.96,0.0,691.84,,0
103031,2025-02-12,North America,Canada,Marketplace,Sports,Trail Backpack,2,160.51,0.0,321.02,3.0,0
103032,2025-02-12,North America,Mexico,Mobile App,Fashion,Sunglasses,3,175.08,0.1,472.72,,0
103033,2025-02-12,Latin America,Brazil,Mobile App,Beauty,Hair Dryer,1,96.37,0.1,86.73,5.0,0
103034,2025-02-13,Asia Pacific,Japan,Mobile App,Home & Kitchen,Linen Bedding,1,166.59,0.1,149.93,5.0,0
103035,2025-02-13,Europe,Germany,Web,Fashion,Running Shoes,2,57.02,0.15,96.93,,0
103036,2025-02-13,Latin America,Chile,Mobile App,Fashion,Running Shoes,1,57.9,0.05,55.0,5.0,0
103037,2025-02-13,North America,Canada,Web,Sports,Dumbbell Set,2,178.94,0.0,357.88,,0
103038,2025-02-13,Asia Pacific,Australia,Web,Electronics,Smartwatch,1,390.76,0.0,390.76,5.0,0
103039,2025-02-13,North America,Mexico,Retail Partner,Fashion,Denim Jacket,1,107.74,0.1,96.97,5.0,0
103040,2025-02-13,North America,United States,Web,Fashion,Running Shoes,1,59.04,0.1,53.14,4.0,0
103041,2025-02-13,Europe,United Kingdom,Mobile App,Home & Kitchen,Linen Bedding,3,160.96,0.1,434.59,4.0,0
103042,2025-02-13,North America,United States,Web,Fashion,Denim Jacket,1,109.1,0.15,92.73,4.0,0
103043,2025-02-13,North America,United States,Mobile App,Electronics,Wireless Earbuds,3,179.97,0.0,539.91,,0
103044,2025-02-13,North America,Mexico,Mobile App,Electronics,Smartwatch,4,371.94,0.0,1487.76,,0
103045,2025-02-14,Europe,United Kingdom,Retail Partner,Beauty,Fragrance Set,3,112.8,0.1,304.56,4.0,0
103046,2025-02-14,Latin America,Brazil,Mobile App,Beauty,Fragrance Set,1,109.53,0.0,109.53,5.0,0
103047,2025-02-14,Europe,Spain,Web,Beauty,Hair Dryer,4,104.29,0.05,396.3,,0
103048,2025-02-15,Europe,United Kingdom,Mobile App,Fashion,Denim Jacket,2,100.26,0.0,200.52,5.0,0
103049,2025-02-15,Asia Pacific,Singapore,Mobile App,Fashion,Running Shoes,2,59.53,0.0,119.06,5.0,0
103050,2025-02-15,Asia Pacific,India,Marketplace,Electronics,Wireless Earbuds,1,182.76,0.15,155.35,5.0,0
103051,2025-02-15,North America,United States,Web,Sports,Trail Backpack,2,164.26,0.0,328.52,4.0,0
103052,2025-02-15,Latin America,Chile,Marketplace,Beauty,Lip Palette,1,105.96,0.1,95.36,5.0,0
103053,2025-02-15,Asia Pacific,Singapore,Web,Fashion,Leather Belt,1,130.39,0.2,104.31,5.0,0
103054,2025-02-15,Asia Pacific,Japan,Mobile App,Beauty,Skincare Kit,2,109.28,0.0,218.56,5.0,0
103055,2025-02-15,Asia Pacific,Japan,Web,Beauty,Vitamin C Serum,1,45.56,0.05,43.28,,0
103056,2025-02-15,Europe,Germany,Mobile App,Electronics,4K Monitor,1,150.18,0.05,142.67,3.0,0
103057,2025-02-15,Asia Pacific,Japan,Mobile App,Sports,Cycling Helmet,2,217.29,0.0,434.58,,0
103058,2025-02-15,Europe,France,Web,Fashion,Running Shoes,2,52.0,0.0,104.0,3.0,0
103059,2025-02-16,Europe,United Kingdom,Retail Partner,Electronics,Wireless Earbuds,1,183.84,0.1,165.46,,0
103060,2025-02-16,Europe,Germany,Web,Electronics,Mechanical Keyboard,2,47.7,0.15,81.09,3.0,0
103061,2025-02-16,North America,United States,Mobile App,Sports,Fitness Tracker,2,75.1,0.0,150.2,3.0,0
103062,2025-02-16,North America,Canada,Web,Home & Kitchen,Linen Bedding,2,170.32,0.0,340.64,4.0,0
103063,2025-02-17,North America,United States,Web,Fashion,Leather Belt,4,126.9,0.0,507.6,5.0,0
103064,2025-02-17,Europe,Germany,Web,Electronics,4K Monitor,1,147.82,0.0,147.82,5.0,0
103065,2025-02-17,North America,Canada,Web,Electronics,Smartwatch,1,388.83,0.2,311.06,5.0,0
103066,2025-02-17,North America,United States,Marketplace,Beauty,Fragrance Set,1,116.37,0.0,116.37,,0
103067,2025-02-17,Europe,United Kingdom,Mobile App,Fashion,Leather Belt,4,120.84,0.0,483.36,3.0,0
103068,2025-02-17,North America,United States,Mobile App,Electronics,Smartwatch,2,359.48,0.0,718.96,,0
103069,2025-02-17,Asia Pacific,Singapore,Web,Electronics,Wireless Earbuds,2,178.62,0.2,285.79,,0
103070,2025-02-17,North America,United States,Mobile App,Beauty,Lip Palette,2,102.07,0.0,204.14,,0
103071,2025-02-17,North America,Mexico,Web,Home & Kitchen,Air Fryer,2,177.19,0.0,354.38,5.0,0
103072,2025-02-18,Asia Pacific,Singapore,Marketplace,Home & Kitchen,Espresso Machine,1,88.17,0.0,88.17,5.0,0
103073,2025-02-18,Asia Pacific,Australia,Web,Electronics,Wireless Earbuds,1,166.8,0.2,133.44,3.0,0
103074,2025-02-18,North America,United States,Marketplace,Home & Kitchen,Air Fryer,1,166.04,0.2,132.83,4.0,0
103075,2025-02-18,North America,Mexico,Mobile App,Electronics,Mechanical Keyboard,2,51.03,0.2,81.65,,0
103076,2025-02-18,North America,Canada,Mobile App,Sports,Yoga Mat,1,106.88,0.0,106.88,4.0,0
103077,2025-02-18,Latin America,Chile,Web,Fashion,Denim Jacket,1,101.67,0.05,96.59,5.0,0
103078,2025-02-18,North America,Canada,Web,Beauty,Fragrance Set,1,103.72,0.15,88.16,,0
103079,2025-02-18,Europe,United Kingdom,Web,Electronics,4K Monitor,1,157.12,0.2,125.7,4.0,0
103080,2025-02-18,Europe,United Kingdom,Mobile App,Electronics,Wireless Earbuds,3,166.0,0.0,498.0,4.0,0
103081,2025-02-19,Europe,United Kingdom,Marketplace,Sports,Yoga Mat,2,107.95,0.0,215.9,,0
103082,2025-02-19,North America,United States,Mobile App,Fashion,Running Shoes,2,59.22,0.0,118.44,3.0,0
103083,2025-02-19,Latin America,Chile,Mobile App,Sports,Fitness Tracker,4,69.11,0.0,276.44,4.0,0
103084,2025-02-19,Europe,Spain,Web,Fashion,Sunglasses,4,178.55,0.0,714.2,4.0,0
103085,2025-02-19,Europe,Germany,Mobile App,Beauty,Hair Dryer,1,96.54,0.2,77.23,,0
103086,2025-02-19,Europe,Spain,Mobile App,Beauty,Lip Palette,3,112.0,0.0,336.0,4.0,1
103087,2025-02-19,North America,Mexico,Mobile App,Fashion,Denim Jacket,4,105.48,0.0,421.92,4.0,0
103088,2025-02-19,Europe,Spain,Mobile App,Beauty,Lip Palette,1,108.91,0.2,87.13,5.0,0
103089,2025-02-19,North America,Canada,Mobile App,Electronics,Wireless Earbuds,1,185.03,0.0,185.03,4.0,1
103090,2025-02-19,North America,Mexico,Marketplace,Electronics,Wireless Earbuds,2,182.39,0.1,328.3,,0
103091,2025-02-19,Europe,Spain,Web,Electronics,Smartwatch,3,386.74,0.2,928.18,5.0,0
103092,2025-02-19,North America,Canada,Web,Fashion,Wool Sweater,1,43.3,0.2,34.64,5.0,1
103093,2025-02-19,North America,Canada,Web,Home & Kitchen,Linen Bedding,1,159.12,0.0,159.12,5.0,0
103094,2025-02-20,Europe,Spain,Web,Sports,Trail Backpack,2,156.96,0.15,266.83,4.0,0
103095,2025-02-20,Europe,Spain,Web,Electronics,4K Monitor,2,146.48,0.1,263.66,,0
103096,2025-02-20,North America,Mexico,Mobile App,Beauty,Lip Palette,1,115.18,0.0,115.18,5.0,0
103097,2025-02-20,Europe,Germany,Mobile App,Electronics,Wireless Earbuds,4,175.82,0.05,668.12,3.0,0
103098,2025-02-20,Asia Pacific,Japan,Mobile App,Electronics,Wireless Earbuds,2,173.26,0.1,311.87,5.0,0
103099,2025-02-20,North America,Canada,Marketplace,Electronics,Smartwatch,4,348.16,0.0,1392.64,5.0,0
103100,2025-02-20,Latin America,Argentina,Web,Fashion,Leather Belt,4,121.19,0.15,412.05,4.0,0
103101,2025-02-20,North America,United States,Web,Home & Kitchen,Linen Bedding,1,157.84,0.0,157.84,4.0,0
103102,2025-02-20,Europe,France,Mobile App,Beauty,Hair Dryer,4,95.06,0.15,323.2,5.0,1
103103,2025-02-20,North America,Canada,Mobile App,Sports,Yoga Mat,1,107.82,0.1,97.04,5.0,0
103104,2025-02-21,Europe,Germany,Mobile App,Electronics,USB-C Hub,1,392.2,0.15,333.37,,0
103105,2025-02-21,Europe,France,Web,Home & Kitchen,Air Fryer,1,163.67,0.05,155.49,5.0,0
103106,2025-02-21,Europe,Germany,Marketplace,Electronics,Wireless Earbuds,2,185.68,0.1,334.22,5.0,0
103107,2025-02-21,North America,Mexico,Mobile App,Home & Kitchen,Linen Bedding,2,147.51,0.05,280.27,5.0,0
103108,2025-02-21,North America,United States,Retail Partner,Sports,Cycling Helmet,1,205.53,0.15,174.7,,0
103109,2025-02-21,Europe,Germany,Web,Home & Kitchen,Espresso Machine,4,82.73,0.05,314.37,5.0,0
103110,2025-02-21,Asia Pacific,Australia,Mobile App,Electronics,4K Monitor,2,159.69,0.0,319.38,4.0,0
103111,2025-02-22,Europe,United Kingdom,Web,Electronics,Mechanical Keyboard,4,52.72,0.0,210.88,4.0,0
103112,2025-02-22,North America,Mexico,Web,Fashion,Denim Jacket,1,102.12,0.0,102.12,4.0,0
103113,2025-02-22,Europe,France,Retail Partner,Electronics,Smartwatch,1,379.83,0.2,303.86,5.0,0
103114,2025-02-22,North America,United States,Mobile App,Fashion,Leather Belt,3,126.26,0.2,303.02,,0
103115,2025-02-22,Europe,United Kingdom,Web,Fashion,Wool Sweater,1,47.74,0.0,47.74,,0
103116,2025-02-22,Latin America,Brazil,Marketplace,Beauty,Skincare Kit,4,113.06,0.2,361.79,3.0,0
103117,2025-02-22,North America,Canada,Web,Home & Kitchen,Smart Lamp,2,185.4,0.1,333.72,,0
103118,2025-02-23,Europe,France,Web,Home & Kitchen,Air Fryer,1,163.79,0.2,131.03,4.0,0
103119,2025-02-23,Latin America,Chile,Mobile App,Electronics,USB-C Hub,1,385.55,0.15,327.72,,0
103120,2025-02-23,North America,Canada,Retail Partner,Electronics,USB-C Hub,1,391.61,0.05,372.03,,0
103121,2025-02-23,Europe,United Kingdom,Web,Electronics,Smartwatch,1,368.86,0.1,331.97,4.0,0
103122,2025-02-23,Europe,Germany,Mobile App,Electronics,Smartwatch,1,386.52,0.15,328.54,5.0,0
103123,2025-02-23,Asia Pacific,Japan,Mobile App,Electronics,Wireless Earbuds,1,173.42,0.0,173.42,4.0,0
103124,2025-02-23,Asia Pacific,India,Mobile App,Electronics,Smartwatch,1,393.63,0.15,334.59,3.0,0
103125,2025-02-23,North America,Mexico,Web,Sports,Fitness Tracker,2,77.89,0.05,147.99,,0
103126,2025-02-24,North America,Mexico,Mobile App,Electronics,Smartwatch,3,348.69,0.05,993.77,3.0,0
103127,2025-02-24,North America,Mexico,Web,Fashion,Leather Belt,1,129.44,0.2,103.55,,0
103128,2025-02-24,Latin America,Chile,Web,Sports,Fitness Tracker,3,72.66,0.0,217.98,5.0,0
103129,2025-02-24,Europe,Spain,Mobile App,Sports,Yoga Mat,1,120.01,0.05,114.01,3.0,0
103130,2025-02-24,North America,Mexico,Mobile App,Electronics,Wireless Earbuds,2,168.53,0.0,337.06,5.0,0
103131,2025-02-24,Europe,France,Web,Home & Kitchen,Air Fryer,1,158.55,0.15,134.77,4.0,0
103132,2025-02-24,Europe,Spain,Mobile App,Sports,Dumbbell Set,2,182.04,0.1,327.67,3.0,0
103133,2025-02-24,Asia Pacific,Singapore,Web,Electronics,Smartwatch,2,349.94,0.0,699.88,5.0,0
103134,2025-02-24,Asia Pacific,Japan,Web,Home & Kitchen,Linen Bedding,1,158.21,0.0,158.21,5.0,0
103135,2025-02-25,North America,Mexico,Retail Partner,Electronics,Mechanical Keyboard,2,54.72,0.0,109.44,5.0,0
103136,2025-02-25,Latin America,Argentina,Web,Home & Kitchen,Air Fryer,2,170.16,0.0,340.32,,0
103137,2025-02-25,North America,Canada,Mobile App,Sports,Trail Backpack,3,163.34,0.0,490.02,3.0,0
103138,2025-02-25,North America,Mexico,Mobile App,Home & Kitchen,Air Fryer,3,181.12,0.0,543.36,,0
103139,2025-02-25,Latin America,Brazil,Mobile App,Electronics,Wireless Earbuds,1,179.74,0.15,152.78,,0
103140,2025-02-26,Europe,Spain,Marketplace,Home & Kitchen,Air Fryer,3,170.2,0.0,510.6,5.0,0
103141,2025-02-26,Asia Pacific,India,Web,Electronics,Smartwatch,2,340.6,0.05,647.14,,0
103142,2025-02-26,Europe,Germany,Retail Partner,Home & Kitchen,Espresso Machine,2,79.42,0.15,135.01,,1
103143,2025-02-26,Europe,Germany,Retail Partner,Electronics,Mechanical Keyboard,1,49.46,0.2,39.57,,1
103144,2025-02-26,North America,Canada,Mobile App,Beauty,Skincare Kit,2,118.52,0.0,237.04,4.0,0
103145,2025-02-26,Asia Pacific,Australia,Marketplace,Electronics,USB-C Hub,2,369.81,0.05,702.64,5.0,0
103146,2025-02-27,North America,United States,Retail Partner,Electronics,Mechanical Keyboard,1,51.33,0.0,51.33,3.0,0
103147,2025-02-27,Europe,France,Marketplace,Sports,Dumbbell Set,1,175.79,0.15,149.42,5.0,0
103148,2025-02-27,North America,Canada,Mobile App,Home & Kitchen,Chef Knife Set,1,183.85,0.05,174.66,,0
103149,2025-02-27,Europe,France,Web,Electronics,Smartwatch,1,342.44,0.2,273.95,3.0,0
103150,2025-02-27,North America,United States,Marketplace,Fashion,Denim Jacket,3,97.3,0.0,291.9,5.0,0
103151,2025-02-27,Asia Pacific,India,Web,Electronics,Mechanical Keyboard,3,53.8,0.0,161.4,5.0,0
103152,2025-02-27,Latin America,Brazil,Web,Fashion,Wool Sweater,1,42.84,0.05,40.7,,0
103153,2025-02-27,North America,United States,Mobile App,Electronics,4K Monitor,2,168.18,0.0,336.36,,0
103154,2025-02-27,Asia Pacific,Australia,Mobile App,Fashion,Denim Jacket,2,104.14,0.15,177.04,5.0,1
103155,2025-02-28,North America,United States,Web,Home & Kitchen,Smart Lamp,4,187.59,0.15,637.81,,0
103156,2025-02-28,Asia Pacific,Japan,Marketplace,Beauty,Vitamin C Serum,2,44.2,0.1,79.56,,0
103157,2025-02-28,North America,United States,Marketplace,Electronics,USB-C Hub,1,364.45,0.0,364.45,5.0,0
103158,2025-02-28,North America,United States,Web,Home & Kitchen,Espresso Machine,2,90.07,0.15,153.12,,0
103159,2025-02-28,North America,United States,Mobile App,Home & Kitchen,Linen Bedding,2,148.33,0.15,252.16,,0
103160,2025-03-01,North America,Canada,Web,Electronics,Mechanical Keyboard,1,50.47,0.2,40.38,5.0,0
103161,2025-03-01,Europe,United Kingdom,Marketplace,Electronics,Mechanical Keyboard,3,49.78,0.0,149.34,4.0,0
103162,2025-03-01,North America,Mexico,Retail Partner,Electronics,4K Monitor,3,149.64,0.05,426.47,5.0,0
103163,2025-03-01,Europe,United Kingdom,Web,Beauty,Hair Dryer,1,100.33,0.0,100.33,5.0,0
103164,2025-03-01,Asia Pacific,Australia,Marketplace,Sports,Trail Backpack,1,150.22,0.2,120.18,,0
103165,2025-03-01,North America,Canada,Web,Beauty,Fragrance Set,1,99.86,0.0,99.86,4.0,0
103166,2025-03-01,Europe,Germany,Web,Electronics,USB-C Hub,3,371.28,0.0,1113.84,5.0,0
103167,2025-03-01,North America,Mexico,Web,Beauty,Vitamin C Serum,3,46.8,0.0,140.4,,0
103168,2025-03-01,Europe,France,Web,Electronics,USB-C Hub,1,340.29,0.1,306.26,3.0,0
103169,2025-03-01,Europe,Spain,Marketplace,Home & Kitchen,Linen Bedding,2,164.09,0.0,328.18,5.0,0
103170,2025-03-01,North America,Canada,Mobile App,Beauty,Vitamin C Serum,2,46.33,0.0,92.66,5.0,0
103171,2025-03-01,Asia Pacific,Australia,Web,Beauty,Hair Dryer,1,102.18,0.1,91.96,4.0,1
103172,2025-03-01,Europe,Spain,Mobile App,Beauty,Vitamin C Serum,1,42.93,0.1,38.64,4.0,0
103173,2025-03-01,Asia Pacific,India,Mobile App,Sports,Dumbbell Set,1,164.06,0.0,164.06,4.0,0
103174,2025-03-02,Latin America,Chile,Marketplace,Beauty,Vitamin C Serum,1,47.1,0.2,37.68,4.0,0
103175,2025-03-02,North America,Canada,Web,Fashion,Sunglasses,3,167.81,0.05,478.26,5.0,0
103176,2025-03-02,Europe,Spain,Marketplace,Home & Kitchen,Air Fryer,2,182.95,0.2,292.72,5.0,0
103177,2025-03-02,North America,United States,Web,Electronics,USB-C Hub,1,345.43,0.0,345.43,3.0,0
103178,2025-03-02,Europe,United Kingdom,Mobile App,Home & Kitchen,Linen Bedding,2,148.0,0.2,236.8,5.0,0
103179,2025-03-02,Europe,France,Web,Electronics,USB-C Hub,2,348.56,0.05,662.26,5.0,0
103180,2025-03-02,North America,Canada,Web,Sports,Yoga Mat,4,106.37,0.0,425.48,3.0,0
103181,2025-03-02,North America,United States,Web,Home & Kitchen,Air Fryer,1,173.56,0.0,173.56,5.0,0
103182,2025-03-02,Europe,France,Web,Fashion,Sunglasses,3,165.39,0.0,496.17,5.0,0
103183,2025-03-03,North America,Canada,Mobile App,Fashion,Sunglasses,1,165.35,0.0,165.35,5.0,0
103184,2025-03-03,Europe,United Kingdom,Web,Beauty,Vitamin C Serum,1,42.89,0.0,42.89,,0
103185,2025-03-03,Latin America,Argentina,Web,Fashion,Sunglasses,1,182.39,0.15,155.03,4.0,0
103186,2025-03-03,Asia Pacific,Japan,Web,Fashion,Running Shoes,2,53.29,0.0,106.58,5.0,0
103187,2025-03-03,Europe,Germany,Web,Home & Kitchen,Linen Bedding,1,160.9,0.0,160.9,4.0,0
103188,2025-03-03,Europe,United Kingdom,Mobile App,Home & Kitchen,Air Fryer,2,176.67,0.15,300.34,,0
103189,2025-03-03,Europe,Spain,Marketplace,Electronics,Smartwatch,3,390.11,0.0,1170.33,5.0,0
103190,2025-03-03,Asia Pacific,India,Web,Fashion,Wool Sweater,1,44.66,0.1,40.19,4.0,0
103191,2025-03-04,North America,Mexico,Retail Partner,Beauty,Vitamin C Serum,4,42.44,0.15,144.3,3.0,0
103192,2025-03-04,Europe,Germany,Web,Fashion,Sunglasses,1,171.94,0.0,171.94,3.0,0
103193,2025-03-04,North America,United States,Retail Partner,Fashion,Leather Belt,4,129.2,0.15,439.28,4.0,0
103194,2025-03-04,Europe,United Kingdom,Web,Home & Kitchen,Linen Bedding,1,153.57,0.0,153.57,5.0,0
103195,2025-03-04,North America,Canada,Retail Partner,Home & Kitchen,Espresso Machine,1,80.31,0.2,64.25,,0
103196,2025-03-04,North America,Mexico,Mobile App,Electronics,4K Monitor,3,160.24,0.0,480.72,,0
103197,2025-03-04,Asia Pacific,Singapore,Mobile App,Electronics,Mechanical Keyboard,2,51.06,0.2,81.7,5.0,0
103198,2025-03-04,Asia Pacific,Australia,Mobile App,Home & Kitchen,Linen Bedding,4,160.43,0.05,609.63,,0
103199,2025-03-04,Asia Pacific,India,Mobile App,Sports,Trail Backpack,2,146.81,0.0,293.62,4.0,0
103200,2025-03-05,Latin America,Chile,Mobile App,Sports,Cycling Helmet,1,216.99,0.15,184.44,4.0,0
103201,2025-03-05,North America,United States,Marketplace,Home & Kitchen,Air Fryer,2,163.19,0.2,261.1,3.0,1
103202,2025-03-05,Asia Pacific,India,Marketplace,Home & Kitchen,Chef Knife Set,1,191.03,0.05,181.48,,0
103203,2025-03-05,Europe,Germany,Mobile App,Electronics,USB-C Hub,1,389.73,0.1,350.76,4.0,0
103204,2025-03-06,Europe,Spain,Marketplace,Home & Kitchen,Chef Knife Set,3,186.48,0.0,559.44,4.0,0
103205,2025-03-06,North America,Canada,Web,Sports,Cycling Helmet,1,206.4,0.15,175.44,3.0,0
103206,2025-03-06,Europe,Spain,Mobile App,Beauty,Fragrance Set,1,103.55,0.0,103.55,4.0,0
103207,2025-03-06,Asia Pacific,Singapore,Web,Beauty,Fragrance Set,4,108.61,0.0,434.44,5.0,0
103208,2025-03-06,Europe,France,Marketplace,Fashion,Denim Jacket,2,102.88,0.15,174.9,,1
103209,2025-03-06,North America,Canada,Mobile App,Home & Kitchen,Linen Bedding,1,165.17,0.15,140.39,5.0,0
103210,2025-03-06,Europe,Spain,Marketplace,Home & Kitchen,Chef Knife Set,2,182.7,0.15,310.59,4.0,0
103211,2025-03-06,North America,United States,Web,Beauty,Fragrance Set,2,107.14,0.0,214.28,5.0,0
103212,2025-03-06,Europe,Germany,Mobile App,Electronics,Smartwatch,1,353.92,0.0,353.92,,0
103213,2025-03-07,Europe,Spain,Retail Partner,Fashion,Leather Belt,1,130.55,0.05,124.02,5.0,0
103214,2025-03-07,Europe,Spain,Mobile App,Home & Kitchen,Air Fryer,3,163.95,0.05,467.26,4.0,0
103215,2025-03-07,Asia Pacific,Australia,Web,Home & Kitchen,Linen Bedding,1,149.53,0.05,142.05,3.0,0
103216,2025-03-07,North America,Canada,Marketplace,Fashion,Sunglasses,1,164.03,0.2,131.22,4.0,0
103217,2025-03-08,Europe,Germany,Marketplace,Sports,Yoga Mat,1,111.12,0.2,88.9,5.0,1
103218,2025-03-08,Europe,France,Web,Home & Kitchen,Espresso Machine,1,88.36,0.2,70.69,,0
103219,2025-03-08,Asia Pacific,Singapore,Web,Beauty,Skincare Kit,3,118.57,0.05,337.92,4.0,0
103220,2025-03-08,Europe,Germany,Web,Electronics,4K Monitor,1,154.23,0.0,154.23,5.0,0
103221,2025-03-08,North America,Canada,Marketplace,Sports,Dumbbell Set,2,166.84,0.0,333.68,,0
103222,2025-03-08,North America,Canada,Web,Fashion,Denim Jacket,3,103.98,0.05,296.34,5.0,0
103223,2025-03-08,Asia Pacific,India,Mobile App,Fashion,Running Shoes,4,56.15,0.2,179.68,5.0,0
103224,2025-03-09,Asia Pacific,Australia,Mobile App,Beauty,Vitamin C Serum,1,45.44,0.1,40.9,4.0,0
103225,2025-03-09,North America,United States,Web,Electronics,Mechanical Keyboard,2,50.89,0.15,86.51,5.0,0
103226,2025-03-09,Europe,United Kingdom,Marketplace,Sports,Dumbbell Set,3,174.28,0.15,444.41,4.0,0
103227,2025-03-09,Latin America,Brazil,Marketplace,Fashion,Running Shoes,3,52.25,0.1,141.08,,0
103228,2025-03-09,Asia Pacific,Singapore,Web,Fashion,Sunglasses,1,184.05,0.1,165.65,5.0,0
103229,2025-03-09,Asia Pacific,India,Web,Electronics,USB-C Hub,4,359.7,0.0,1438.8,5.0,0
103230,2025-03-09,Europe,Germany,Web,Beauty,Skincare Kit,1,119.9,0.0,119.9,5.0,0
103231,2025-03-09,North America,United States,Web,Electronics,Smartwatch,1,347.3,0.0,347.3,4.0,0
103232,2025-03-09,Asia Pacific,India,Web,Sports,Yoga Mat,2,113.35,0.0,226.7,3.0,0
103233,2025-03-09,North America,Canada,Retail Partner,Home & Kitchen,Linen Bedding,3,156.98,0.0,470.94,,0
103234,2025-03-10,North America,Canada,Web,Fashion,Denim Jacket,2,113.44,0.2,181.5,,0
103235,2025-03-10,Europe,Germany,Marketplace,Sports,Trail Backpack,1,150.55,0.0,150.55,4.0,0
103236,2025-03-10,North America,Canada,Marketplace,Fashion,Wool Sweater,1,45.93,0.15,39.04,5.0,0
103237,2025-03-10,North America,Mexico,Marketplace,Beauty,Hair Dryer,1,105.43,0.05,100.16,5.0,0
103238,2025-03-10,North America,Canada,Mobile App,Sports,Yoga Mat,1,107.09,0.15,91.03,,0
103239,2025-03-10,North America,Mexico,Mobile App,Electronics,Smartwatch,3,387.43,0.0,1162.29,,0
103240,2025-03-10,Asia Pacific,India,Mobile App,Electronics,Smartwatch,1,339.65,0.0,339.65,,0
103241,2025-03-10,North America,United States,Web,Electronics,USB-C Hub,2,384.51,0.2,615.22,5.0,0
103242,2025-03-10,North America,United States,Retail Partner,Fashion,Wool Sweater,1,42.07,0.1,37.86,3.0,0
103243,2025-03-10,North America,Canada,Marketplace,Sports,Trail Backpack,2,156.4,0.0,312.8,3.0,0
103244,2025-03-11,Latin America,Brazil,Mobile App,Beauty,Fragrance Set,2,116.56,0.1,209.81,,0
103245,2025-03-11,North America,United States,Mobile App,Sports,Cycling Helmet,4,209.62,0.1,754.63,,0
103246,2025-03-11,North America,United States,Web,Beauty,Hair Dryer,1,94.43,0.15,80.27,5.0,1
103247,2025-03-11,Europe,Germany,Mobile App,Sports,Cycling Helmet,2,229.7,0.1,413.46,,0
103248,2025-03-11,North America,United States,Web,Electronics,Wireless Earbuds,2,186.67,0.0,373.34,3.0,0
103249,2025-03-11,Europe,Germany,Marketplace,Sports,Dumbbell Set,2,163.7,0.0,327.4,,0
103250,2025-03-11,Europe,United Kingdom,Web,Fashion,Leather Belt,1,124.96,0.05,118.71,4.0,0
103251,2025-03-11,Europe,France,Web,Fashion,Wool Sweater,1,48.18,0.0,48.18,,0
103252,2025-03-11,Asia Pacific,Australia,Web,Beauty,Hair Dryer,1,93.35,0.0,93.35,3.0,0
103253,2025-03-11,Europe,France,Web,Electronics,USB-C Hub,1,359.87,0.0,359.87,,0
103254,2025-03-12,Asia Pacific,Australia,Web,Fashion,Running Shoes,3,59.12,0.0,177.36,5.0,0
103255,2025-03-12,North America,Mexico,Web,Fashion,Running Shoes,1,55.9,0.05,53.1,,0
103256,2025-03-12,North America,Mexico,Web,Home & Kitchen,Espresso Machine,4,79.63,0.15,270.74,3.0,0
103257,2025-03-12,Europe,United Kingdom,Marketplace,Electronics,Mechanical Keyboard,2,54.69,0.05,103.91,5.0,0
103258,2025-03-12,Asia Pacific,Singapore,Web,Home & Kitchen,Air Fryer,1,167.58,0.0,167.58,,0
103259,2025-03-12,Europe,France,Mobile App,Home & Kitchen,Espresso Machine,3,79.41,0.0,238.23,4.0,0
103260,2025-03-12,Asia Pacific,Australia,Web,Fashion,Denim Jacket,2,110.44,0.2,176.7,5.0,0
103261,2025-03-13,Asia Pacific,Japan,Marketplace,Sports,Trail Backpack,1,164.66,0.1,148.19,4.0,0
103262,2025-03-13,Europe,France,Web,Electronics,USB-C Hub,2,340.26,0.2,544.42,4.0,0
103263,2025-03-13,Asia Pacific,Australia,Web,Home & Kitchen,Chef Knife Set,2,188.85,0.2,302.16,5.0,0
103264,2025-03-13,Europe,United Kingdom,Marketplace,Home & Kitchen,Linen Bedding,2,153.09,0.2,244.94,,0
103265,2025-03-13,North America,Mexico,Web,Home & Kitchen,Chef Knife Set,1,195.6,0.0,195.6,5.0,0
103266,2025-03-13,Latin America,Argentina,Web,Beauty,Vitamin C Serum,3,44.28,0.05,126.2,4.0,0
103267,2025-03-13,Europe,Spain,Web,Home & Kitchen,Chef Knife Set,4,195.35,0.0,781.4,5.0,0
103268,2025-03-13,Asia Pacific,Singapore,Mobile App,Home & Kitchen,Air Fryer,2,162.29,0.2,259.66,4.0,0
103269,2025-03-14,North America,Mexico,Mobile App,Home & Kitchen,Linen Bedding,1,162.99,0.0,162.99,,0
103270,2025-03-14,North America,Mexico,Web,Electronics,4K Monitor,4,169.34,0.1,609.62,5.0,0
103271,2025-03-14,Asia Pacific,Singapore,Web,Home & Kitchen,Smart Lamp,1,209.66,0.05,199.18,5.0,0
103272,2025-03-14,North America,Canada,Mobile App,Home & Kitchen,Smart Lamp,4,213.66,0.05,811.91,5.0,0
103273,2025-03-15,Asia Pacific,Australia,Mobile App,Sports,Yoga Mat,2,117.5,0.0,235.0,5.0,0
103274,2025-03-15,Europe,Spain,Marketplace,Electronics,Smartwatch,1,393.35,0.2,314.68,,0
103275,2025-03-15,Europe,Spain,Mobile App,Fashion,Leather Belt,1,121.78,0.05,115.69,,0
103276,2025-03-15,Europe,United Kingdom,Retail Partner,Beauty,Fragrance Set,3,110.45,0.2,265.08,3.0,0
103277,2025-03-15,North America,United States,Web,Electronics,4K Monitor,1,156.22,0.05,148.41,4.0,0
103278,2025-03-15,North America,United States,Mobile App,Home & Kitchen,Chef Knife Set,2,188.52,0.2,301.63,5.0,0
103279,2025-03-15,North America,United States,Web,Fashion,Wool Sweater,1,43.02,0.1,38.72,,0
103280,2025-03-15,Latin America,Chile,Web,Fashion,Wool Sweater,2,44.21,0.0,88.42,5.0,0
103281,2025-03-15,Asia Pacific,India,Web,Home & Kitchen,Linen Bedding,2,151.15,0.15,256.95,,0
103282,2025-03-15,North America,United States,Marketplace,Fashion,Sunglasses,1,182.37,0.15,155.01,,0
103283,2025-03-15,Europe,France,Retail Partner,Sports,Dumbbell Set,4,169.32,0.0,677.28,5.0,0
103284,2025-03-15,Asia Pacific,Japan,Retail Partner,Electronics,Mechanical Keyboard,1,50.78,0.0,50.78,4.0,0
103285,2025-03-16,North America,Mexico,Web,Electronics,4K Monitor,4,159.73,0.0,638.92,5.0,0
103286,2025-03-16,North America,Mexico,Mobile App,Fashion,Running Shoes,2,59.54,0.0,119.08,5.0,0
103287,2025-03-16,Europe,Spain,Web,Fashion,Sunglasses,1,166.61,0.1,149.95,4.0,1
103288,2025-03-16,North America,Mexico,Mobile App,Home & Kitchen,Linen Bedding,2,149.28,0.15,253.78,,0
103289,2025-03-17,North America,United States,Mobile App,Sports,Yoga Mat,1,106.81,0.1,96.13,3.0,0
103290,2025-03-17,Europe,Spain,Mobile App,Sports,Trail Backpack,1,153.42,0.05,145.75,,0
103291,2025-03-17,Asia Pacific,India,Retail Partner,Electronics,USB-C Hub,1,359.98,0.0,359.98,4.0,0
103292,2025-03-17,North America,Mexico,Web,Home & Kitchen,Smart Lamp,1,188.71,0.0,188.71,,0
103293,2025-03-17,North America,Canada,Mobile App,Fashion,Wool Sweater,1,45.04,0.0,45.04,5.0,0
103294,2025-03-17,Asia Pacific,Japan,Mobile App,Electronics,Wireless Earbuds,1,187.0,0.0,187.0,4.0,0
103295,2025-03-18,North America,Mexico,Mobile App,Beauty,Skincare Kit,1,107.52,0.05,102.14,4.0,0
103296,2025-03-18,North America,Canada,Marketplace,Fashion,Leather Belt,1,122.28,0.0,122.28,,0
103297,2025-03-18,Asia Pacific,Australia,Mobile App,Electronics,USB-C Hub,1,389.78,0.0,389.78,,0
103298,2025-03-18,Europe,United Kingdom,Web,Home & Kitchen,Espresso Machine,2,85.35,0.2,136.56,4.0,0
103299,2025-03-19,Asia Pacific,Japan,Web,Beauty,Hair Dryer,2,98.13,0.0,196.26,5.0,0
103300,2025-03-19,Asia Pacific,Singapore,Marketplace,Fashion,Denim Jacket,1,98.59,0.05,93.66,5.0,0
103301,2025-03-19,Asia Pacific,Singapore,Marketplace,Beauty,Fragrance Set,2,99.73,0.0,199.46,,1
103302,2025-03-19,Asia Pacific,Japan,Mobile App,Electronics,USB-C Hub,2,379.09,0.1,682.36,5.0,0
103303,2025-03-19,North America,Canada,Web,Electronics,4K Monitor,4,151.27,0.1,544.57,4.0,0
103304,2025-03-20,Europe,France,Web,Electronics,Wireless Earbuds,3,191.86,0.0,575.58,4.0,0
103305,2025-03-20,Asia Pacific,Australia,Mobile App,Home & Kitchen,Espresso Machine,1,89.4,0.0,89.4,5.0,0
103306,2025-03-20,Asia Pacific,Japan,Mobile App,Fashion,Wool Sweater,2,44.0,0.1,79.2,5.0,1
103307,2025-03-20,Latin America,Argentina,Mobile App,Beauty,Lip Palette,1,112.61,0.1,101.35,,0
103308,2025-03-20,Asia Pacific,Japan,Web,Fashion,Denim Jacket,4,98.76,0.1,355.54,,0
103309,2025-03-20,North America,Mexico,Web,Fashion,Wool Sweater,3,45.08,0.15,114.95,5.0,0
103310,2025-03-21,North America,Canada,Web,Fashion,Leather Belt,1,116.74,0.1,105.07,4.0,0
103311,2025-03-21,Europe,Germany,Marketplace,Electronics,Wireless Earbuds,4,190.53,0.05,724.01,4.0,0
103312,2025-03-21,Europe,Spain,Web,Electronics,4K Monitor,1,145.66,0.0,145.66,4.0,0
103313,2025-03-21,North America,United States,Mobile App,Beauty,Lip Palette,2,111.81,0.0,223.62,,0
103314,2025-03-21,Asia Pacific,Australia,Retail Partner,Fashion,Denim Jacket,3,106.86,0.0,320.58,,0
103315,2025-03-21,Europe,Germany,Web,Sports,Trail Backpack,2,164.11,0.2,262.58,4.0,1
103316,2025-03-22,Asia Pacific,Australia,Mobile App,Fashion,Denim Jacket,3,109.52,0.15,279.28,5.0,0
103317,2025-03-22,North America,United States,Web,Fashion,Denim Jacket,2,104.22,0.15,177.17,5.0,0
103318,2025-03-22,Europe,Germany,Web,Home & Kitchen,Linen Bedding,1,167.68,0.1,150.91,,0
103319,2025-03-22,North America,Canada,Marketplace,Electronics,Smartwatch,1,388.74,0.0,388.74,5.0,0
103320,2025-03-22,North America,Canada,Web,Sports,Yoga Mat,1,112.08,0.2,89.66,3.0,0
103321,2025-03-22,Latin America,Argentina,Web,Home & Kitchen,Air Fryer,1,180.27,0.2,144.22,5.0,0
103322,2025-03-23,Asia Pacific,Japan,Web,Fashion,Running Shoes,1,57.65,0.0,57.65,,0
103323,2025-03-23,Latin America,Argentina,Mobile App,Sports,Cycling Helmet,1,225.36,0.0,225.36,4.0,0
103324,2025-03-23,Asia Pacific,India,Mobile App,Beauty,Skincare Kit,3,120.95,0.2,290.28,,0
103325,2025-03-23,North America,United States,Marketplace,Electronics,Mechanical Keyboard,2,53.44,0.05,101.54,,0
103326,2025-03-23,Europe,France,Mobile App,Electronics,USB-C Hub,4,342.36,0.15,1164.02,5.0,0
103327,2025-03-24,Asia Pacific,Australia,Web,Electronics,Smartwatch,1,385.82,0.0,385.82,,0
103328,2025-03-24,North America,Canada,Mobile App,Home & Kitchen,Air Fryer,1,172.51,0.0,172.51,,0
103329,2025-03-24,Europe,United Kingdom,Retail Partner,Sports,Yoga Mat,1,107.83,0.1,97.05,,0
103330,2025-03-24,Europe,United Kingdom,Web,Home & Kitchen,Air Fryer,1,170.45,0.0,170.45,,0
103331,2025-03-24,Asia Pacific,India,Web,Electronics,Wireless Earbuds,2,175.55,0.2,280.88,5.0,0
103332,2025-03-24,Asia Pacific,Australia,Marketplace,Fashion,Wool Sweater,2,45.29,0.15,76.99,5.0,0
103333,2025-03-24,Europe,France,Retail Partner,Home & Kitchen,Espresso Machine,1,88.06,0.0,88.06,5.0,0
103334,2025-03-24,North America,Canada,Web,Electronics,Smartwatch,1,366.4,0.1,329.76,3.0,0
103335,2025-03-24,Europe,France,Mobile App,Electronics,4K Monitor,1,159.36,0.0,159.36,,0
103336,2025-03-24,North America,Canada,Web,Sports,Dumbbell Set,2,165.48,0.15,281.32,5.0,0
103337,2025-03-24,Europe,United Kingdom,Mobile App,Home & Kitchen,Air Fryer,1,159.73,0.15,135.77,,0
103338,2025-03-25,North America,Canada,Web,Beauty,Lip Palette,1,113.71,0.05,108.02,,0
103339,2025-03-25,North America,United States,Mobile App,Beauty,Fragrance Set,1,105.8,0.0,105.8,5.0,0
103340,2025-03-25,Asia Pacific,Japan,Mobile App,Home & Kitchen,Linen Bedding,3,169.93,0.0,509.79,,1
103341,2025-03-25,Europe,Spain,Web,Home & Kitchen,Espresso Machine,2,91.39,0.1,164.5,3.0,0
103342,2025-03-25,Europe,Spain,Mobile App,Electronics,Wireless Earbuds,1,166.93,0.1,150.24,3.0,0
103343,2025-03-25,Europe,France,Marketplace,Fashion,Sunglasses,4,165.52,0.1,595.87,4.0,0
103344,2025-03-25,Europe,France,Mobile App,Fashion,Wool Sweater,1,47.66,0.2,38.13,5.0,0
103345,2025-03-25,North America,Canada,Marketplace,Electronics,4K Monitor,1,157.76,0.0,157.76,5.0,0
103346,2025-03-25,Asia Pacific,Singapore,Retail Partner,Home & Kitchen,Linen Bedding,2,147.46,0.2,235.94,4.0,0
103347,2025-03-25,Latin America,Argentina,Web,Beauty,Vitamin C Serum,1,46.13,0.1,41.52,,0
103348,2025-03-26,Asia Pacific,Australia,Mobile App,Electronics,Smartwatch,1,392.9,0.0,392.9,4.0,0
103349,2025-03-26,North America,United States,Mobile App,Fashion,Sunglasses,1,161.26,0.0,161.26,5.0,1
103350,2025-03-26,Europe,France,Web,Home & Kitchen,Linen Bedding,1,162.27,0.0,162.27,3.0,0
103351,2025-03-26,Asia Pacific,Japan,Web,Fashion,Sunglasses,3,178.78,0.2,429.07,3.0,0
103352,2025-03-26,North America,United States,Mobile App,Fashion,Sunglasses,3,183.36,0.0,550.08,3.0,0
103353,2025-03-27,North America,United States,Marketplace,Fashion,Running Shoes,2,52.68,0.2,84.29,,0
103354,2025-03-27,Europe,United Kingdom,Web,Beauty,Lip Palette,1,105.04,0.2,84.03,5.0,0
103355,2025-03-27,Europe,United Kingdom,Web,Home & Kitchen,Smart Lamp,2,197.41,0.0,394.82,,0
103356,2025-03-27,North America,Canada,Mobile App,Electronics,4K Monitor,1,154.37,0.15,131.21,3.0,0
103357,2025-03-27,Latin America,Argentina,Web,Electronics,Wireless Earbuds,1,178.51,0.05,169.58,4.0,0
103358,2025-03-27,North America,Mexico,Mobile App,Home & Kitchen,Espresso Machine,1,86.33,0.0,86.33,,0
103359,2025-03-27,North America,Canada,Mobile App,Fashion,Leather Belt,3,131.28,0.0,393.84,,1
103360,2025-03-27,Asia Pacific,Singapore,Marketplace,Sports,Yoga Mat,3,105.07,0.0,315.21,4.0,0
103361,2025-03-27,North America,United States,Web,Electronics,4K Monitor,4,167.07,0.0,668.28,,0
103362,2025-03-27,Asia Pacific,India,Web,Fashion,Denim Jacket,2,107.42,0.2,171.87,5.0,0
103363,2025-03-27,North America,Canada,Web,Home & Kitchen,Chef Knife Set,1,182.62,0.05,173.49,4.0,0
103364,2025-03-27,Asia Pacific,Japan,Web,Electronics,Wireless Earbuds,4,176.98,0.2,566.34,4.0,0
103365,2025-03-27,North America,Canada,Retail Partner,Fashion,Sunglasses,1,176.85,0.0,176.85,,0
103366,2025-03-27,North America,United States,Marketplace,Electronics,Wireless Earbuds,1,192.65,0.05,183.02,,0
103367,2025-03-28,Europe,United Kingdom,Mobile App,Home & Kitchen,Air Fryer,1,161.71,0.0,161.71,5.0,0
103368,2025-03-28,North America,Mexico,Web,Electronics,Smartwatch,2,340.29,0.0,680.58,,0
103369,2025-03-28,Europe,France,Web,Home & Kitchen,Espresso Machine,1,88.78,0.1,79.9,5.0,0
103370,2025-03-28,Asia Pacific,Australia,Mobile App,Home & Kitchen,Smart Lamp,4,201.3,0.0,805.2,,0
103371,2025-03-28,Asia Pacific,Australia,Mobile App,Electronics,4K Monitor,3,159.5,0.05,454.57,5.0,0
103372,2025-03-28,Latin America,Brazil,Marketplace,Home & Kitchen,Espresso Machine,1,82.53,0.15,70.15,5.0,0
103373,2025-03-28,Asia Pacific,Japan,Mobile App,Fashion,Leather Belt,1,124.88,0.0,124.88,5.0,0
103374,2025-03-28,Europe,Germany,Web,Electronics,Smartwatch,2,340.9,0.0,681.8,,0
103375,2025-03-28,North America,Mexico,Mobile App,Home & Kitchen,Linen Bedding,4,158.41,0.0,633.64,,0
103376,2025-03-28,Europe,Germany,Mobile App,Sports,Fitness Tracker,2,72.89,0.15,123.91,4.0,0
103377,2025-03-28,North America,Canada,Web,Beauty,Hair Dryer,1,103.42,0.2,82.74,,0
103378,2025-03-28,North America,United States,Web,Electronics,Mechanical Keyboard,4,52.64,0.15,178.98,4.0,0
103379,2025-03-28,North America,United States,Mobile App,Home & Kitchen,Air Fryer,1,167.27,0.0,167.27,5.0,0
103380,2025-03-28,North America,United States,Web,Sports,Trail Backpack,1,166.18,0.2,132.94,5.0,0
103381,2025-03-28,North America,Canada,Mobile App,Electronics,Smartwatch,2,382.53,0.0,765.06,5.0,0
103382,2025-03-29,Asia Pacific,India,Mobile App,Home & Kitchen,Air Fryer,2,167.55,0.0,335.1,,0
103383,2025-03-29,Asia Pacific,Japan,Web,Fashion,Running Shoes,4,58.28,0.0,233.12,4.0,0
103384,2025-03-29,North America,Canada,Mobile App,Home & Kitchen,Air Fryer,1,160.6,0.2,128.48,,0
103385,2025-03-29,Asia Pacific,India,Marketplace,Beauty,Vitamin C Serum,4,45.62,0.0,182.48,,0
103386,2025-03-29,North America,Mexico,Marketplace,Fashion,Leather Belt,4,130.47,0.0,521.88,4.0,0
103387,2025-03-29,Europe,Germany,Mobile App,Home & Kitchen,Linen Bedding,1,162.01,0.0,162.01,5.0,0
103388,2025-03-29,Latin America,Argentina,Mobile App,Fashion,Running Shoes,3,56.31,0.1,152.04,4.0,0
103389,2025-03-29,Latin America,Argentina,Web,Electronics,Smartwatch,1,340.95,0.0,340.95,5.0,1
103390,2025-03-29,Latin America,Brazil,Mobile App,Electronics,Wireless Earbuds,1,194.43,0.2,155.54,,0
103391,2025-03-29,Europe,Germany,Web,Sports,Trail Backpack,1,147.36,0.1,132.62,,0
103392,2025-03-29,Europe,United Kingdom,Marketplace,Sports,Cycling Helmet,1,203.46,0.0,203.46,4.0,0
103393,2025-03-30,North America,Mexico,Marketplace,Fashion,Denim Jacket,2,110.69,0.15,188.17,5.0,0
103394,2025-03-30,Asia Pacific,Singapore,Mobile App,Home & Kitchen,Smart Lamp,4,192.83,0.2,617.06,,0
103395,2025-03-30,Asia Pacific,Japan,Mobile App,Home & Kitchen,Espresso Machine,1,82.98,0.0,82.98,5.0,0
103396,2025-03-30,Europe,France,Retail Partner,Home & Kitchen,Chef Knife Set,1,193.66,0.05,183.98,5.0,0
103397,2025-03-30,Asia Pacific,Japan,Mobile App,Beauty,Vitamin C Serum,1,43.1,0.05,40.95,5.0,0
103398,2025-03-30,Asia Pacific,India,Web,Beauty,Skincare Kit,4,117.34,0.05,445.89,,0
103399,2025-03-30,North America,Canada,Web,Home & Kitchen,Chef Knife Set,1,190.26,0.0,190.26,,0
103400,2025-03-30,Asia Pacific,India,Web,Electronics,Mechanical Keyboard,1,51.09,0.0,51.09,5.0,0
103401,2025-03-30,Europe,United Kingdom,Mobile App,Electronics,4K Monitor,3,166.04,0.1,448.31,,0
103402,2025-03-30,North America,Mexico,Marketplace,Fashion,Sunglasses,1,163.92,0.0,163.92,5.0,0
103403,2025-03-30,North America,Mexico,Marketplace,Fashion,Sunglasses,3,167.42,0.1,452.03,5.0,0
103404,2025-03-31,Europe,Germany,Web,Electronics,USB-C Hub,2,349.28,0.1,628.7,5.0,0
103405,2025-03-31,Europe,France,Web,Electronics,Mechanical Keyboard,4,48.91,0.1,176.08,5.0,0
103406,2025-03-31,Europe,Germany,Web,Sports,Trail Backpack,1,162.68,0.0,162.68,,0
103407,2025-04-01,Asia Pacific,Singapore,Marketplace,Sports,Cycling Helmet,2,204.62,0.2,327.39,5.0,0
103408,2025-04-01,North America,United States,Web,Electronics,Smartwatch,3,369.72,0.0,1109.16,,0
103409,2025-04-01,Europe,United Kingdom,Retail Partner,Electronics,Smartwatch,4,378.9,0.2,1212.48,4.0,0
103410,2025-04-01,Latin America,Chile,Web,Electronics,Mechanical Keyboard,2,54.44,0.0,108.88,,0
103411,2025-04-02,Asia Pacific,Singapore,Web,Electronics,4K Monitor,3,156.3,0.15,398.56,5.0,0
103412,2025-04-02,North America,Mexico,Mobile App,Fashion,Wool Sweater,3,43.93,0.0,131.79,5.0,0
103413,2025-04-02,North America,Canada,Web,Home & Kitchen,Air Fryer,4,175.52,0.15,596.77,,0
103414,2025-04-02,Latin America,Chile,Marketplace,Electronics,Mechanical Keyboard,1,51.95,0.2,41.56,4.0,0
103415,2025-04-02,Latin America,Brazil,Web,Home & Kitchen,Air Fryer,3,162.72,0.1,439.34,3.0,0
103416,2025-04-02,Asia Pacific,Japan,Retail Partner,Sports,Dumbbell Set,1,180.02,0.0,180.02,,0
103417,2025-04-02,Asia Pacific,Singapore,Web,Beauty,Hair Dryer,4,95.87,0.1,345.13,5.0,0
103418,2025-04-03,North America,Mexico,Retail Partner,Electronics,Wireless Earbuds,1,194.29,0.1,174.86,4.0,1
103419,2025-04-03,North America,Canada,Marketplace,Home & Kitchen,Espresso Machine,1,91.59,0.05,87.01,5.0,0
103420,2025-04-03,Europe,Spain,Mobile App,Fashion,Sunglasses,1,178.22,0.0,178.22,,0
103421,2025-04-03,Asia Pacific,Japan,Mobile App,Electronics,USB-C Hub,1,393.92,0.15,334.83,,0
103422,2025-04-03,North America,Mexico,Mobile App,Beauty,Lip Palette,2,107.02,0.0,214.04,,1
103423,2025-04-03,North America,Canada,Web,Home & Kitchen,Espresso Machine,1,87.4,0.0,87.4,4.0,0
103424,2025-04-03,North America,Canada,Web,Electronics,Smartwatch,2,386.11,0.1,695.0,5.0,0
103425,2025-04-03,Asia Pacific,Singapore,Mobile App,Home & Kitchen,Air Fryer,3,172.98,0.0,518.94,5.0,0
103426,2025-04-03,Latin America,Chile,Web,Electronics,Wireless Earbuds,1,172.8,0.05,164.16,,0
103427,2025-04-04,North America,United States,Mobile App,Electronics,Wireless Earbuds,3,168.5,0.0,505.5,,0
103428,2025-04-04,Europe,Germany,Mobile App,Sports,Cycling Helmet,1,202.51,0.2,162.01,3.0,0
103429,2025-04-04,Asia Pacific,Japan,Web,Home & Kitchen,Smart Lamp,2,198.29,0.1,356.92,,0
103430,2025-04-04,North America,Mexico,Web,Electronics,Mechanical Keyboard,1,53.49,0.15,45.47,,0
103431,2025-04-04,North America,Canada,Retail Partner,Beauty,Vitamin C Serum,2,47.46,0.15,80.68,5.0,0
103432,2025-04-04,Latin America,Brazil,Web,Sports,Cycling Helmet,1,209.65,0.15,178.2,3.0,0
103433,2025-04-04,Europe,Spain,Mobile App,Home & Kitchen,Air Fryer,1,159.29,0.0,159.29,5.0,0
103434,2025-04-04,Europe,Spain,Mobile App,Home & Kitchen,Smart Lamp,1,187.63,0.1,168.87,5.0,0
103435,2025-04-04,Latin America,Brazil,Web,Fashion,Denim Jacket,3,108.85,0.05,310.22,4.0,0
103436,2025-04-04,Asia Pacific,India,Web,Electronics,Wireless Earbuds,1,178.75,0.0,178.75,,0
103437,2025-04-04,North America,Canada,Mobile App,Beauty,Fragrance Set,1,114.8,0.0,114.8,4.0,0
103438,2025-04-04,Latin America,Brazil,Web,Sports,Dumbbell Set,3,188.86,0.0,566.58,4.0,1
103439,2025-04-05,Asia Pacific,India,Mobile App,Home & Kitchen,Chef Knife Set,3,189.69,0.0,569.07,5.0,0
103440,2025-04-05,Europe,Spain,Web,Home & Kitchen,Air Fryer,1,179.6,0.0,179.6,5.0,0
103441,2025-04-05,North America,United States,Web,Beauty,Hair Dryer,1,90.27,0.0,90.27,,0
103442,2025-04-05,Asia Pacific,Australia,Mobile App,Home & Kitchen,Espresso Machine,2,85.18,0.2,136.29,5.0,0
103443,2025-04-05,Europe,Germany,Mobile App,Sports,Dumbbell Set,1,177.36,0.15,150.76,4.0,0
103444,2025-04-05,Asia Pacific,Japan,Marketplace,Home & Kitchen,Chef Knife Set,1,200.35,0.0,200.35,,0
103445,2025-04-05,Europe,United Kingdom,Web,Electronics,Smartwatch,3,342.63,0.0,1027.89,5.0,0
103446,2025-04-05,Asia Pacific,Japan,Mobile App,Fashion,Wool Sweater,4,49.06,0.1,176.62,5.0,0
103447,2025-04-05,Europe,Germany,Web,Sports,Cycling Helmet,2,234.21,0.1,421.58,4.0,0
103448,2025-04-06,Asia Pacific,Singapore,Mobile App,Sports,Yoga Mat,1,110.23,0.1,99.21,,0
103449,2025-04-06,Asia Pacific,Australia,Mobile App,Electronics,Wireless Earbuds,1,193.24,0.0,193.24,5.0,0
103450,2025-04-06,North America,Mexico,Marketplace,Fashion,Wool Sweater,3,48.18,0.0,144.54,5.0,0
103451,2025-04-06,North America,Canada,Web,Home & Kitchen,Air Fryer,2,157.6,0.1,283.68,5.0,0
103452,2025-04-06,North America,Mexico,Marketplace,Electronics,USB-C Hub,2,375.82,0.0,751.64,3.0,0
103453,2025-04-06,Europe,France,Web,Electronics,Smartwatch,1,357.23,0.0,357.23,,0
103454,2025-04-06,Europe,United Kingdom,Web,Electronics,Wireless Earbuds,1,191.34,0.1,172.21,,0
103455,2025-04-07,Europe,Spain,Marketplace,Electronics,Wireless Earbuds,1,185.17,0.15,157.39,5.0,0
103456,2025-04-07,North America,Canada,Marketplace,Fashion,Leather Belt,2,118.75,0.15,201.88,4.0,1
103457,2025-04-07,North America,Canada,Web,Electronics,Smartwatch,1,341.66,0.2,273.33,,0
103458,2025-04-07,North America,Mexico,Marketplace,Electronics,USB-C Hub,1,384.28,0.0,384.28,4.0,0
103459,2025-04-07,Europe,United Kingdom,Mobile App,Fashion,Leather Belt,2,121.8,0.0,243.6,4.0,0
103460,2025-04-07,Asia Pacific,India,Marketplace,Fashion,Wool Sweater,2,47.02,0.0,94.04,4.0,0
103461,2025-04-07,North America,Mexico,Mobile App,Fashion,Wool Sweater,1,44.51,0.2,35.61,5.0,0
103462,2025-04-07,North America,Canada,Web,Home & Kitchen,Espresso Machine,1,85.26,0.0,85.26,5.0,0
103463,2025-04-08,North America,United States,Marketplace,Home & Kitchen,Chef Knife Set,1,176.92,0.0,176.92,,0
103464,2025-04-08,Europe,United Kingdom,Mobile App,Electronics,4K Monitor,1,154.11,0.0,154.11,3.0,0
103465,2025-04-08,Asia Pacific,India,Mobile App,Fashion,Sunglasses,2,185.09,0.0,370.18,3.0,1
103466,2025-04-08,Asia Pacific,Singapore,Mobile App,Fashion,Wool Sweater,4,44.12,0.1,158.83,4.0,0
103467,2025-04-08,Latin America,Argentina,Mobile App,Electronics,4K Monitor,1,162.45,0.15,138.08,,0
103468,2025-04-08,Europe,France,Web,Fashion,Denim Jacket,3,111.03,0.0,333.09,5.0,0
103469,2025-04-08,North America,Canada,Web,Electronics,Smartwatch,4,363.76,0.1,1309.54,5.0,0
103470,2025-04-08,North America,Canada,Marketplace,Sports,Fitness Tracker,2,69.2,0.2,110.72,4.0,0
103471,2025-04-08,North America,Mexico,Web,Beauty,Fragrance Set,1,107.89,0.1,97.1,5.0,0
103472,2025-04-08,Europe,Spain,Web,Electronics,Wireless Earbuds,1,186.63,0.0,186.63,3.0,0
103473,2025-04-09,Europe,Germany,Mobile App,Electronics,Mechanical Keyboard,2,49.33,0.0,98.66,,0
103474,2025-04-09,North America,Mexico,Marketplace,Electronics,USB-C Hub,3,344.31,0.2,826.34,4.0,0
103475,2025-04-09,North America,United States,Mobile App,Fashion,Denim Jacket,4,98.09,0.0,392.36,5.0,0
103476,2025-04-09,Asia Pacific,Japan,Mobile App,Beauty,Skincare Kit,2,118.56,0.15,201.55,4.0,0
103477,2025-04-09,North America,Mexico,Web,Beauty,Lip Palette,2,118.15,0.0,236.3,4.0,0
103478,2025-04-09,North America,Mexico,Mobile App,Sports,Trail Backpack,3,148.87,0.0,446.61,4.0,0
103479,2025-04-10,Latin America,Brazil,Mobile App,Sports,Fitness Tracker,2,72.46,0.0,144.92,4.0,0
103480,2025-04-10,North America,United States,Marketplace,Electronics,Smartwatch,1,343.73,0.2,274.98,,0
103481,2025-04-10,North America,Canada,Marketplace,Electronics,4K Monitor,1,161.81,0.0,161.81,5.0,0
103482,2025-04-10,Asia Pacific,Japan,Mobile App,Home & Kitchen,Smart Lamp,2,199.43,0.2,319.09,3.0,0
103483,2025-04-10,North America,Canada,Web,Electronics,Mechanical Keyboard,1,50.26,0.2,40.21,5.0,0
103484,2025-04-10,Asia Pacific,Australia,Marketplace,Electronics,4K Monitor,1,159.08,0.1,143.17,,0
103485,2025-04-11,North America,Mexico,Mobile App,Home & Kitchen,Chef Knife Set,2,189.72,0.05,360.47,,0
103486,2025-04-11,Asia Pacific,India,Web,Beauty,Vitamin C Serum,1,45.55,0.0,45.55,4.0,0
103487,2025-04-11,Europe,Germany,Web,Fashion,Leather Belt,1,128.43,0.0,128.43,5.0,1
103488,2025-04-11,Europe,Spain,Marketplace,Electronics,USB-C Hub,2,341.72,0.2,546.75,,0
103489,2025-04-11,North America,Canada,Web,Fashion,Leather Belt,1,119.11,0.15,101.24,5.0,0
103490,2025-04-11,Europe,France,Mobile App,Home & Kitchen,Espresso Machine,1,83.19,0.0,83.19,,0
103491,2025-04-11,North America,Canada,Mobile App,Sports,Fitness Tracker,3,71.74,0.15,182.94,,0
103492,2025-04-11,Asia Pacific,India,Mobile App,Home & Kitchen,Espresso Machine,2,79.0,0.05,150.1,4.0,1
103493,2025-04-11,Asia Pacific,Singapore,Web,Fashion,Leather Belt,1,121.24,0.1,109.12,5.0,0
103494,2025-04-11,North America,Mexico,Retail Partner,Fashion,Leather Belt,1,116.79,0.0,116.79,4.0,0
103495,2025-04-12,North America,United States,Web,Fashion,Wool Sweater,3,47.35,0.0,142.05,5.0,1
103496,2025-04-12,Europe,United Kingdom,Web,Sports,Trail Backpack,1,162.75,0.0,162.75,4.0,0
103497,2025-04-12,Asia Pacific,Japan,Mobile App,Electronics,Wireless Earbuds,1,180.93,0.0,180.93,5.0,0
103498,2025-04-12,Asia Pacific,Australia,Web,Beauty,Skincare Kit,1,120.16,0.15,102.14,,0
103499,2025-04-12,Europe,France,Web,Electronics,Wireless Earbuds,2,186.81,0.0,373.62,,0
103500,2025-04-12,North America,United States,Retail Partner,Home & Kitchen,Espresso Machine,2,80.02,0.0,160.04,,0
103501,2025-04-13,North America,Mexico,Web,Beauty,Skincare Kit,4,110.06,0.05,418.23,5.0,0
103502,2025-04-13,Europe,United Kingdom,Retail Partner,Electronics,Mechanical Keyboard,3,47.08,0.15,120.05,4.0,0
103503,2025-04-13,Europe,Spain,Retail Partner,Home & Kitchen,Smart Lamp,1,188.4,0.05,178.98,,0
103504,2025-04-13,Europe,Germany,Mobile App,Electronics,Wireless Earbuds,1,181.18,0.05,172.12,3.0,0
103505,2025-04-13,Asia Pacific,India,Mobile App,Home & Kitchen,Linen Bedding,2,153.08,0.0,306.16,5.0,0
103506,2025-04-13,North America,Mexico,Mobile App,Fashion,Sunglasses,1,178.59,0.05,169.66,,0
103507,2025-04-13,North America,Mexico,Web,Home & Kitchen,Smart Lamp,1,186.04,0.0,186.04,,0
103508,2025-04-14,North America,United States,Web,Beauty,Fragrance Set,1,108.46,0.15,92.19,5.0,0
103509,2025-04-14,Latin America,Chile,Marketplace,Beauty,Skincare Kit,3,111.7,0.0,335.1,,0
103510,2025-04-14,North America,Mexico,Web,Sports,Cycling Helmet,2,220.49,0.05,418.93,5.0,0
103511,2025-04-15,Europe,United Kingdom,Web,Electronics,Wireless Earbuds,2,188.71,0.2,301.94,4.0,0
103512,2025-04-15,North America,Canada,Retail Partner,Fashion,Sunglasses,3,188.56,0.0,565.68,4.0,0
103513,2025-04-15,North America,Mexico,Web,Home & Kitchen,Chef Knife Set,1,189.94,0.05,180.44,5.0,0
103514,2025-04-15,Asia Pacific,Australia,Web,Sports,Yoga Mat,1,120.64,0.0,120.64,,0
103515,2025-04-16,Europe,France,Marketplace,Electronics,USB-C Hub,2,386.01,0.1,694.82,5.0,0
103516,2025-04-16,Europe,France,Web,Fashion,Denim Jacket,4,101.34,0.1,364.82,,0
103517,2025-04-16,Europe,United Kingdom,Mobile App,Electronics,4K Monitor,2,149.15,0.15,253.56,4.0,0
103518,2025-04-16,Latin America,Chile,Mobile App,Home & Kitchen,Linen Bedding,3,155.25,0.0,465.75,5.0,1
103519,2025-04-16,Europe,France,Web,Home & Kitchen,Chef Knife Set,1,201.3,0.0,201.3,,0
103520,2025-04-16,North America,Mexico,Web,Sports,Yoga Mat,2,119.87,0.1,215.77,4.0,0
103521,2025-04-16,Latin America,Chile,Marketplace,Electronics,4K Monitor,2,164.33,0.0,328.66,5.0,0
103522,2025-04-17,Asia Pacific,Japan,Web,Fashion,Denim Jacket,1,104.17,0.1,93.75,5.0,0
103523,2025-04-17,North America,Mexico,Mobile App,Fashion,Denim Jacket,1,108.54,0.1,97.69,,0
103524,2025-04-17,Latin America,Brazil,Web,Electronics,Wireless Earbuds,4,194.45,0.1,700.02,4.0,0
103525,2025-04-17,Europe,Spain,Web,Beauty,Vitamin C Serum,1,45.13,0.0,45.13,5.0,0
103526,2025-04-17,Europe,France,Retail Partner,Home & Kitchen,Air Fryer,2,173.82,0.0,347.64,4.0,0
103527,2025-04-18,Europe,United Kingdom,Marketplace,Sports,Fitness Tracker,1,75.22,0.0,75.22,4.0,0
103528,2025-04-18,Latin America,Chile,Marketplace,Beauty,Skincare Kit,1,111.47,0.0,111.47,3.0,0
103529,2025-04-18,North America,Canada,Web,Beauty,Hair Dryer,1,99.57,0.0,99.57,,0
103530,2025-04-18,Europe,Germany,Web,Home & Kitchen,Linen Bedding,2,147.32,0.0,294.64,5.0,0
103531,2025-04-18,Europe,United Kingdom,Retail Partner,Home & Kitchen,Air Fryer,2,164.79,0.0,329.58,4.0,0
103532,2025-04-18,North America,Canada,Mobile App,Fashion,Running Shoes,4,52.56,0.0,210.24,3.0,0
103533,2025-04-18,North America,Mexico,Marketplace,Fashion,Sunglasses,1,164.26,0.0,164.26,4.0,0
103534,2025-04-18,Asia Pacific,Singapore,Web,Sports,Cycling Helmet,1,206.34,0.05,196.02,3.0,0
103535,2025-04-18,North America,Canada,Marketplace,Home & Kitchen,Linen Bedding,2,146.43,0.2,234.29,5.0,0
103536,2025-04-18,North America,United States,Web,Sports,Dumbbell Set,2,161.49,0.0,322.98,5.0,0
103537,2025-04-19,Asia Pacific,India,Mobile App,Fashion,Running Shoes,2,58.76,0.2,94.02,3.0,0
103538,2025-04-19,Europe,United Kingdom,Marketplace,Electronics,4K Monitor,2,164.72,0.0,329.44,5.0,0
103539,2025-04-19,Asia Pacific,Australia,Mobile App,Fashion,Leather Belt,1,125.75,0.15,106.89,,0
103540,2025-04-19,Latin America,Chile,Marketplace,Beauty,Lip Palette,4,105.56,0.0,422.24,4.0,0
103541,2025-04-19,Asia Pacific,Singapore,Web,Fashion,Leather Belt,1,124.43,0.0,124.43,4.0,0
103542,2025-04-19,Europe,Spain,Web,Beauty,Lip Palette,1,116.23,0.2,92.98,5.0,0
103543,2025-04-20,Latin America,Argentina,Mobile App,Electronics,Wireless Earbuds,2,168.93,0.0,337.86,5.0,0
103544,2025-04-20,Latin America,Brazil,Marketplace,Sports,Dumbbell Set,1,180.9,0.15,153.77,,0
103545,2025-04-20,Asia Pacific,Japan,Mobile App,Electronics,Smartwatch,1,339.92,0.2,271.94,4.0,0
103546,2025-04-20,Europe,France,Web,Beauty,Fragrance Set,4,104.85,0.05,398.43,,0
103547,2025-04-20,North America,Canada,Web,Electronics,Smartwatch,3,377.17,0.0,1131.51,5.0,0
103548,2025-04-20,Latin America,Argentina,Marketplace,Electronics,Smartwatch,2,358.58,0.15,609.59,,0
103549,2025-04-20,Asia Pacific,India,Retail Partner,Fashion,Sunglasses,3,183.24,0.2,439.78,,0
103550,2025-04-20,Europe,France,Web,Sports,Fitness Tracker,1,68.96,0.0,68.96,5.0,0
103551,2025-04-20,Europe,United Kingdom,Retail Partner,Electronics,USB-C Hub,2,372.08,0.2,595.33,4.0,0
103552,2025-04-20,Europe,Germany,Web,Electronics,Smartwatch,4,374.72,0.2,1199.1,,0
103553,2025-04-21,Asia Pacific,Australia,Web,Home & Kitchen,Espresso Machine,2,90.91,0.15,154.55,3.0,0
103554,2025-04-21,North America,Canada,Web,Fashion,Leather Belt,2,117.27,0.0,234.54,5.0,0
103555,2025-04-21,North America,Canada,Web,Home & Kitchen,Espresso Machine,2,88.57,0.0,177.14,,0
103556,2025-04-21,Europe,France,Marketplace,Fashion,Leather Belt,4,120.16,0.0,480.64,4.0,0
103557,2025-04-21,Latin America,Chile,Marketplace,Home & Kitchen,Chef Knife Set,1,185.11,0.1,166.6,4.0,0
103558,2025-04-21,Latin America,Argentina,Marketplace,Sports,Yoga Mat,3,103.06,0.0,309.18,,1
103559,2025-04-21,North America,Mexico,Web,Home & Kitchen,Smart Lamp,3,184.66,0.0,553.98,,0
103560,2025-04-21,North America,United States,Web,Fashion,Running Shoes,1,53.19,0.0,53.19,5.0,0
103561,2025-04-22,Asia Pacific,Japan,Marketplace,Fashion,Running Shoes,3,53.93,0.05,153.7,3.0,0
103562,2025-04-22,North America,Mexico,Mobile App,Fashion,Denim Jacket,2,98.08,0.2,156.93,4.0,0
103563,2025-04-22,North America,United States,Mobile App,Fashion,Leather Belt,2,118.13,0.05,224.45,5.0,0
103564,2025-04-22,Asia Pacific,Singapore,Marketplace,Home & Kitchen,Linen Bedding,1,168.79,0.2,135.03,,0
103565,2025-04-23,North America,Canada,Web,Fashion,Sunglasses,4,184.78,0.0,739.12,,0
103566,2025-04-23,Europe,United Kingdom,Web,Electronics,Smartwatch,3,366.05,0.1,988.34,4.0,0
103567,2025-04-23,Europe,France,Mobile App,Sports,Yoga Mat,1,118.87,0.0,118.87,5.0,0
103568,2025-04-23,Latin America,Chile,Web,Sports,Cycling Helmet,1,225.12,0.05,213.86,5.0,0
103569,2025-04-23,North America,United States,Web,Electronics,Mechanical Keyboard,3,51.79,0.05,147.6,5.0,0
103570,2025-04-23,North America,Mexico,Web,Home & Kitchen,Air Fryer,3,158.99,0.2,381.58,5.0,1
103571,2025-04-23,Europe,France,Web,Electronics,4K Monitor,1,165.08,0.1,148.57,5.0,0
103572,2025-04-23,Asia Pacific,Australia,Web,Beauty,Fragrance Set,3,108.79,0.1,293.73,4.0,0
103573,2025-04-23,North America,Mexico,Marketplace,Fashion,Denim Jacket,4,103.6,0.0,414.4,4.0,0
103574,2025-04-23,Latin America,Chile,Mobile App,Home & Kitchen,Chef Knife Set,2,182.13,0.0,364.26,3.0,0
103575,2025-04-23,North America,Mexico,Retail Partner,Electronics,USB-C Hub,1,385.24,0.1,346.72,3.0,0
103576,2025-04-24,North America,Mexico,Mobile App,Sports,Dumbbell Set,2,174.01,0.1,313.22,,0
103577,2025-04-24,Latin America,Argentina,Web,Home & Kitchen,Linen Bedding,1,158.6,0.0,158.6,3.0,0
103578,2025-04-24,Europe,Spain,Mobile App,Home & Kitchen,Smart Lamp,1,213.31,0.2,170.65,4.0,1
103579,2025-04-24,Europe,Spain,Web,Home & Kitchen,Espresso Machine,1,88.95,0.0,88.95,3.0,0
103580,2025-04-24,North America,Canada,Mobile App,Beauty,Skincare Kit,1,106.18,0.0,106.18,5.0,0
103581,2025-04-24,Asia Pacific,India,Web,Sports,Trail Backpack,1,145.1,0.15,123.33,,0
103582,2025-04-24,Europe,France,Marketplace,Electronics,USB-C Hub,2,376.76,0.0,753.52,4.0,0
103583,2025-04-24,North America,Canada,Web,Sports,Trail Backpack,1,154.43,0.0,154.43,4.0,1
103584,2025-04-24,Europe,Spain,Web,Home & Kitchen,Espresso Machine,1,80.33,0.2,64.26,3.0,0
103585,2025-04-24,Asia Pacific,Japan,Web,Home & Kitchen,Espresso Machine,2,91.69,0.0,183.38,5.0,0
103586,2025-04-24,Asia Pacific,Australia,Marketplace,Fashion,Running Shoes,3,52.18,0.1,140.89,5.0,0
103587,2025-04-25,North America,United States,Web,Electronics,4K Monitor,1,144.39,0.0,144.39,5.0,0
103588,2025-04-25,Asia Pacific,Japan,Web,Beauty,Lip Palette,2,118.17,0.15,200.89,5.0,0
103589,2025-04-25,North America,United States,Web,Electronics,Wireless Earbuds,2,186.33,0.15,316.76,5.0,0
103590,2025-04-25,North America,Mexico,Mobile App,Sports,Dumbbell Set,2,182.37,0.0,364.74,5.0,0
103591,2025-04-25,Europe,France,Retail Partner,Beauty,Hair Dryer,4,99.21,0.05,377.0,5.0,0
103592,2025-04-25,North America,Canada,Mobile App,Electronics,Smartwatch,4,350.03,0.0,1400.12,,0
103593,2025-04-25,Latin America,Brazil,Marketplace,Home & Kitchen,Smart Lamp,1,186.22,0.05,176.91,,0
103594,2025-04-25,Asia Pacific,Japan,Web,Electronics,4K Monitor,1,165.03,0.05,156.78,4.0,0
103595,2025-04-25,North America,United States,Mobile App,Home & Kitchen,Linen Bedding,2,158.08,0.0,316.16,3.0,0
103596,2025-04-25,North America,Canada,Web,Home & Kitchen,Espresso Machine,2,85.36,0.0,170.72,4.0,0
103597,2025-04-25,North America,Canada,Mobile App,Home & Kitchen,Chef Knife Set,1,180.76,0.0,180.76,5.0,0
103598,2025-04-26,Asia Pacific,Australia,Retail Partner,Sports,Dumbbell Set,2,172.96,0.0,345.92,,0
103599,2025-04-26,North America,Canada,Web,Sports,Trail Backpack,4,165.07,0.1,594.25,3.0,0
103600,2025-04-26,North America,United States,Web,Fashion,Leather Belt,1,122.39,0.05,116.27,5.0,0
103601,2025-04-26,Europe,France,Web,Sports,Fitness Tracker,2,69.7,0.05,132.43,3.0,0
103602,2025-04-26,Asia Pacific,Japan,Marketplace,Home & Kitchen,Air Fryer,1,180.73,0.0,180.73,5.0,0
103603,2025-04-26,Europe,Spain,Mobile App,Fashion,Leather Belt,4,120.71,0.1,434.56,,0
103604,2025-04-26,Europe,United Kingdom,Mobile App,Fashion,Leather Belt,1,123.51,0.0,123.51,4.0,0
103605,2025-04-27,Europe,Germany,Web,Electronics,4K Monitor,4,157.22,0.0,628.88,5.0,0
103606,2025-04-27,Europe,Germany,Marketplace,Electronics,Wireless Earbuds,3,174.2,0.05,496.47,,0
103607,2025-04-27,Asia Pacific,Australia,Web,Fashion,Leather Belt,1,129.15,0.1,116.24,5.0,0
103608,2025-04-27,North America,United States,Web,Beauty,Lip Palette,4,116.12,0.1,418.03,4.0,0
103609,2025-04-27,Asia Pacific,India,Web,Home & Kitchen,Air Fryer,4,173.5,0.1,624.6,5.0,0
103610,2025-04-27,Europe,Spain,Marketplace,Beauty,Fragrance Set,4,101.44,0.0,405.76,,0
103611,2025-04-27,Europe,Spain,Marketplace,Fashion,Leather Belt,1,134.77,0.0,134.77,3.0,0
103612,2025-04-27,Latin America,Brazil,Web,Home & Kitchen,Chef Knife Set,2,175.49,0.05,333.43,5.0,0
103613,2025-04-28,North America,United States,Web,Beauty,Lip Palette,4,117.76,0.15,400.38,,0
103614,2025-04-28,North America,United States,Web,Beauty,Hair Dryer,3,103.98,0.0,311.94,5.0,1
103615,2025-04-28,North America,Canada,Mobile App,Electronics,USB-C Hub,4,388.91,0.0,1555.64,4.0,0
103616,2025-04-28,North America,United States,Mobile App,Beauty,Lip Palette,2,111.7,0.0,223.4,,0
103617,2025-04-28,Europe,Germany,Web,Sports,Dumbbell Set,3,186.83,0.15,476.42,5.0,0
103618,2025-04-28,North America,United States,Marketplace,Beauty,Fragrance Set,1,113.34,0.05,107.67,,0
103619,2025-04-28,North America,Canada,Mobile App,Electronics,USB-C Hub,1,378.71,0.1,340.84,3.0,0
103620,2025-04-28,Latin America,Argentina,Web,Electronics,Mechanical Keyboard,1,48.21,0.15,40.98,4.0,0
103621,2025-04-28,Asia Pacific,Singapore,Web,Electronics,Smartwatch,1,394.54,0.05,374.81,,0
103622,2025-04-28,Europe,United Kingdom,Web,Fashion,Running Shoes,4,55.2,0.15,187.68,4.0,0
103623,2025-04-28,Asia Pacific,Japan,Web,Sports,Cycling Helmet,3,205.36,0.15,523.67,,1
103624,2025-04-28,North America,United States,Web,Beauty,Lip Palette,4,103.27,0.1,371.77,4.0,0
103625,2025-04-29,North America,United States,Web,Fashion,Wool Sweater,2,45.27,0.15,76.96,5.0,0
103626,2025-04-29,North America,United States,Mobile App,Fashion,Sunglasses,2,187.46,0.0,374.92,5.0,0
103627,2025-04-29,North America,United States,Web,Electronics,4K Monitor,1,162.63,0.0,162.63,5.0,0
103628,2025-04-29,North America,Canada,Mobile App,Fashion,Leather Belt,1,131.22,0.2,104.98,,0
103629,2025-04-29,North America,Mexico,Mobile App,Home & Kitchen,Smart Lamp,2,198.76,0.0,397.52,4.0,0
103630,2025-04-29,Latin America,Brazil,Web,Electronics,Wireless Earbuds,3,190.28,0.0,570.84,4.0,0
103631,2025-04-29,Asia Pacific,Japan,Mobile App,Fashion,Sunglasses,4,165.15,0.0,660.6,,0
103632,2025-04-29,Asia Pacific,Singapore,Mobile App,Sports,Dumbbell Set,1,163.82,0.15,139.25,,0
103633,2025-04-29,Latin America,Brazil,Marketplace,Home & Kitchen,Air Fryer,1,177.14,0.2,141.71,,0
103634,2025-04-29,Europe,Germany,Mobile App,Sports,Yoga Mat,1,107.19,0.0,107.19,5.0,0
103635,2025-04-30,Asia Pacific,India,Mobile App,Electronics,4K Monitor,1,164.38,0.15,139.72,4.0,0
103636,2025-04-30,North America,Mexico,Web,Electronics,4K Monitor,1,154.92,0.0,154.92,5.0,0
103637,2025-04-30,North America,Mexico,Mobile App,Sports,Trail Backpack,4,164.48,0.15,559.23,3.0,0
103638,2025-04-30,North America,Canada,Mobile App,Beauty,Fragrance Set,2,112.66,0.0,225.32,5.0,0
103639,2025-04-30,North America,Canada,Marketplace,Sports,Dumbbell Set,4,162.94,0.05,619.17,5.0,0
103640,2025-04-30,North America,United States,Web,Sports,Cycling Helmet,2,204.44,0.0,408.88,,0
103641,2025-05-01,North America,United States,Marketplace,Electronics,Mechanical Keyboard,1,47.18,0.0,47.18,,0
103642,2025-05-01,Asia Pacific,Singapore,Mobile App,Home & Kitchen,Chef Knife Set,1,172.39,0.0,172.39,,0
103643,2025-05-01,North America,Canada,Mobile App,Home & Kitchen,Smart Lamp,2,191.78,0.1,345.2,5.0,0
103644,2025-05-01,Latin America,Chile,Web,Electronics,Wireless Earbuds,2,169.05,0.0,338.1,4.0,0
103645,2025-05-01,Latin America,Chile,Retail Partner,Electronics,Wireless Earbuds,2,178.65,0.15,303.7,,0
103646,2025-05-01,North America,United States,Mobile App,Electronics,Mechanical Keyboard,2,48.22,0.0,96.44,4.0,0
103647,2025-05-01,Europe,United Kingdom,Mobile App,Fashion,Sunglasses,1,182.1,0.15,154.78,4.0,0
103648,2025-05-02,Europe,Germany,Marketplace,Home & Kitchen,Air Fryer,3,174.07,0.15,443.88,3.0,0
103649,2025-05-02,North America,Canada,Mobile App,Electronics,Wireless Earbuds,1,167.82,0.05,159.43,,0
103650,2025-05-02,Latin America,Brazil,Web,Electronics,4K Monitor,2,148.36,0.2,237.38,5.0,0
103651,2025-05-02,Europe,France,Marketplace,Electronics,Wireless Earbuds,2,189.92,0.0,379.84,3.0,0
103652,2025-05-02,Europe,France,Web,Fashion,Running Shoes,2,59.66,0.0,119.32,5.0,1
103653,2025-05-02,Europe,United Kingdom,Mobile App,Beauty,Fragrance Set,2,114.64,0.1,206.35,,0
103654,2025-05-03,North America,Canada,Marketplace,Home & Kitchen,Chef Knife Set,1,202.24,0.0,202.24,4.0,0
103655,2025-05-03,Europe,Germany,Mobile App,Fashion,Leather Belt,1,127.87,0.05,121.48,,0
103656,2025-05-03,Europe,Germany,Web,Sports,Yoga Mat,1,117.4,0.1,105.66,4.0,0
103657,2025-05-03,Europe,United Kingdom,Mobile App,Electronics,Smartwatch,2,371.37,0.05,705.6,,0
103658,2025-05-03,North America,Mexico,Retail Partner,Electronics,Wireless Earbuds,1,178.15,0.0,178.15,5.0,0
103659,2025-05-03,Asia Pacific,Australia,Web,Electronics,Wireless Earbuds,4,178.99,0.1,644.36,4.0,0
103660,2025-05-03,North America,United States,Marketplace,Home & Kitchen,Espresso Machine,2,80.39,0.0,160.78,3.0,0
103661,2025-05-03,Europe,United Kingdom,Mobile App,Fashion,Wool Sweater,1,41.96,0.05,39.86,4.0,0
103662,2025-05-03,North America,Canada,Mobile App,Home & Kitchen,Linen Bedding,2,165.59,0.0,331.18,,0
103663,2025-05-03,North America,United States,Mobile App,Electronics,Smartwatch,2,355.57,0.0,711.14,4.0,0
103664,2025-05-03,Asia Pacific,Australia,Mobile App,Electronics,Wireless Earbuds,2,183.49,0.0,366.98,3.0,0
103665,2025-05-03,North America,Mexico,Mobile App,Electronics,USB-C Hub,4,391.8,0.05,1488.84,4.0,0
103666,2025-05-04,North America,United States,Retail Partner,Fashion,Sunglasses,1,165.62,0.2,132.5,5.0,0
103667,2025-05-04,Asia Pacific,Japan,Marketplace,Home & Kitchen,Chef Knife Set,2,201.84,0.0,403.68,4.0,0
103668,2025-05-04,Europe,United Kingdom,Web,Fashion,Wool Sweater,1,48.94,0.0,48.94,5.0,0
103669,2025-05-04,Latin America,Chile,Web,Sports,Fitness Tracker,1,73.55,0.1,66.19,3.0,0
103670,2025-05-04,Asia Pacific,Singapore,Marketplace,Beauty,Fragrance Set,1,109.16,0.0,109.16,5.0,0
103671,2025-05-04,Europe,Spain,Web,Electronics,4K Monitor,1,166.5,0.0,166.5,5.0,0
103672,2025-05-04,Europe,Germany,Web,Home & Kitchen,Smart Lamp,2,206.53,0.0,413.06,5.0,0
103673,2025-05-04,North America,United States,Mobile App,Fashion,Leather Belt,1,120.81,0.05,114.77,5.0,0
103674,2025-05-04,Europe,Spain,Web,Electronics,USB-C Hub,4,362.28,0.0,1449.12,5.0,0
103675,2025-05-04,North America,Canada,Web,Fashion,Running Shoes,4,56.98,0.1,205.13,5.0,0
103676,2025-05-05,Europe,Germany,Web,Electronics,Mechanical Keyboard,1,54.48,0.2,43.58,5.0,0
103677,2025-05-05,Latin America,Brazil,Mobile App,Sports,Cycling Helmet,1,223.64,0.15,190.09,,0
103678,2025-05-05,Latin America,Brazil,Web,Electronics,USB-C Hub,4,349.56,0.1,1258.42,,0
103679,2025-05-05,Europe,United Kingdom,Web,Fashion,Denim Jacket,4,106.41,0.2,340.51,4.0,0
103680,2025-05-05,North America,Mexico,Marketplace,Fashion,Wool Sweater,1,48.44,0.1,43.6,,0
103681,2025-05-06,North America,Mexico,Mobile App,Electronics,4K Monitor,2,149.89,0.1,269.8,,0
103682,2025-05-06,North America,Mexico,Mobile App,Sports,Fitness Tracker,1,74.89,0.15,63.66,5.0,0
103683,2025-05-06,North America,Mexico,Mobile App,Electronics,Smartwatch,2,377.16,0.0,754.32,5.0,0
103684,2025-05-06,Europe,United Kingdom,Mobile App,Electronics,USB-C Hub,1,369.46,0.0,369.46,,0
103685,2025-05-06,North America,Canada,Web,Fashion,Leather Belt,4,129.11,0.15,438.97,5.0,0
103686,2025-05-07,North America,United States,Retail Partner,Beauty,Fragrance Set,1,101.58,0.05,96.5,5.0,0
103687,2025-05-07,North America,Mexico,Web,Electronics,Mechanical Keyboard,3,48.26,0.15,123.06,5.0,0
103688,2025-05-07,Europe,Germany,Marketplace,Fashion,Wool Sweater,3,44.48,0.05,126.77,5.0,0
103689,2025-05-07,Latin America,Brazil,Mobile App,Sports,Trail Backpack,4,167.49,0.0,669.96,4.0,0
103690,2025-05-07,North America,Mexico,Web,Fashion,Sunglasses,4,175.06,0.15,595.2,5.0,0
103691,2025-05-07,Asia Pacific,Japan,Web,Electronics,USB-C Hub,2,390.34,0.1,702.61,5.0,0
103692,2025-05-07,Latin America,Chile,Retail Partner,Electronics,4K Monitor,2,147.56,0.15,250.85,3.0,0
103693,2025-05-07,Latin America,Chile,Web,Electronics,Smartwatch,2,344.1,0.15,584.97,,0
103694,2025-05-07,North America,United States,Mobile App,Electronics,4K Monitor,4,161.17,0.05,612.45,,0
103695,2025-05-08,Europe,Spain,Marketplace,Electronics,USB-C Hub,3,348.38,0.1,940.63,5.0,0
103696,2025-05-08,North America,United States,Mobile App,Fashion,Denim Jacket,3,109.61,0.0,328.83,3.0,0
103697,2025-05-08,North America,Canada,Marketplace,Sports,Fitness Tracker,1,69.43,0.15,59.02,,0
103698,2025-05-08,Europe,Germany,Web,Fashion,Sunglasses,1,170.61,0.05,162.08,3.0,1
103699,2025-05-08,North America,United States,Marketplace,Sports,Yoga Mat,4,104.0,0.15,353.6,,0
103700,2025-05-08,North America,Canada,Mobile App,Fashion,Sunglasses,1,182.63,0.0,182.63,4.0,0
103701,2025-05-08,Asia Pacific,Singapore,Marketplace,Fashion,Denim Jacket,1,112.4,0.0,112.4,,1
103702,2025-05-08,North America,Mexico,Mobile App,Home & Kitchen,Linen Bedding,2,149.37,0.0,298.74,4.0,0
103703,2025-05-08,Europe,Spain,Marketplace,Beauty,Fragrance Set,2,106.93,0.0,213.86,,0
103704,2025-05-09,Europe,France,Mobile App,Home & Kitchen,Linen Bedding,2,168.52,0.1,303.34,4.0,0
103705,2025-05-09,Asia Pacific,Japan,Web,Sports,Cycling Helmet,3,229.64,0.2,551.14,,0
103706,2025-05-09,North America,Canada,Web,Fashion,Leather Belt,1,125.09,0.0,125.09,3.0,0
103707,2025-05-09,Europe,Spain,Mobile App,Electronics,4K Monitor,1,144.53,0.05,137.3,5.0,0
103708,2025-05-09,North America,United States,Web,Fashion,Running Shoes,2,57.66,0.0,115.32,5.0,0
103709,2025-05-10,Asia Pacific,Japan,Mobile App,Fashion,Wool Sweater,2,43.04,0.05,81.78,5.0,0
103710,2025-05-10,Europe,Spain,Web,Fashion,Running Shoes,2,57.68,0.0,115.36,,0
103711,2025-05-10,North America,Mexico,Marketplace,Electronics,USB-C Hub,2,354.85,0.05,674.22,5.0,0
103712,2025-05-10,Asia Pacific,Singapore,Web,Sports,Fitness Tracker,1,74.59,0.15,63.4,,0
103713,2025-05-10,North America,Canada,Marketplace,Fashion,Wool Sweater,2,42.43,0.2,67.89,,1
103714,2025-05-10,Europe,France,Web,Electronics,USB-C Hub,3,375.02,0.0,1125.06,,0
103715,2025-05-10,Latin America,Argentina,Web,Fashion,Leather Belt,1,128.85,0.15,109.52,5.0,1
103716,2025-05-10,Europe,United Kingdom,Mobile App,Electronics,Wireless Earbuds,2,172.24,0.15,292.81,5.0,0
103717,2025-05-10,Europe,Spain,Web,Electronics,Mechanical Keyboard,2,54.75,0.2,87.6,,0
103718,2025-05-10,North America,Mexico,Web,Beauty,Fragrance Set,1,114.74,0.05,109.0,,0
103719,2025-05-10,North America,Canada,Web,Fashion,Wool Sweater,1,43.36,0.0,43.36,5.0,0
103720,2025-05-11,Latin America,Brazil,Marketplace,Electronics,4K Monitor,3,144.33,0.05,411.34,5.0,0
103721,2025-05-11,Latin America,Argentina,Marketplace,Electronics,USB-C Hub,2,368.77,0.2,590.03,5.0,0
103722,2025-05-11,Europe,Germany,Marketplace,Fashion,Running Shoes,2,53.28,0.2,85.25,,0
103723,2025-05-11,Latin America,Argentina,Mobile App,Electronics,Mechanical Keyboard,3,54.28,0.1,146.56,3.0,0
103724,2025-05-11,North America,United States,Web,Electronics,Mechanical Keyboard,2,53.51,0.2,85.62,,0
103725,2025-05-11,Europe,Germany,Marketplace,Electronics,4K Monitor,2,160.23,0.0,320.46,5.0,0
103726,2025-05-11,North America,United States,Mobile App,Fashion,Running Shoes,1,53.38,0.15,45.37,5.0,0
103727,2025-05-11,Europe,United Kingdom,Web,Electronics,Wireless Earbuds,2,189.53,0.15,322.2,5.0,0
103728,2025-05-11,Asia Pacific,Japan,Web,Fashion,Sunglasses,1,181.3,0.2,145.04,3.0,0
103729,2025-05-12,North America,Canada,Web,Fashion,Sunglasses,2,168.4,0.0,336.8,3.0,0
103730,2025-05-12,North America,United States,Mobile App,Electronics,4K Monitor,1,146.16,0.2,116.93,5.0,0
103731,2025-05-12,Europe,United Kingdom,Marketplace,Home & Kitchen,Chef Knife Set,4,200.48,0.0,801.92,4.0,0
103732,2025-05-12,North America,Canada,Mobile App,Fashion,Denim Jacket,3,105.33,0.2,252.79,,0
103733,2025-05-12,Europe,United Kingdom,Web,Beauty,Vitamin C Serum,1,43.79,0.15,37.22,,0
103734,2025-05-12,Asia Pacific,Singapore,Web,Electronics,Smartwatch,2,386.08,0.0,772.16,5.0,0
103735,2025-05-12,North America,Mexico,Mobile App,Home & Kitchen,Espresso Machine,1,85.06,0.0,85.06,4.0,0
103736,2025-05-12,Latin America,Chile,Web,Beauty,Fragrance Set,1,115.51,0.0,115.51,5.0,0
103737,2025-05-13,Asia Pacific,Japan,Mobile App,Sports,Trail Backpack,1,164.56,0.2,131.65,5.0,0
103738,2025-05-13,Europe,Spain,Retail Partner,Electronics,USB-C Hub,2,366.79,0.0,733.58,3.0,0
103739,2025-05-13,Asia Pacific,Australia,Web,Electronics,Mechanical Keyboard,4,51.56,0.0,206.24,3.0,0
103740,2025-05-13,North America,Canada,Mobile App,Fashion,Leather Belt,1,134.83,0.0,134.83,4.0,0
103741,2025-05-13,Asia Pacific,India,Web,Home & Kitchen,Smart Lamp,4,191.19,0.2,611.81,,0
103742,2025-05-13,North America,Canada,Web,Fashion,Running Shoes,2,52.27,0.0,104.54,4.0,1
103743,2025-05-13,North America,United States,Web,Electronics,4K Monitor,3,151.55,0.0,454.65,5.0,0
103744,2025-05-13,Asia Pacific,Australia,Mobile App,Fashion,Sunglasses,1,167.56,0.0,167.56,,0
103745,2025-05-13,North America,United States,Web,Home & Kitchen,Espresso Machine,1,87.77,0.15,74.6,,0
103746,2025-05-13,North America,United States,Marketplace,Electronics,USB-C Hub,1,382.76,0.0,382.76,5.0,0
103747,2025-05-13,Latin America,Chile,Marketplace,Fashion,Wool Sweater,1,45.39,0.1,40.85,,0
103748,2025-05-13,Asia Pacific,Singapore,Mobile App,Sports,Trail Backpack,1,166.68,0.1,150.01,5.0,0
103749,2025-05-13,North America,Mexico,Marketplace,Fashion,Wool Sweater,3,48.33,0.05,137.74,,0
103750,2025-05-13,Asia Pacific,Japan,Web,Electronics,4K Monitor,2,160.83,0.0,321.66,5.0,0
103751,2025-05-14,Asia Pacific,India,Mobile App,Beauty,Hair Dryer,2,97.91,0.05,186.03,3.0,0
103752,2025-05-14,Asia Pacific,India,Mobile App,Home & Kitchen,Smart Lamp,1,203.34,0.05,193.17,3.0,0
103753,2025-05-14,North America,United States,Web,Sports,Cycling Helmet,2,201.45,0.0,402.9,3.0,0
103754,2025-05-14,Latin America,Brazil,Web,Home & Kitchen,Espresso Machine,4,86.91,0.0,347.64,4.0,0
103755,2025-05-14,Europe,France,Mobile App,Beauty,Hair Dryer,1,93.07,0.2,74.46,5.0,0
103756,2025-05-14,North America,Canada,Marketplace,Electronics,Mechanical Keyboard,2,51.57,0.15,87.67,3.0,0
103757,2025-05-15,North America,Mexico,Mobile App,Beauty,Lip Palette,1,113.66,0.05,107.98,3.0,0
103758,2025-05-15,North America,Mexico,Marketplace,Sports,Cycling Helmet,1,232.86,0.0,232.86,,0
103759,2025-05-15,Asia Pacific,Australia,Marketplace,Beauty,Hair Dryer,2,94.9,0.0,189.8,4.0,0
103760,2025-05-15,North America,Canada,Web,Fashion,Leather Belt,1,129.62,0.1,116.66,3.0,0
103761,2025-05-15,North America,United States,Web,Beauty,Hair Dryer,3,91.48,0.1,247.0,4.0,0
103762,2025-05-15,Asia Pacific,Singapore,Web,Electronics,Wireless Earbuds,2,171.06,0.15,290.8,3.0,0
103763,2025-05-15,Europe,Germany,Mobile App,Fashion,Wool Sweater,2,44.76,0.0,89.52,5.0,0
103764,2025-05-15,North America,United States,Marketplace,Sports,Fitness Tracker,1,67.26,0.2,53.81,4.0,0
103765,2025-05-16,Europe,Spain,Web,Electronics,USB-C Hub,2,343.34,0.0,686.68,3.0,0
103766,2025-05-16,North America,Canada,Marketplace,Fashion,Leather Belt,4,120.03,0.1,432.11,5.0,0
103767,2025-05-16,Asia Pacific,India,Mobile App,Beauty,Fragrance Set,2,105.45,0.0,210.9,5.0,0
103768,2025-05-16,Asia Pacific,Japan,Mobile App,Electronics,Mechanical Keyboard,2,47.25,0.0,94.5,4.0,1
103769,2025-05-16,North America,Mexico,Web,Fashion,Denim Jacket,1,104.26,0.15,88.62,4.0,0
103770,2025-05-16,Asia Pacific,Japan,Mobile App,Home & Kitchen,Linen Bedding,2,169.65,0.0,339.3,5.0,0
103771,2025-05-17,Europe,France,Marketplace,Fashion,Denim Jacket,3,102.77,0.0,308.31,5.0,0
103772,2025-05-17,North America,Canada,Web,Fashion,Running Shoes,1,57.63,0.2,46.1,,0
103773,2025-05-17,North America,United States,Mobile App,Beauty,Skincare Kit,2,115.6,0.1,208.08,5.0,0
103774,2025-05-17,Asia Pacific,Australia,Web,Electronics,Smartwatch,1,366.81,0.0,366.81,5.0,0
103775,2025-05-17,North America,Canada,Marketplace,Sports,Cycling Helmet,2,223.17,0.0,446.34,,0
103776,2025-05-17,North America,Canada,Marketplace,Home & Kitchen,Chef Knife Set,1,191.74,0.1,172.57,,0
103777,2025-05-17,Latin America,Argentina,Web,Electronics,Smartwatch,1,382.57,0.0,382.57,,0
103778,2025-05-17,Asia Pacific,Singapore,Marketplace,Home & Kitchen,Linen Bedding,1,151.07,0.05,143.52,4.0,0
103779,2025-05-17,North America,United States,Mobile App,Home & Kitchen,Smart Lamp,2,190.09,0.15,323.15,5.0,0
103780,2025-05-17,North America,United States,Web,Fashion,Running Shoes,1,51.9,0.15,44.11,5.0,0
103781,2025-05-17,North America,Mexico,Mobile App,Beauty,Fragrance Set,1,114.82,0.1,103.34,,0
103782,2025-05-17,Asia Pacific,Australia,Web,Home & Kitchen,Espresso Machine,3,91.92,0.1,248.18,,0
103783,2025-05-17,Europe,Germany,Retail Partner,Sports,Trail Backpack,3,145.58,0.05,414.9,4.0,0
103784,2025-05-18,Asia Pacific,India,Retail Partner,Fashion,Denim Jacket,4,104.32,0.0,417.28,5.0,0
103785,2025-05-18,North America,Canada,Mobile App,Electronics,Mechanical Keyboard,1,50.24,0.0,50.24,,0
103786,2025-05-18,North America,United States,Web,Fashion,Denim Jacket,1,99.83,0.05,94.84,,0
103787,2025-05-18,Asia Pacific,Australia,Retail Partner,Electronics,Wireless Earbuds,2,174.78,0.2,279.65,4.0,0
103788,2025-05-18,Europe,United Kingdom,Retail Partner,Home & Kitchen,Linen Bedding,3,156.04,0.2,374.5,,0
103789,2025-05-18,North America,Mexico,Marketplace,Beauty,Fragrance Set,1,115.32,0.0,115.32,,0
103790,2025-05-18,Europe,Spain,Marketplace,Beauty,Hair Dryer,4,93.38,0.0,373.52,4.0,0
103791,2025-05-18,Europe,Spain,Marketplace,Home & Kitchen,Linen Bedding,2,158.47,0.0,316.94,,0
103792,2025-05-18,Asia Pacific,Singapore,Mobile App,Home & Kitchen,Linen Bedding,2,148.09,0.1,266.56,3.0,0
103793,2025-05-19,Europe,United Kingdom,Mobile App,Electronics,USB-C Hub,1,340.88,0.15,289.75,,0
103794,2025-05-19,Asia Pacific,Singapore,Mobile App,Home & Kitchen,Linen Bedding,4,152.09,0.1,547.52,4.0,0
103795,2025-05-19,Europe,Spain,Web,Beauty,Vitamin C Serum,2,45.83,0.2,73.33,3.0,0
103796,2025-05-19,North America,United States,Marketplace,Sports,Yoga Mat,4,115.2,0.2,368.64,4.0,0
103797,2025-05-19,Asia Pacific,Japan,Marketplace,Fashion,Leather Belt,1,116.86,0.2,93.49,4.0,1
103798,2025-05-19,Asia Pacific,Japan,Web,Home & Kitchen,Linen Bedding,2,168.32,0.2,269.31,,0
103799,2025-05-19,Asia Pacific,India,Marketplace,Electronics,4K Monitor,3,150.82,0.1,407.21,,0
103800,2025-05-19,Asia Pacific,Japan,Marketplace,Home & Kitchen,Linen Bedding,1,161.04,0.0,161.04,5.0,0
103801,2025-05-19,North America,Canada,Retail Partner,Fashion,Wool Sweater,2,46.17,0.15,78.49,5.0,0
103802,2025-05-19,Europe,Spain,Mobile App,Fashion,Denim Jacket,1,100.98,0.05,95.93,3.0,0
103803,2025-05-20,Asia Pacific,Australia,Marketplace,Beauty,Lip Palette,2,115.45,0.1,207.81,,0
103804,2025-05-20,North America,United States,Web,Electronics,Smartwatch,2,371.73,0.2,594.77,,0
103805,2025-05-21,Asia Pacific,India,Mobile App,Electronics,USB-C Hub,3,378.49,0.2,908.38,3.0,0
103806,2025-05-21,North America,United States,Web,Fashion,Wool Sweater,1,49.18,0.0,49.18,3.0,0
103807,2025-05-21,North America,Mexico,Marketplace,Electronics,4K Monitor,2,166.24,0.15,282.61,5.0,0
103808,2025-05-21,Europe,Germany,Mobile App,Electronics,Wireless Earbuds,2,168.31,0.05,319.79,4.0,0
103809,2025-05-21,Latin America,Chile,Web,Fashion,Sunglasses,1,180.98,0.0,180.98,5.0,0
103810,2025-05-21,North America,United States,Mobile App,Electronics,Smartwatch,2,385.34,0.0,770.68,4.0,0
103811,2025-05-21,North America,United States,Marketplace,Home & Kitchen,Linen Bedding,2,149.07,0.05,283.23,4.0,0
103812,2025-05-22,Europe,Spain,Mobile App,Sports,Yoga Mat,3,115.81,0.0,347.43,,0
103813,2025-05-22,North America,Canada,Web,Sports,Cycling Helmet,2,201.91,0.2,323.06,5.0,0
103814,2025-05-22,Asia Pacific,India,Web,Beauty,Skincare Kit,1,105.89,0.0,105.89,4.0,0
103815,2025-05-22,Europe,France,Mobile App,Beauty,Fragrance Set,1,113.65,0.05,107.97,,0
103816,2025-05-22,North America,United States,Marketplace,Sports,Cycling Helmet,1,231.35,0.1,208.22,,0
103817,2025-05-22,Asia Pacific,Japan,Web,Beauty,Hair Dryer,3,97.56,0.0,292.68,4.0,0
103818,2025-05-22,North America,United States,Mobile App,Home & Kitchen,Linen Bedding,1,170.8,0.0,170.8,,0
103819,2025-05-22,North America,United States,Web,Fashion,Running Shoes,2,56.85,0.0,113.7,,0
103820,2025-05-22,North America,Canada,Mobile App,Fashion,Running Shoes,1,51.96,0.0,51.96,,0
103821,2025-05-22,North America,Mexico,Mobile App,Home & Kitchen,Chef Knife Set,1,179.37,0.15,152.46,5.0,0
103822,2025-05-23,North America,Canada,Retail Partner,Home & Kitchen,Linen Bedding,1,157.1,0.0,157.1,3.0,0
103823,2025-05-23,Latin America,Brazil,Web,Home & Kitchen,Espresso Machine,1,89.63,0.15,76.19,,0
103824,2025-05-23,North America,Canada,Web,Fashion,Sunglasses,1,165.79,0.15,140.92,,0
103825,2025-05-24,North America,Canada,Mobile App,Beauty,Hair Dryer,1,105.28,0.0,105.28,5.0,0
103826,2025-05-24,Europe,Germany,Web,Beauty,Skincare Kit,4,111.21,0.0,444.84,3.0,0
103827,2025-05-24,Latin America,Argentina,Retail Partner,Electronics,4K Monitor,3,148.92,0.0,446.76,5.0,0
103828,2025-05-24,Europe,Spain,Web,Home & Kitchen,Linen Bedding,1,168.39,0.0,168.39,,0
103829,2025-05-24,Latin America,Argentina,Web,Home & Kitchen,Chef Knife Set,4,174.94,0.0,699.76,,0
103830,2025-05-24,North America,United States,Mobile App,Home & Kitchen,Espresso Machine,1,80.35,0.2,64.28,4.0,0
103831,2025-05-24,Asia Pacific,Japan,Mobile App,Home & Kitchen,Air Fryer,1,168.29,0.1,151.46,3.0,0
103832,2025-05-25,North America,Mexico,Mobile App,Beauty,Hair Dryer,1,104.29,0.2,83.43,3.0,1
103833,2025-05-25,Latin America,Argentina,Web,Fashion,Leather Belt,2,132.55,0.0,265.1,5.0,0
103834,2025-05-25,North America,Canada,Marketplace,Fashion,Leather Belt,1,136.69,0.0,136.69,,0
103835,2025-05-25,North America,Mexico,Mobile App,Fashion,Running Shoes,2,59.23,0.1,106.61,5.0,0
103836,2025-05-25,Asia Pacific,Japan,Marketplace,Fashion,Running Shoes,1,51.1,0.0,51.1,5.0,0
103837,2025-05-25,Europe,Spain,Mobile App,Sports,Yoga Mat,1,114.25,0.15,97.11,4.0,0
103838,2025-05-25,North America,United States,Web,Beauty,Fragrance Set,1,114.89,0.05,109.15,5.0,0
103839,2025-05-25,Europe,United Kingdom,Marketplace,Fashion,Running Shoes,2,52.3,0.0,104.6,3.0,0
103840,2025-05-25,Asia Pacific,Japan,Mobile App,Home & Kitchen,Smart Lamp,2,188.48,0.0,376.96,,0
103841,2025-05-26,North America,Canada,Marketplace,Fashion,Sunglasses,2,185.04,0.0,370.08,4.0,0
103842,2025-05-26,North America,Mexico,Web,Home & Kitchen,Chef Knife Set,2,193.92,0.05,368.45,4.0,0
103843,2025-05-26,Asia Pacific,Australia,Web,Home & Kitchen,Linen Bedding,2,167.18,0.0,334.36,5.0,0
103844,2025-05-26,North America,United States,Retail Partner,Beauty,Fragrance Set,1,107.6,0.0,107.6,,0
103845,2025-05-26,Europe,United Kingdom,Web,Beauty,Vitamin C Serum,3,44.1,0.0,132.3,4.0,0
103846,2025-05-26,Europe,Spain,Mobile App,Electronics,USB-C Hub,1,369.07,0.0,369.07,4.0,0
103847,2025-05-26,Asia Pacific,India,Marketplace,Electronics,Smartwatch,1,392.53,0.0,392.53,3.0,0
103848,2025-05-26,Latin America,Chile,Web,Beauty,Hair Dryer,4,95.54,0.1,343.94,4.0,0
103849,2025-05-27,North America,Mexico,Marketplace,Electronics,Smartwatch,2,379.99,0.0,759.98,4.0,0
103850,2025-05-27,North America,United States,Marketplace,Home & Kitchen,Chef Knife Set,2,187.55,0.1,337.59,3.0,0
103851,2025-05-27,North America,Canada,Marketplace,Home & Kitchen,Linen Bedding,4,154.83,0.1,557.39,4.0,0
103852,2025-05-27,North America,Mexico,Web,Electronics,Smartwatch,3,376.52,0.0,1129.56,5.0,0
103853,2025-05-27,North America,Canada,Mobile App,Fashion,Running Shoes,2,53.91,0.0,107.82,,0
103854,2025-05-27,Asia Pacific,Australia,Marketplace,Sports,Cycling Helmet,3,205.41,0.0,616.23,,0
103855,2025-05-28,North America,United States,Marketplace,Sports,Yoga Mat,2,105.72,0.0,211.44,,1
103856,2025-05-28,North America,United States,Mobile App,Sports,Fitness Tracker,2,67.72,0.2,108.35,4.0,0
103857,2025-05-28,Europe,France,Mobile App,Beauty,Skincare Kit,3,120.99,0.15,308.52,3.0,0
103858,2025-05-28,Asia Pacific,India,Mobile App,Electronics,Wireless Earbuds,1,174.19,0.0,174.19,,0
103859,2025-05-28,North America,United States,Mobile App,Electronics,USB-C Hub,4,363.01,0.0,1452.04,4.0,0
103860,2025-05-28,Europe,Spain,Marketplace,Fashion,Wool Sweater,2,45.35,0.1,81.63,4.0,0
103861,2025-05-28,North America,Mexico,Retail Partner,Fashion,Leather Belt,1,132.57,0.1,119.31,,0
103862,2025-05-28,Asia Pacific,Singapore,Web,Home & Kitchen,Smart Lamp,3,193.84,0.0,581.52,,0
103863,2025-05-29,Asia Pacific,India,Mobile App,Beauty,Hair Dryer,2,90.47,0.0,180.94,,0
103864,2025-05-29,North America,United States,Web,Home & Kitchen,Chef Knife Set,1,191.33,0.0,191.33,5.0,0
103865,2025-05-29,Asia Pacific,Japan,Mobile App,Beauty,Skincare Kit,1,105.01,0.0,105.01,4.0,0
103866,2025-05-29,Latin America,Chile,Web,Home & Kitchen,Air Fryer,1,182.76,0.0,182.76,4.0,0
103867,2025-05-29,North America,Canada,Web,Electronics,Smartwatch,4,385.3,0.0,1541.2,5.0,0
103868,2025-05-30,North America,Canada,Web,Sports,Cycling Helmet,1,218.64,0.15,185.84,4.0,0
103869,2025-05-30,North America,Mexico,Web,Beauty,Skincare Kit,1,108.49,0.15,92.22,4.0,0
103870,2025-05-30,Europe,Germany,Marketplace,Fashion,Leather Belt,4,119.26,0.0,477.04,4.0,0
103871,2025-05-30,North America,United States,Marketplace,Fashion,Denim Jacket,1,98.26,0.0,98.26,5.0,1
103872,2025-05-30,Europe,Germany,Web,Home & Kitchen,Smart Lamp,3,192.55,0.0,577.65,3.0,0
103873,2025-05-30,Latin America,Chile,Mobile App,Beauty,Hair Dryer,2,99.51,0.0,199.02,5.0,0
103874,2025-05-30,North America,Canada,Mobile App,Home & Kitchen,Chef Knife Set,2,189.61,0.2,303.38,3.0,0
103875,2025-05-30,North America,Mexico,Marketplace,Beauty,Fragrance Set,4,110.71,0.05,420.7,5.0,1
103876,2025-05-30,Europe,United Kingdom,Marketplace,Sports,Cycling Helmet,1,204.72,0.05,194.48,5.0,0
103877,2025-05-31,North America,Canada,Marketplace,Sports,Yoga Mat,1,118.29,0.0,118.29,3.0,0
103878,2025-05-31,Europe,Spain,Mobile App,Electronics,4K Monitor,3,164.15,0.0,492.45,5.0,0
103879,2025-05-31,North America,Mexico,Mobile App,Electronics,4K Monitor,1,152.9,0.15,129.97,4.0,0
103880,2025-05-31,North America,United States,Mobile App,Home & Kitchen,Chef Knife Set,1,174.86,0.1,157.37,3.0,0
103881,2025-05-31,North America,Mexico,Marketplace,Home & Kitchen,Smart Lamp,1,188.84,0.0,188.84,5.0,0
103882,2025-05-31,Europe,Spain,Mobile App,Sports,Dumbbell Set,4,180.7,0.0,722.8,,0
103883,2025-05-31,North America,Canada,Web,Electronics,4K Monitor,3,158.55,0.0,475.65,5.0,0
103884,2025-05-31,Asia Pacific,Singapore,Web,Electronics,USB-C Hub,3,388.23,0.1,1048.22,4.0,0
103885,2025-05-31,North America,Mexico,Mobile App,Home & Kitchen,Chef Knife Set,3,192.44,0.2,461.86,,1
103886,2025-06-01,Europe,France,Mobile App,Fashion,Denim Jacket,3,98.56,0.05,280.9,4.0,0
103887,2025-06-01,North America,Mexico,Web,Home & Kitchen,Air Fryer,4,161.62,0.2,517.18,3.0,0
103888,2025-06-01,Asia Pacific,India,Retail Partner,Home & Kitchen,Smart Lamp,1,199.97,0.2,159.98,3.0,0
103889,2025-06-01,Europe,United Kingdom,Mobile App,Sports,Yoga Mat,2,116.43,0.15,197.93,4.0,0
103890,2025-06-01,Latin America,Brazil,Marketplace,Electronics,Smartwatch,2,351.9,0.2,563.04,4.0,0
103891,2025-06-01,Asia Pacific,Singapore,Mobile App,Electronics,Wireless Earbuds,1,167.79,0.2,134.23,,0
103892,2025-06-02,North America,United States,Mobile App,Beauty,Lip Palette,1,110.77,0.0,110.77,,0
103893,2025-06-02,North America,Canada,Marketplace,Electronics,4K Monitor,3,169.34,0.05,482.62,3.0,0
103894,2025-06-02,Asia Pacific,Singapore,Web,Electronics,USB-C Hub,1,392.52,0.0,392.52,4.0,0
103895,2025-06-02,Asia Pacific,Australia,Mobile App,Electronics,Mechanical Keyboard,2,54.07,0.0,108.14,5.0,0
103896,2025-06-02,North America,United States,Web,Sports,Dumbbell Set,4,170.61,0.0,682.44,,0
103897,2025-06-02,North America,Mexico,Mobile App,Electronics,4K Monitor,3,158.94,0.15,405.3,5.0,0
103898,2025-06-02,North America,Mexico,Retail Partner,Beauty,Lip Palette,2,113.68,0.0,227.36,5.0,0
103899,2025-06-02,Europe,Germany,Web,Home & Kitchen,Chef Knife Set,1,186.38,0.2,149.1,5.0,0
103900,2025-06-03,Asia Pacific,Australia,Web,Electronics,Mechanical Keyboard,1,54.11,0.0,54.11,5.0,0
103901,2025-06-03,North America,Canada,Marketplace,Home & Kitchen,Chef Knife Set,2,188.45,0.15,320.36,4.0,0
103902,2025-06-03,Europe,Spain,Web,Electronics,USB-C Hub,3,340.76,0.1,920.05,,0
103903,2025-06-03,Europe,United Kingdom,Marketplace,Sports,Fitness Tracker,3,72.23,0.0,216.69,4.0,0
103904,2025-06-03,North America,Mexico,Mobile App,Electronics,Wireless Earbuds,3,178.22,0.05,507.93,,0
103905,2025-06-03,Europe,United Kingdom,Mobile App,Electronics,Smartwatch,3,354.14,0.15,903.06,4.0,0
103906,2025-06-03,Europe,Spain,Retail Partner,Home & Kitchen,Espresso Machine,3,89.7,0.0,269.1,4.0,0
103907,2025-06-03,Europe,United Kingdom,Web,Electronics,4K Monitor,3,159.73,0.15,407.31,3.0,0
103908,2025-06-03,North America,United States,Web,Electronics,Wireless Earbuds,2,192.3,0.2,307.68,3.0,0
103909,2025-06-04,Asia Pacific,India,Web,Fashion,Leather Belt,1,131.49,0.15,111.77,4.0,0
103910,2025-06-04,North America,Canada,Web,Beauty,Vitamin C Serum,3,41.69,0.1,112.56,4.0,0
103911,2025-06-04,Asia Pacific,India,Retail Partner,Beauty,Lip Palette,3,117.77,0.0,353.31,,0
103912,2025-06-04,North America,United States,Mobile App,Fashion,Running Shoes,2,55.93,0.1,100.67,5.0,0
103913,2025-06-04,North America,Mexico,Retail Partner,Fashion,Sunglasses,4,179.89,0.15,611.63,5.0,0
103914,2025-06-05,Europe,France,Mobile App,Electronics,4K Monitor,1,146.36,0.0,146.36,5.0,0
103915,2025-06-05,Europe,Germany,Web,Home & Kitchen,Air Fryer,1,163.51,0.15,138.98,,0
103916,2025-06-05,North America,United States,Web,Home & Kitchen,Air Fryer,1,179.35,0.0,179.35,3.0,0
103917,2025-06-05,Latin America,Chile,Web,Beauty,Vitamin C Serum,4,47.97,0.0,191.88,5.0,0
103918,2025-06-05,Europe,Spain,Mobile App,Home & Kitchen,Chef Knife Set,4,201.74,0.2,645.57,,0
103919,2025-06-06,Latin America,Argentina,Marketplace,Home & Kitchen,Smart Lamp,1,211.82,0.1,190.64,3.0,0
103920,2025-06-06,North America,United States,Web,Home & Kitchen,Air Fryer,1,163.95,0.0,163.95,4.0,0
103921,2025-06-06,Europe,United Kingdom,Web,Sports,Trail Backpack,1,146.3,0.05,138.99,5.0,0
103922,2025-06-06,North America,Mexico,Marketplace,Electronics,Mechanical Keyboard,2,52.62,0.0,105.24,5.0,0
103923,2025-06-06,Asia Pacific,Australia,Retail Partner,Beauty,Vitamin C Serum,1,45.54,0.0,45.54,4.0,0
103924,2025-06-06,North America,United States,Mobile App,Fashion,Running Shoes,4,53.05,0.0,212.2,5.0,0
103925,2025-06-06,Latin America,Brazil,Web,Home & Kitchen,Linen Bedding,1,150.43,0.0,150.43,5.0,0
103926,2025-06-07,Asia Pacific,Singapore,Retail Partner,Sports,Cycling Helmet,1,232.26,0.15,197.42,,0
103927,2025-06-07,Latin America,Argentina,Mobile App,Electronics,Wireless Earbuds,1,177.57,0.0,177.57,5.0,0
103928,2025-06-07,Latin America,Argentina,Web,Fashion,Wool Sweater,4,46.54,0.2,148.93,4.0,0
103929,2025-06-07,Asia Pacific,Singapore,Retail Partner,Beauty,Hair Dryer,1,90.12,0.0,90.12,5.0,0
103930,2025-06-07,Asia Pacific,Japan,Mobile App,Fashion,Sunglasses,4,162.79,0.05,618.6,,0
103931,2025-06-07,North America,Mexico,Web,Home & Kitchen,Smart Lamp,3,203.67,0.1,549.91,,0
103932,2025-06-07,Asia Pacific,Australia,Mobile App,Electronics,Smartwatch,4,393.84,0.15,1339.06,4.0,0
103933,2025-06-07,Europe,Germany,Web,Home & Kitchen,Chef Knife Set,2,183.3,0.2,293.28,5.0,0
103934,2025-06-07,Latin America,Argentina,Mobile App,Sports,Dumbbell Set,1,183.38,0.2,146.7,5.0,0
103935,2025-06-07,Asia Pacific,India,Web,Electronics,4K Monitor,2,163.1,0.1,293.58,4.0,0
103936,2025-06-07,North America,United States,Mobile App,Home & Kitchen,Espresso Machine,1,88.68,0.0,88.68,,0
103937,2025-06-07,Europe,France,Marketplace,Electronics,4K Monitor,2,167.47,0.15,284.7,,0
103938,2025-06-07,North America,Mexico,Web,Sports,Cycling Helmet,1,214.78,0.0,214.78,,0
103939,2025-06-07,North America,United States,Web,Sports,Fitness Tracker,2,72.18,0.0,144.36,,0
103940,2025-06-08,Latin America,Argentina,Web,Beauty,Lip Palette,2,108.74,0.15,184.86,5.0,0
103941,2025-06-08,Europe,Germany,Mobile App,Home & Kitchen,Espresso Machine,2,88.24,0.0,176.48,4.0,0
103942,2025-06-08,Asia Pacific,Australia,Mobile App,Electronics,Mechanical Keyboard,3,47.65,0.1,128.66,,0
103943,2025-06-08,North America,Mexico,Mobile App,Home & Kitchen,Linen Bedding,1,157.27,0.15,133.68,5.0,0
103944,2025-06-08,Europe,United Kingdom,Web,Beauty,Skincare Kit,1,106.45,0.05,101.13,5.0,0
103945,2025-06-08,North America,Canada,Retail Partner,Sports,Yoga Mat,1,112.98,0.1,101.68,,0
103946,2025-06-08,Europe,Germany,Mobile App,Fashion,Sunglasses,1,164.13,0.1,147.72,4.0,0
103947,2025-06-08,Europe,Germany,Mobile App,Electronics,Smartwatch,2,394.45,0.05,749.45,3.0,1
103948,2025-06-09,Asia Pacific,Australia,Mobile App,Electronics,Mechanical Keyboard,1,51.42,0.2,41.14,5.0,0
103949,2025-06-09,Latin America,Argentina,Web,Home & Kitchen,Smart Lamp,3,207.91,0.1,561.36,3.0,0
103950,2025-06-09,Europe,Spain,Mobile App,Home & Kitchen,Smart Lamp,2,188.34,0.05,357.85,3.0,0
103951,2025-06-09,North America,Mexico,Mobile App,Home & Kitchen,Espresso Machine,1,91.85,0.0,91.85,4.0,0
103952,2025-06-09,Asia Pacific,Australia,Web,Beauty,Fragrance Set,3,110.66,0.1,298.78,5.0,0
103953,2025-06-09,North America,United States,Web,Home & Kitchen,Smart Lamp,1,204.48,0.15,173.81,3.0,0
103954,2025-06-09,North America,Canada,Mobile App,Beauty,Hair Dryer,1,94.44,0.1,85.0,,0
103955,2025-06-09,North America,United States,Mobile App,Fashion,Denim Jacket,4,111.71,0.15,379.81,5.0,0
103956,2025-06-09,North America,Mexico,Web,Electronics,USB-C Hub,1,391.01,0.0,391.01,4.0,0
103957,2025-06-09,North America,Canada,Web,Fashion,Sunglasses,2,184.42,0.05,350.4,4.0,1
103958,2025-06-10,Europe,Germany,Mobile App,Fashion,Leather Belt,1,133.03,0.2,106.42,5.0,0
103959,2025-06-10,Asia Pacific,Japan,Web,Beauty,Hair Dryer,1,101.25,0.2,81.0,,0
103960,2025-06-10,North America,Mexico,Web,Fashion,Denim Jacket,3,105.39,0.2,252.94,3.0,0
103961,2025-06-10,Europe,United Kingdom,Mobile App,Electronics,Mechanical Keyboard,1,50.02,0.0,50.02,5.0,0
103962,2025-06-10,North America,United States,Web,Beauty,Fragrance Set,1,103.06,0.1,92.75,,0
103963,2025-06-10,North America,Canada,Mobile App,Beauty,Vitamin C Serum,2,46.52,0.05,88.39,,0
103964,2025-06-10,North America,Canada,Mobile App,Home & Kitchen,Chef Knife Set,1,180.4,0.0,180.4,5.0,0
103965,2025-06-10,North America,Mexico,Web,Fashion,Sunglasses,1,186.37,0.0,186.37,5.0,0
103966,2025-06-10,North America,United States,Web,Beauty,Skincare Kit,2,116.41,0.0,232.82,5.0,0
103967,2025-06-10,North America,United States,Marketplace,Home & Kitchen,Espresso Machine,2,90.42,0.0,180.84,4.0,0
103968,2025-06-10,Latin America,Brazil,Marketplace,Electronics,4K Monitor,1,145.99,0.05,138.69,3.0,0
103969,2025-06-10,Asia Pacific,Japan,Mobile App,Electronics,4K Monitor,2,168.41,0.15,286.3,5.0,0
103970,2025-06-10,Asia Pacific,Singapore,Mobile App,Home & Kitchen,Smart Lamp,1,184.85,0.05,175.61,4.0,0
103971,2025-06-10,Europe,United Kingdom,Mobile App,Sports,Cycling Helmet,3,217.84,0.1,588.17,3.0,0
103972,2025-06-10,Europe,France,Mobile App,Sports,Trail Backpack,2,166.64,0.0,333.28,,0
103973,2025-06-10,North America,Mexico,Marketplace,Sports,Cycling Helmet,2,222.96,0.0,445.92,,0
103974,2025-06-11,North America,Canada,Web,Fashion,Running Shoes,3,56.36,0.15,143.72,,0
103975,2025-06-11,Europe,Germany,Retail Partner,Home & Kitchen,Linen Bedding,2,154.33,0.0,308.66,5.0,0
103976,2025-06-11,Europe,United Kingdom,Mobile App,Home & Kitchen,Air Fryer,1,174.81,0.2,139.85,,0
103977,2025-06-11,North America,United States,Mobile App,Home & Kitchen,Smart Lamp,2,195.32,0.0,390.64,4.0,0
103978,2025-06-11,Latin America,Chile,Marketplace,Home & Kitchen,Smart Lamp,3,210.37,0.05,599.55,4.0,0
103979,2025-06-11,Europe,Spain,Web,Electronics,Smartwatch,1,393.99,0.1,354.59,5.0,0
103980,2025-06-11,Latin America,Argentina,Web,Home & Kitchen,Chef Knife Set,4,185.99,0.0,743.96,,1
103981,2025-06-12,North America,Mexico,Web,Fashion,Denim Jacket,4,105.02,0.0,420.08,5.0,0
103982,2025-06-12,Europe,Germany,Mobile App,Fashion,Running Shoes,1,52.31,0.2,41.85,5.0,0
103983,2025-06-12,North America,United States,Mobile App,Sports,Fitness Tracker,3,68.09,0.15,173.63,5.0,0
103984,2025-06-12,Europe,Spain,Web,Electronics,USB-C Hub,1,384.82,0.15,327.1,4.0,0
103985,2025-06-12,North America,United States,Web,Fashion,Leather Belt,1,117.83,0.1,106.05,5.0,0
103986,2025-06-12,Europe,Spain,Mobile App,Electronics,Mechanical Keyboard,4,52.41,0.0,209.64,5.0,0
103987,2025-06-12,Asia Pacific,Australia,Mobile App,Beauty,Skincare Kit,4,122.0,0.2,390.4,,0
103988,2025-06-12,Latin America,Chile,Marketplace,Fashion,Denim Jacket,4,109.47,0.15,372.2,4.0,0
103989,2025-06-12,North America,United States,Web,Electronics,4K Monitor,1,155.22,0.0,155.22,4.0,0
103990,2025-06-12,North America,United States,Web,Sports,Trail Backpack,2,145.65,0.0,291.3,5.0,0
103991,2025-06-12,Latin America,Argentina,Web,Electronics,4K Monitor,4,147.13,0.05,559.09,3.0,0
103992,2025-06-12,North America,United States,Web,Sports,Trail Backpack,3,155.71,0.05,443.77,,0
103993,2025-06-12,Latin America,Argentina,Marketplace,Beauty,Lip Palette,1,105.45,0.0,105.45,,0
103994,2025-06-12,Europe,Spain,Web,Electronics,USB-C Hub,3,373.3,0.1,1007.91,,0
103995,2025-06-12,Asia Pacific,India,Web,Fashion,Leather Belt,1,135.39,0.2,108.31,5.0,0
103996,2025-06-13,Asia Pacific,Singapore,Web,Electronics,Mechanical Keyboard,1,50.53,0.15,42.95,,0
103997,2025-06-13,North America,Canada,Web,Fashion,Sunglasses,1,166.96,0.05,158.61,5.0,0
103998,2025-06-13,Asia Pacific,Singapore,Web,Fashion,Denim Jacket,2,99.58,0.0,199.16,5.0,0
103999,2025-06-14,Europe,France,Web,Electronics,Smartwatch,2,352.23,0.05,669.24,,0
104000,2025-06-14,Asia Pacific,Singapore,Web,Home & Kitchen,Linen Bedding,3,163.26,0.2,391.82,4.0,0
104001,2025-06-14,North America,Mexico,Mobile App,Fashion,Sunglasses,1,170.71,0.0,170.71,3.0,1
104002,2025-06-14,Asia Pacific,India,Marketplace,Electronics,Smartwatch,1,396.43,0.0,396.43,5.0,0
104003,2025-06-14,Asia Pacific,Japan,Mobile App,Home & Kitchen,Smart Lamp,3,191.12,0.05,544.69,4.0,0
104004,2025-06-14,North America,United States,Mobile App,Fashion,Sunglasses,3,173.75,0.0,521.25,5.0,0
104005,2025-06-14,North America,Canada,Mobile App,Home & Kitchen,Chef Knife Set,3,180.43,0.15,460.1,5.0,0
104006,2025-06-14,Europe,Germany,Marketplace,Electronics,Smartwatch,1,385.99,0.15,328.09,,0
104007,2025-06-14,Europe,France,Web,Fashion,Leather Belt,4,126.95,0.0,507.8,3.0,1
104008,2025-06-14,North America,United States,Web,Electronics,Smartwatch,4,397.18,0.1,1429.85,,0
104009,2025-06-14,Asia Pacific,Singapore,Mobile App,Home & Kitchen,Chef Knife Set,1,178.48,0.0,178.48,5.0,0
104010,2025-06-14,Latin America,Brazil,Marketplace,Home & Kitchen,Espresso Machine,2,92.06,0.15,156.5,4.0,0
104011,2025-06-15,North America,United States,Web,Fashion,Leather Belt,2,133.5,0.15,226.95,5.0,0
104012,2025-06-15,North America,United States,Mobile App,Electronics,Mechanical Keyboard,2,46.93,0.05,89.17,5.0,0
104013,2025-06-15,Asia Pacific,Australia,Mobile App,Beauty,Skincare Kit,1,111.11,0.0,111.11,5.0,0
104014,2025-06-15,Europe,Germany,Marketplace,Sports,Dumbbell Set,1,164.36,0.0,164.36,5.0,0
104015,2025-06-15,Europe,France,Mobile App,Fashion,Wool Sweater,2,47.27,0.15,80.36,5.0,0
104016,2025-06-15,Latin America,Chile,Marketplace,Electronics,Mechanical Keyboard,4,51.11,0.2,163.55,4.0,0
104017,2025-06-15,Asia Pacific,Japan,Marketplace,Electronics,Mechanical Keyboard,1,53.06,0.0,53.06,5.0,1
104018,2025-06-15,Europe,United Kingdom,Marketplace,Sports,Yoga Mat,2,107.18,0.15,182.21,4.0,0
104019,2025-06-16,Europe,Germany,Web,Fashion,Sunglasses,2,165.72,0.05,314.87,,1
104020,2025-06-16,North America,Mexico,Mobile App,Fashion,Denim Jacket,3,100.88,0.0,302.64,,0
104021,2025-06-16,North America,Canada,Web,Fashion,Sunglasses,2,167.55,0.15,284.84,,0
104022,2025-06-16,Latin America,Brazil,Web,Fashion,Leather Belt,1,127.66,0.1,114.89,5.0,0
104023,2025-06-16,Asia Pacific,Australia,Web,Fashion,Running Shoes,2,56.97,0.0,113.94,5.0,0
104024,2025-06-17,Europe,United Kingdom,Mobile App,Sports,Cycling Helmet,2,233.82,0.2,374.11,4.0,0
104025,2025-06-17,Latin America,Chile,Web,Home & Kitchen,Air Fryer,1,167.21,0.0,167.21,3.0,0
104026,2025-06-17,North America,Canada,Web,Electronics,Smartwatch,3,383.59,0.15,978.15,5.0,0
104027,2025-06-17,Asia Pacific,Japan,Web,Sports,Fitness Tracker,1,78.39,0.15,66.63,4.0,0
104028,2025-06-17,Asia Pacific,Japan,Web,Electronics,Mechanical Keyboard,2,51.25,0.0,102.5,,0
104029,2025-06-17,Asia Pacific,Australia,Marketplace,Home & Kitchen,Chef Knife Set,1,191.27,0.2,153.02,,0
104030,2025-06-17,Asia Pacific,Singapore,Web,Fashion,Running Shoes,4,59.42,0.2,190.14,5.0,0
104031,2025-06-17,Asia Pacific,Japan,Web,Fashion,Running Shoes,1,58.17,0.2,46.54,4.0,0
104032,2025-06-17,North America,Mexico,Mobile App,Electronics,USB-C Hub,2,356.22,0.0,712.44,3.0,0
104033,2025-06-17,Latin America,Brazil,Mobile App,Sports,Dumbbell Set,3,176.03,0.0,528.09,5.0,0
104034,2025-06-17,Asia Pacific,Japan,Mobile App,Sports,Cycling Helmet,2,208.42,0.05,396.0,5.0,0
104035,2025-06-18,North America,Mexico,Retail Partner,Fashion,Denim Jacket,1,113.18,0.0,113.18,3.0,0
104036,2025-06-18,North America,United States,Web,Sports,Yoga Mat,3,120.66,0.0,361.98,4.0,0
104037,2025-06-18,North America,United States,Web,Home & Kitchen,Smart Lamp,1,188.03,0.2,150.42,4.0,0
104038,2025-06-18,North America,United States,Web,Fashion,Running Shoes,2,59.52,0.1,107.14,4.0,0
104039,2025-06-18,Europe,France,Mobile App,Electronics,USB-C Hub,2,375.03,0.15,637.55,5.0,0
104040,2025-06-18,Latin America,Argentina,Marketplace,Home & Kitchen,Linen Bedding,1,166.12,0.0,166.12,5.0,0
104041,2025-06-19,North America,Mexico,Web,Beauty,Vitamin C Serum,2,42.83,0.0,85.66,,0
104042,2025-06-19,Latin America,Chile,Web,Sports,Trail Backpack,2,167.06,0.0,334.12,,0
104043,2025-06-19,Europe,United Kingdom,Marketplace,Sports,Dumbbell Set,2,176.1,0.0,352.2,5.0,0
104044,2025-06-19,Asia Pacific,Australia,Mobile App,Electronics,4K Monitor,2,153.96,0.1,277.13,,0
104045,2025-06-19,Latin America,Argentina,Retail Partner,Sports,Trail Backpack,1,150.09,0.1,135.08,,0
104046,2025-06-19,Asia Pacific,Japan,Mobile App,Beauty,Lip Palette,1,111.67,0.15,94.92,5.0,0
104047,2025-06-19,Asia Pacific,Japan,Mobile App,Home & Kitchen,Espresso Machine,1,80.86,0.0,80.86,5.0,0
104048,2025-06-20,North America,Mexico,Web,Electronics,USB-C Hub,2,388.74,0.15,660.86,,0
104049,2025-06-20,Asia Pacific,Singapore,Web,Home & Kitchen,Smart Lamp,4,195.91,0.1,705.28,5.0,0
104050,2025-06-20,North America,Canada,Mobile App,Electronics,USB-C Hub,4,336.23,0.0,1344.92,3.0,0
104051,2025-06-20,Latin America,Chile,Web,Electronics,Wireless Earbuds,2,171.81,0.0,343.62,,0
104052,2025-06-20,Asia Pacific,Australia,Retail Partner,Electronics,Mechanical Keyboard,2,49.56,0.2,79.3,,0
104053,2025-06-20,Europe,France,Marketplace,Fashion,Sunglasses,1,165.13,0.0,165.13,,0
104054,2025-06-20,North America,Canada,Web,Sports,Fitness Tracker,1,68.57,0.1,61.71,4.0,1
104055,2025-06-20,Europe,Germany,Retail Partner,Beauty,Skincare Kit,3,119.38,0.05,340.23,5.0,0
104056,2025-06-21,Latin America,Chile,Mobile App,Electronics,Wireless Earbuds,4,173.96,0.0,695.84,4.0,0
104057,2025-06-21,North America,Canada,Mobile App,Electronics,4K Monitor,3,152.35,0.1,411.34,5.0,0
104058,2025-06-21,Europe,France,Mobile App,Fashion,Sunglasses,2,166.88,0.1,300.38,,0
104059,2025-06-21,Europe,Spain,Retail Partner,Sports,Cycling Helmet,4,204.29,0.2,653.73,3.0,0
104060,2025-06-21,Asia Pacific,Singapore,Marketplace,Fashion,Wool Sweater,3,43.16,0.0,129.48,5.0,0
104061,2025-06-21,North America,United States,Web,Electronics,Mechanical Keyboard,2,53.53,0.0,107.06,5.0,0
104062,2025-06-21,Latin America,Brazil,Mobile App,Sports,Cycling Helmet,4,212.42,0.15,722.23,4.0,0
104063,2025-06-21,Asia Pacific,Singapore,Mobile App,Sports,Fitness Tracker,3,74.26,0.0,222.78,,0
104064,2025-06-21,North America,United States,Web,Home & Kitchen,Smart Lamp,1,189.85,0.1,170.87,5.0,0
104065,2025-06-21,Asia Pacific,India,Web,Electronics,USB-C Hub,3,350.25,0.0,1050.75,,0
104066,2025-06-21,Europe,France,Retail Partner,Fashion,Sunglasses,1,169.73,0.1,152.76,5.0,0
104067,2025-06-21,Asia Pacific,Australia,Mobile App,Home & Kitchen,Smart Lamp,1,185.68,0.1,167.11,4.0,0
104068,2025-06-21,Europe,United Kingdom,Retail Partner,Home & Kitchen,Chef Knife Set,3,174.56,0.0,523.68,4.0,0
104069,2025-06-22,Asia Pacific,Australia,Web,Home & Kitchen,Smart Lamp,1,196.89,0.05,187.05,4.0,0
104070,2025-06-22,Europe,Germany,Retail Partner,Fashion,Leather Belt,4,128.0,0.1,460.8,,0
104071,2025-06-22,North America,Mexico,Retail Partner,Electronics,Mechanical Keyboard,1,54.07,0.0,54.07,,0
104072,2025-06-22,Europe,Spain,Web,Sports,Dumbbell Set,1,170.77,0.0,170.77,,1
104073,2025-06-23,Europe,France,Web,Sports,Yoga Mat,3,108.78,0.1,293.71,,0
104074,2025-06-23,Europe,United Kingdom,Web,Beauty,Lip Palette,2,115.94,0.05,220.29,4.0,0
104075,2025-06-23,North America,Canada,Retail Partner,Sports,Dumbbell Set,1,174.25,0.0,174.25,,0
104076,2025-06-23,Europe,Spain,Mobile App,Beauty,Vitamin C Serum,2,42.53,0.15,72.3,,0
104077,2025-06-23,Latin America,Chile,Mobile App,Home & Kitchen,Smart Lamp,1,195.87,0.05,186.08,,0
104078,2025-06-23,North America,United States,Web,Electronics,Smartwatch,2,388.88,0.0,777.76,5.0,0
104079,2025-06-24,Europe,Germany,Mobile App,Beauty,Lip Palette,4,109.49,0.0,437.96,,0
104080,2025-06-24,Asia Pacific,Australia,Mobile App,Sports,Trail Backpack,2,155.35,0.0,310.7,,0
104081,2025-06-24,Latin America,Chile,Web,Electronics,Mechanical Keyboard,3,50.53,0.0,151.59,4.0,0
104082,2025-06-24,Europe,United Kingdom,Web,Electronics,Wireless Earbuds,2,170.63,0.0,341.26,,0
104083,2025-06-24,North America,Mexico,Web,Sports,Dumbbell Set,1,180.75,0.0,180.75,4.0,0
104084,2025-06-24,Europe,Spain,Marketplace,Sports,Dumbbell Set,2,182.2,0.0,364.4,3.0,0
104085,2025-06-24,North America,Canada,Mobile App,Electronics,4K Monitor,2,145.7,0.0,291.4,5.0,0
104086,2025-06-24,North America,Canada,Web,Fashion,Sunglasses,2,183.85,0.2,294.16,4.0,0
104087,2025-06-24,Asia Pacific,India,Marketplace,Home & Kitchen,Chef Knife Set,1,173.6,0.0,173.6,4.0,0
104088,2025-06-25,Asia Pacific,Japan,Marketplace,Electronics,Smartwatch,1,352.88,0.15,299.95,5.0,0
104089,2025-06-25,Europe,France,Mobile App,Fashion,Running Shoes,3,51.24,0.0,153.72,4.0,1
104090,2025-06-25,Europe,France,Web,Electronics,Wireless Earbuds,3,186.89,0.0,560.67,5.0,0
104091,2025-06-25,North America,Canada,Mobile App,Electronics,Smartwatch,1,383.97,0.1,345.57,5.0,0
104092,2025-06-25,Europe,France,Mobile App,Home & Kitchen,Smart Lamp,4,201.26,0.0,805.04,5.0,0
104093,2025-06-25,Europe,Spain,Marketplace,Electronics,Wireless Earbuds,1,177.6,0.0,177.6,,0
104094,2025-06-26,North America,Canada,Web,Beauty,Fragrance Set,4,109.74,0.0,438.96,,0
104095,2025-06-26,Asia Pacific,Singapore,Web,Electronics,Smartwatch,2,365.83,0.05,695.08,5.0,1
104096,2025-06-26,North America,United States,Web,Electronics,Mechanical Keyboard,2,50.42,0.05,95.8,4.0,0
104097,2025-06-26,Asia Pacific,India,Web,Beauty,Vitamin C Serum,1,43.67,0.0,43.67,4.0,0
104098,2025-06-26,Europe,Spain,Web,Electronics,Smartwatch,1,380.01,0.2,304.01,4.0,0
104099,2025-06-26,North America,Mexico,Web,Electronics,Smartwatch,2,389.39,0.0,778.78,5.0,0
104100,2025-06-26,Asia Pacific,Japan,Mobile App,Beauty,Lip Palette,2,115.19,0.0,230.38,4.0,0
104101,2025-06-26,Asia Pacific,Japan,Web,Beauty,Skincare Kit,2,110.52,0.05,209.99,,0
104102,2025-06-26,North America,United States,Mobile App,Beauty,Vitamin C Serum,1,47.34,0.0,47.34,4.0,0
104103,2025-06-26,Latin America,Chile,Mobile App,Electronics,Wireless Earbuds,3,184.47,0.15,470.4,5.0,0
104104,2025-06-26,North America,Canada,Marketplace,Beauty,Hair Dryer,3,103.33,0.15,263.49,4.0,1
104105,2025-06-27,North America,Canada,Retail Partner,Fashion,Denim Jacket,1,110.62,0.2,88.5,4.0,0
104106,2025-06-27,North America,Canada,Mobile App,Electronics,4K Monitor,1,163.18,0.15,138.7,3.0,0
104107,2025-06-27,Europe,Germany,Mobile App,Electronics,Mechanical Keyboard,4,50.02,0.0,200.08,3.0,0
104108,2025-06-27,North America,Canada,Mobile App,Electronics,USB-C Hub,1,341.85,0.1,307.67,,0
104109,2025-06-27,North America,United States,Web,Electronics,Mechanical Keyboard,1,53.1,0.05,50.45,,0
104110,2025-06-27,Europe,France,Marketplace,Fashion,Wool Sweater,1,48.41,0.2,38.73,,0
104111,2025-06-28,North America,United States,Mobile App,Fashion,Wool Sweater,3,47.68,0.0,143.04,4.0,0
104112,2025-06-28,Asia Pacific,Australia,Mobile App,Home & Kitchen,Chef Knife Set,4,182.7,0.2,584.64,5.0,0
104113,2025-06-28,Asia Pacific,Singapore,Mobile App,Beauty,Lip Palette,1,102.28,0.1,92.05,,0
104114,2025-06-28,Asia Pacific,India,Web,Fashion,Denim Jacket,4,98.55,0.0,394.2,5.0,1
104115,2025-06-28,North America,United States,Web,Fashion,Sunglasses,2,173.76,0.2,278.02,4.0,0
104116,2025-06-28,North America,Canada,Mobile App,Sports,Dumbbell Set,1,165.92,0.2,132.74,5.0,0
104117,2025-06-28,Europe,Spain,Mobile App,Electronics,Mechanical Keyboard,2,53.46,0.0,106.92,5.0,1
104118,2025-06-28,North America,United States,Web,Fashion,Running Shoes,4,56.19,0.0,224.76,3.0,0
104119,2025-06-28,North America,Mexico,Web,Electronics,Smartwatch,1,363.89,0.0,363.89,5.0,0
104120,2025-06-28,Asia Pacific,India,Web,Home & Kitchen,Espresso Machine,1,92.15,0.05,87.54,4.0,0
104121,2025-06-29,Europe,Germany,Web,Sports,Trail Backpack,3,164.41,0.0,493.23,,0
104122,2025-06-29,North America,United States,Marketplace,Sports,Fitness Tracker,1,72.58,0.05,68.95,,0
104123,2025-06-29,North America,United States,Retail Partner,Fashion,Sunglasses,1,163.29,0.1,146.96,4.0,0
104124,2025-06-29,North America,Canada,Retail Partner,Fashion,Leather Belt,1,126.76,0.0,126.76,4.0,0
104125,2025-06-29,North America,United States,Web,Electronics,4K Monitor,1,168.84,0.05,160.4,4.0,0
104126,2025-06-29,Asia Pacific,Singapore,Mobile App,Electronics,Wireless Earbuds,1,171.27,0.1,154.14,,0
104127,2025-06-29,North America,United States,Web,Electronics,Smartwatch,3,371.26,0.0,1113.78,5.0,0
104128,2025-06-29,North America,Canada,Web,Fashion,Running Shoes,4,56.87,0.05,216.11,3.0,0
104129,2025-06-29,North America,United States,Mobile App,Home & Kitchen,Chef Knife Set,1,173.14,0.2,138.51,,0
104130,2025-06-30,North America,Mexico,Mobile App,Home & Kitchen,Linen Bedding,4,159.98,0.0,639.92,4.0,0
104131,2025-06-30,North America,United States,Mobile App,Home & Kitchen,Espresso Machine,2,79.89,0.15,135.81,,1
104132,2025-06-30,Europe,France,Mobile App,Fashion,Running Shoes,4,57.94,0.0,231.76,4.0,0
104133,2025-06-30,North America,United States,Mobile App,Beauty,Fragrance Set,1,103.06,0.0,103.06,,0
104134,2025-06-30,Europe,United Kingdom,Marketplace,Electronics,Mechanical Keyboard,2,52.28,0.1,94.1,5.0,0
104135,2025-06-30,Latin America,Chile,Mobile App,Home & Kitchen,Espresso Machine,1,86.27,0.0,86.27,5.0,0
104136,2025-06-30,Asia Pacific,Singapore,Mobile App,Fashion,Sunglasses,3,167.53,0.0,502.59,5.0,0
104137,2025-06-30,North America,Mexico,Web,Electronics,4K Monitor,1,157.15,0.1,141.44,5.0,0
104138,2025-07-01,Asia Pacific,Australia,Mobile App,Electronics,4K Monitor,3,162.31,0.1,438.24,4.0,0
104139,2025-07-01,North America,Canada,Mobile App,Electronics,4K Monitor,1,164.74,0.15,140.03,3.0,0
104140,2025-07-01,Asia Pacific,Australia,Web,Home & Kitchen,Espresso Machine,4,80.62,0.15,274.11,3.0,0
104141,2025-07-01,Latin America,Chile,Web,Sports,Cycling Helmet,4,214.81,0.0,859.24,4.0,0
104142,2025-07-01,North America,Canada,Mobile App,Fashion,Leather Belt,1,133.4,0.15,113.39,,0
104143,2025-07-01,Asia Pacific,India,Web,Beauty,Skincare Kit,3,121.31,0.05,345.73,5.0,0
104144,2025-07-01,Asia Pacific,India,Mobile App,Sports,Cycling Helmet,1,233.21,0.0,233.21,,0
104145,2025-07-01,Asia Pacific,Singapore,Marketplace,Home & Kitchen,Chef Knife Set,1,189.7,0.0,189.7,3.0,0
104146,2025-07-02,Asia Pacific,Australia,Web,Sports,Trail Backpack,1,163.61,0.0,163.61,5.0,0
104147,2025-07-02,North America,United States,Web,Home & Kitchen,Espresso Machine,1,85.57,0.1,77.01,3.0,0
104148,2025-07-02,Latin America,Brazil,Mobile App,Home & Kitchen,Chef Knife Set,4,185.1,0.15,629.34,,0
104149,2025-07-02,North America,United States,Marketplace,Beauty,Skincare Kit,1,122.36,0.2,97.89,5.0,0
104150,2025-07-02,North America,Canada,Mobile App,Fashion,Leather Belt,1,124.27,0.0,124.27,,0
104151,2025-07-02,Asia Pacific,Japan,Mobile App,Electronics,Wireless Earbuds,1,193.68,0.0,193.68,,0
104152,2025-07-02,Asia Pacific,Singapore,Web,Electronics,USB-C Hub,4,338.99,0.1,1220.36,4.0,0
104153,2025-07-02,North America,United States,Retail Partner,Beauty,Fragrance Set,4,104.63,0.1,376.67,4.0,0
104154,2025-07-02,North America,Canada,Web,Home & Kitchen,Espresso Machine,1,91.9,0.1,82.71,,0
104155,2025-07-02,Latin America,Argentina,Marketplace,Fashion,Leather Belt,1,122.09,0.0,122.09,,0
104156,2025-07-02,Asia Pacific,Australia,Mobile App,Home & Kitchen,Linen Bedding,4,166.77,0.0,667.08,4.0,0
104157,2025-07-03,Europe,United Kingdom,Mobile App,Sports,Yoga Mat,3,104.52,0.15,266.53,,0
104158,2025-07-03,North America,United States,Web,Home & Kitchen,Chef Knife Set,2,191.55,0.0,383.1,5.0,0
104159,2025-07-03,Europe,Germany,Mobile App,Fashion,Wool Sweater,1,44.57,0.15,37.88,4.0,0
104160,2025-07-03,North America,Mexico,Marketplace,Home & Kitchen,Air Fryer,3,163.09,0.2,391.42,5.0,0
104161,2025-07-03,Europe,France,Web,Fashion,Denim Jacket,3,97.83,0.1,264.14,,0
104162,2025-07-03,Latin America,Argentina,Mobile App,Electronics,Smartwatch,2,371.65,0.05,706.13,4.0,0
104163,2025-07-04,Europe,France,Retail Partner,Home & Kitchen,Linen Bedding,1,148.62,0.0,148.62,5.0,0
104164,2025-07-04,Asia Pacific,Australia,Marketplace,Home & Kitchen,Espresso Machine,1,90.36,0.0,90.36,,0
104165,2025-07-04,North America,United States,Web,Electronics,Smartwatch,3,363.86,0.0,1091.58,5.0,0
104166,2025-07-04,North America,Mexico,Mobile App,Beauty,Skincare Kit,4,117.14,0.05,445.13,4.0,0
104167,2025-07-04,Europe,Spain,Marketplace,Home & Kitchen,Espresso Machine,4,85.84,0.2,274.69,4.0,0
104168,2025-07-04,North America,Canada,Retail Partner,Fashion,Running Shoes,2,57.22,0.15,97.27,4.0,0
104169,2025-07-05,Asia Pacific,Japan,Web,Electronics,4K Monitor,2,157.57,0.1,283.63,5.0,0
104170,2025-07-05,North America,United States,Web,Home & Kitchen,Air Fryer,2,157.34,0.0,314.68,5.0,0
104171,2025-07-05,Asia Pacific,India,Retail Partner,Electronics,USB-C Hub,1,355.4,0.0,355.4,4.0,0
104172,2025-07-05,North America,United States,Web,Electronics,Mechanical Keyboard,1,51.46,0.0,51.46,5.0,0
104173,2025-07-05,North America,Canada,Web,Fashion,Running Shoes,2,58.59,0.15,99.6,,0
104174,2025-07-05,Europe,United Kingdom,Marketplace,Home & Kitchen,Chef Knife Set,2,193.64,0.2,309.82,5.0,0
104175,2025-07-05,Europe,Spain,Mobile App,Electronics,USB-C Hub,1,346.64,0.15,294.64,5.0,0
104176,2025-07-05,Latin America,Brazil,Mobile App,Sports,Yoga Mat,1,111.0,0.05,105.45,5.0,0
104177,2025-07-05,Europe,Spain,Mobile App,Beauty,Lip Palette,2,110.29,0.1,198.52,,0
104178,2025-07-05,Europe,Germany,Retail Partner,Home & Kitchen,Chef Knife Set,2,172.71,0.0,345.42,5.0,0
104179,2025-07-06,North America,Canada,Mobile App,Fashion,Wool Sweater,4,46.85,0.2,149.92,,0
104180,2025-07-06,Asia Pacific,India,Mobile App,Electronics,Smartwatch,2,340.81,0.0,681.62,3.0,0
104181,2025-07-06,Europe,United Kingdom,Web,Sports,Fitness Tracker,3,71.48,0.0,214.44,3.0,1
104182,2025-07-06,Latin America,Brazil,Mobile App,Home & Kitchen,Espresso Machine,2,79.87,0.0,159.74,,0
104183,2025-07-06,Europe,France,Web,Beauty,Hair Dryer,1,98.9,0.0,98.9,4.0,0
104184,2025-07-07,Asia Pacific,India,Web,Beauty,Lip Palette,3,115.4,0.0,346.2,5.0,0
104185,2025-07-07,North America,Mexico,Web,Fashion,Running Shoes,3,54.29,0.2,130.3,4.0,0
104186,2025-07-07,North America,United States,Marketplace,Electronics,Smartwatch,4,393.37,0.0,1573.48,4.0,0
104187,2025-07-08,North America,Mexico,Marketplace,Electronics,Mechanical Keyboard,3,52.14,0.0,156.42,5.0,0
104188,2025-07-08,North America,United States,Mobile App,Home & Kitchen,Linen Bedding,4,155.27,0.1,558.97,4.0,0
104189,2025-07-08,North America,Mexico,Retail Partner,Fashion,Wool Sweater,1,47.82,0.2,38.26,5.0,0
104190,2025-07-08,North America,Mexico,Marketplace,Sports,Yoga Mat,4,116.62,0.2,373.18,5.0,0
104191,2025-07-08,North America,Canada,Marketplace,Fashion,Denim Jacket,2,110.09,0.0,220.18,3.0,0
104192,2025-07-08,North America,United States,Web,Beauty,Vitamin C Serum,2,47.17,0.0,94.34,,0
104193,2025-07-09,Asia Pacific,Australia,Marketplace,Fashion,Denim Jacket,4,99.13,0.15,337.04,3.0,0
104194,2025-07-09,Europe,France,Web,Home & Kitchen,Linen Bedding,3,150.88,0.0,452.64,4.0,0
104195,2025-07-09,Asia Pacific,Japan,Web,Fashion,Running Shoes,1,53.07,0.0,53.07,,0
104196,2025-07-09,North America,Canada,Marketplace,Sports,Trail Backpack,2,152.01,0.2,243.22,,0
104197,2025-07-09,Asia Pacific,Singapore,Web,Electronics,Smartwatch,2,358.18,0.0,716.36,,0
104198,2025-07-10,Asia Pacific,Australia,Mobile App,Fashion,Denim Jacket,2,98.81,0.2,158.1,5.0,0
104199,2025-07-10,Europe,United Kingdom,Mobile App,Sports,Trail Backpack,1,151.92,0.05,144.32,4.0,0
104200,2025-07-10,North America,Mexico,Mobile App,Sports,Yoga Mat,4,103.57,0.0,414.28,4.0,0
104201,2025-07-10,North America,Mexico,Web,Fashion,Running Shoes,1,54.23,0.05,51.52,4.0,0
104202,2025-07-10,Asia Pacific,India,Retail Partner,Electronics,Mechanical Keyboard,2,47.55,0.0,95.1,3.0,0
104203,2025-07-10,North America,Canada,Mobile App,Beauty,Skincare Kit,3,111.31,0.05,317.23,4.0,1
104204,2025-07-10,Asia Pacific,Australia,Mobile App,Fashion,Leather Belt,2,118.15,0.15,200.86,,0
104205,2025-07-11,North America,Canada,Web,Electronics,4K Monitor,2,159.46,0.1,287.03,3.0,0
104206,2025-07-11,Europe,Germany,Web,Electronics,Smartwatch,2,386.58,0.1,695.84,,0
104207,2025-07-11,North America,United States,Web,Sports,Fitness Tracker,1,68.59,0.15,58.3,5.0,0
104208,2025-07-11,Latin America,Argentina,Mobile App,Sports,Cycling Helmet,4,215.06,0.2,688.19,3.0,0
104209,2025-07-11,Asia Pacific,Australia,Mobile App,Fashion,Leather Belt,1,122.62,0.0,122.62,,0
104210,2025-07-12,Asia Pacific,India,Mobile App,Beauty,Skincare Kit,1,118.94,0.0,118.94,,0
104211,2025-07-12,North America,United States,Mobile App,Beauty,Hair Dryer,1,100.03,0.0,100.03,4.0,0
104212,2025-07-12,Europe,France,Marketplace,Fashion,Sunglasses,2,180.7,0.0,361.4,4.0,0
104213,2025-07-12,North America,United States,Web,Electronics,Mechanical Keyboard,1,49.93,0.0,49.93,,0
104214,2025-07-12,Europe,Spain,Web,Electronics,Smartwatch,4,394.62,0.0,1578.48,5.0,0
104215,2025-07-12,North America,United States,Web,Electronics,USB-C Hub,1,353.83,0.15,300.76,,0
104216,2025-07-12,Asia Pacific,Australia,Web,Beauty,Skincare Kit,1,107.86,0.2,86.29,,1
104217,2025-07-12,North America,Mexico,Web,Fashion,Running Shoes,1,58.64,0.2,46.91,4.0,1
104218,2025-07-13,North America,Canada,Web,Fashion,Denim Jacket,2,111.01,0.0,222.02,5.0,0
104219,2025-07-13,Europe,France,Marketplace,Electronics,4K Monitor,1,145.35,0.0,145.35,,0
104220,2025-07-13,Europe,United Kingdom,Web,Electronics,USB-C Hub,1,390.48,0.2,312.38,,0
104221,2025-07-13,Latin America,Argentina,Web,Home & Kitchen,Linen Bedding,2,147.75,0.1,265.95,5.0,0
104222,2025-07-13,Europe,Spain,Web,Fashion,Sunglasses,2,175.75,0.2,281.2,,0
104223,2025-07-13,Asia Pacific,Australia,Web,Sports,Cycling Helmet,3,226.63,0.05,645.9,3.0,1
104224,2025-07-13,Asia Pacific,Australia,Mobile App,Sports,Dumbbell Set,2,181.42,0.2,290.27,4.0,0
104225,2025-07-14,North America,Mexico,Retail Partner,Electronics,Wireless Earbuds,1,174.56,0.05,165.83,5.0,0
104226,2025-07-14,Asia Pacific,Singapore,Marketplace,Sports,Yoga Mat,4,106.57,0.1,383.65,,0
104227,2025-07-14,Asia Pacific,Singapore,Web,Electronics,Wireless Earbuds,1,185.92,0.15,158.03,,0
104228,2025-07-14,Asia Pacific,India,Marketplace,Sports,Trail Backpack,1,161.7,0.0,161.7,5.0,0
104229,2025-07-14,Asia Pacific,Australia,Mobile App,Home & Kitchen,Smart Lamp,1,185.4,0.0,185.4,,0
104230,2025-07-15,Europe,France,Marketplace,Sports,Dumbbell Set,3,188.01,0.0,564.03,,0
104231,2025-07-15,Europe,United Kingdom,Web,Fashion,Denim Jacket,4,111.89,0.0,447.56,,0
104232,2025-07-15,North America,Mexico,Web,Electronics,Wireless Earbuds,1,170.27,0.1,153.24,5.0,0
104233,2025-07-15,North America,Mexico,Marketplace,Fashion,Leather Belt,2,135.81,0.0,271.62,,1
104234,2025-07-15,North America,United States,Retail Partner,Home & Kitchen,Air Fryer,3,175.1,0.1,472.77,4.0,0
104235,2025-07-15,North America,Canada,Mobile App,Beauty,Vitamin C Serum,1,47.11,0.15,40.04,4.0,0
104236,2025-07-15,North America,United States,Retail Partner,Home & Kitchen,Chef Knife Set,3,185.05,0.05,527.39,4.0,0
104237,2025-07-15,Europe,Germany,Web,Sports,Fitness Tracker,4,77.19,0.0,308.76,,0
104238,2025-07-16,Latin America,Chile,Marketplace,Home & Kitchen,Chef Knife Set,1,179.56,0.15,152.63,5.0,0
104239,2025-07-16,North America,Canada,Retail Partner,Home & Kitchen,Smart Lamp,2,194.42,0.1,349.96,,0
104240,2025-07-16,North America,United States,Web,Electronics,4K Monitor,4,160.98,0.0,643.92,5.0,0
104241,2025-07-16,North America,United States,Marketplace,Sports,Cycling Helmet,2,207.12,0.1,372.82,5.0,0
104242,2025-07-16,Europe,Germany,Mobile App,Home & Kitchen,Espresso Machine,2,83.63,0.2,133.81,,0
104243,2025-07-16,Asia Pacific,Singapore,Web,Beauty,Fragrance Set,2,113.3,0.0,226.6,5.0,0
104244,2025-07-17,Europe,Germany,Marketplace,Sports,Yoga Mat,3,118.21,0.0,354.63,3.0,0
104245,2025-07-17,North America,Canada,Mobile App,Electronics,USB-C Hub,3,386.68,0.0,1160.04,5.0,0
104246,2025-07-17,North America,Canada,Mobile App,Home & Kitchen,Linen Bedding,1,163.21,0.0,163.21,5.0,0
104247,2025-07-17,Asia Pacific,India,Retail Partner,Home & Kitchen,Linen Bedding,1,169.57,0.0,169.57,4.0,0
104248,2025-07-18,Europe,Spain,Web,Beauty,Vitamin C Serum,3,43.2,0.15,110.16,5.0,0
104249,2025-07-18,North America,Canada,Web,Home & Kitchen,Air Fryer,2,176.91,0.2,283.06,4.0,0
104250,2025-07-18,North America,United States,Mobile App,Electronics,Wireless Earbuds,3,180.48,0.05,514.37,,0
104251,2025-07-18,Asia Pacific,Singapore,Web,Home & Kitchen,Espresso Machine,2,80.22,0.2,128.35,5.0,0
104252,2025-07-19,Asia Pacific,Singapore,Mobile App,Electronics,Mechanical Keyboard,1,51.94,0.2,41.55,5.0,0
104253,2025-07-20,Europe,France,Mobile App,Home & Kitchen,Smart Lamp,2,188.34,0.0,376.68,5.0,0
104254,2025-07-20,North America,United States,Web,Home & Kitchen,Smart Lamp,1,204.51,0.1,184.06,3.0,0
104255,2025-07-20,North America,United States,Mobile App,Home & Kitchen,Smart Lamp,1,186.3,0.2,149.04,4.0,0
104256,2025-07-20,Europe,United Kingdom,Web,Fashion,Running Shoes,3,51.52,0.05,146.83,3.0,0
104257,2025-07-20,Asia Pacific,India,Web,Sports,Yoga Mat,2,116.65,0.2,186.64,5.0,0
104258,2025-07-20,North America,Canada,Retail Partner,Electronics,USB-C Hub,4,349.84,0.0,1399.36,5.0,0
104259,2025-07-20,Asia Pacific,India,Web,Sports,Trail Backpack,1,149.2,0.1,134.28,3.0,0
104260,2025-07-20,North America,Canada,Web,Sports,Dumbbell Set,2,168.06,0.0,336.12,5.0,0
104261,2025-07-21,North America,Mexico,Web,Beauty,Hair Dryer,2,94.22,0.0,188.44,,0
104262,2025-07-21,Europe,Germany,Marketplace,Beauty,Fragrance Set,1,114.4,0.1,102.96,4.0,0
104263,2025-07-21,Europe,United Kingdom,Web,Sports,Trail Backpack,1,150.7,0.05,143.16,4.0,0
104264,2025-07-21,North America,United States,Web,Home & Kitchen,Linen Bedding,1,153.58,0.05,145.9,5.0,0
104265,2025-07-21,Asia Pacific,Australia,Retail Partner,Beauty,Fragrance Set,1,100.59,0.2,80.47,3.0,0
104266,2025-07-21,North America,Canada,Web,Home & Kitchen,Air Fryer,1,166.61,0.15,141.62,5.0,0
104267,2025-07-21,Europe,France,Web,Electronics,Smartwatch,3,360.01,0.0,1080.03,5.0,0
104268,2025-07-21,Europe,Germany,Web,Fashion,Wool Sweater,1,42.62,0.0,42.62,4.0,0
104269,2025-07-21,North America,Mexico,Web,Electronics,USB-C Hub,3,355.85,0.2,854.04,5.0,0
104270,2025-07-21,Asia Pacific,Japan,Marketplace,Beauty,Vitamin C Serum,1,46.47,0.0,46.47,5.0,0
104271,2025-07-21,Europe,Germany,Mobile App,Electronics,4K Monitor,1,146.6,0.1,131.94,5.0,0
104272,2025-07-22,Europe,Germany,Web,Fashion,Denim Jacket,4,113.46,0.1,408.46,4.0,0
104273,2025-07-22,Europe,Spain,Mobile App,Electronics,Mechanical Keyboard,3,54.38,0.2,130.51,3.0,0
104274,2025-07-22,North America,Mexico,Web,Electronics,Mechanical Keyboard,1,46.84,0.0,46.84,,0
104275,2025-07-22,Europe,Germany,Marketplace,Beauty,Fragrance Set,1,109.84,0.2,87.87,5.0,0
104276,2025-07-23,Asia Pacific,Singapore,Mobile App,Electronics,USB-C Hub,1,385.91,0.1,347.32,,0
104277,2025-07-23,North America,United States,Mobile App,Electronics,Smartwatch,2,348.48,0.2,557.57,,0
104278,2025-07-23,North America,United States,Mobile App,Home & Kitchen,Linen Bedding,2,149.15,0.15,253.56,,0
104279,2025-07-23,Europe,Spain,Web,Home & Kitchen,Chef Knife Set,2,180.11,0.2,288.18,,0
104280,2025-07-23,North America,Canada,Retail Partner,Home & Kitchen,Smart Lamp,1,204.59,0.0,204.59,5.0,0
104281,2025-07-23,Asia Pacific,Australia,Mobile App,Home & Kitchen,Smart Lamp,4,185.87,0.15,631.96,4.0,0
104282,2025-07-23,North America,Mexico,Mobile App,Sports,Dumbbell Set,4,173.21,0.0,692.84,5.0,0
104283,2025-07-24,North America,Mexico,Mobile App,Fashion,Running Shoes,3,55.37,0.0,166.11,,0
104284,2025-07-24,Europe,France,Marketplace,Home & Kitchen,Linen Bedding,2,146.67,0.0,293.34,,0
104285,2025-07-24,Asia Pacific,Australia,Web,Sports,Yoga Mat,1,116.95,0.1,105.26,5.0,0
104286,2025-07-24,Europe,Spain,Mobile App,Fashion,Denim Jacket,1,111.97,0.0,111.97,,1
104287,2025-07-24,Europe,United Kingdom,Web,Beauty,Lip Palette,3,111.68,0.05,318.29,5.0,0
104288,2025-07-25,Asia Pacific,Australia,Web,Electronics,Smartwatch,2,343.5,0.0,687.0,4.0,0
104289,2025-07-25,North America,United States,Web,Beauty,Skincare Kit,1,112.27,0.0,112.27,5.0,0
104290,2025-07-25,Asia Pacific,Japan,Web,Home & Kitchen,Smart Lamp,4,188.77,0.2,604.06,,0
104291,2025-07-25,Europe,France,Web,Sports,Dumbbell Set,4,165.99,0.0,663.96,5.0,0
104292,2025-07-25,North America,Mexico,Marketplace,Fashion,Denim Jacket,2,106.76,0.1,192.17,,1
104293,2025-07-25,Europe,United Kingdom,Retail Partner,Sports,Trail Backpack,3,160.19,0.15,408.48,3.0,0
104294,2025-07-25,North America,Mexico,Marketplace,Fashion,Wool Sweater,1,44.3,0.0,44.3,4.0,0
104295,2025-07-25,Europe,United Kingdom,Mobile App,Fashion,Leather Belt,3,128.77,0.15,328.36,4.0,0
104296,2025-07-25,North America,Mexico,Web,Home & Kitchen,Linen Bedding,4,148.47,0.05,564.19,4.0,0
104297,2025-07-25,North America,United States,Marketplace,Electronics,Mechanical Keyboard,2,46.89,0.2,75.02,3.0,0
104298,2025-07-25,Latin America,Chile,Mobile App,Home & Kitchen,Linen Bedding,1,152.49,0.0,152.49,,0
104299,2025-07-26,North America,United States,Marketplace,Electronics,Mechanical Keyboard,2,50.24,0.0,100.48,,0
104300,2025-07-26,Europe,France,Mobile App,Electronics,USB-C Hub,3,392.92,0.2,943.01,4.0,0
104301,2025-07-26,North America,Mexico,Web,Sports,Yoga Mat,1,105.38,0.0,105.38,3.0,0
104302,2025-07-26,Latin America,Brazil,Marketplace,Home & Kitchen,Chef Knife Set,3,189.65,0.15,483.61,4.0,0
104303,2025-07-26,Asia Pacific,India,Web,Beauty,Fragrance Set,3,110.95,0.1,299.57,4.0,0
104304,2025-07-26,Europe,France,Mobile App,Electronics,4K Monitor,2,151.77,0.1,273.19,5.0,0
104305,2025-07-26,Asia Pacific,Singapore,Web,Beauty,Hair Dryer,1,103.33,0.15,87.83,5.0,0
104306,2025-07-26,Europe,Spain,Marketplace,Electronics,Smartwatch,1,393.56,0.05,373.88,4.0,0
104307,2025-07-26,Asia Pacific,India,Web,Sports,Yoga Mat,2,104.8,0.0,209.6,5.0,0
104308,2025-07-27,North America,Canada,Retail Partner,Sports,Cycling Helmet,1,231.2,0.0,231.2,,0
104309,2025-07-27,Latin America,Chile,Web,Electronics,Wireless Earbuds,1,188.49,0.0,188.49,5.0,0
104310,2025-07-27,North America,Canada,Mobile App,Home & Kitchen,Smart Lamp,2,193.01,0.0,386.02,5.0,1
104311,2025-07-27,Europe,France,Mobile App,Fashion,Leather Belt,1,120.4,0.2,96.32,4.0,0
104312,2025-07-27,North America,Canada,Web,Electronics,Mechanical Keyboard,2,50.56,0.0,101.12,5.0,0
104313,2025-07-27,Latin America,Argentina,Mobile App,Electronics,Mechanical Keyboard,1,48.42,0.05,46.0,5.0,0
104314,2025-07-28,Europe,France,Mobile App,Electronics,Mechanical Keyboard,4,48.58,0.1,174.89,3.0,0
104315,2025-07-28,North America,United States,Web,Fashion,Sunglasses,3,161.31,0.15,411.34,5.0,0
104316,2025-07-28,Latin America,Argentina,Mobile App,Home & Kitchen,Linen Bedding,4,158.26,0.1,569.74,3.0,0
104317,2025-07-29,Europe,Spain,Mobile App,Home & Kitchen,Air Fryer,1,177.8,0.0,177.8,4.0,0
104318,2025-07-29,Asia Pacific,India,Retail Partner,Sports,Cycling Helmet,2,232.55,0.1,418.59,4.0,0
104319,2025-07-29,Asia Pacific,Singapore,Web,Electronics,Wireless Earbuds,4,175.44,0.1,631.58,5.0,0
104320,2025-07-29,North America,Mexico,Web,Electronics,USB-C Hub,1,370.88,0.1,333.79,5.0,0
104321,2025-07-29,Asia Pacific,Japan,Mobile App,Home & Kitchen,Smart Lamp,2,191.77,0.15,326.01,4.0,0
104322,2025-07-30,Latin America,Argentina,Web,Beauty,Vitamin C Serum,2,45.86,0.05,87.13,,0
104323,2025-07-30,North America,Canada,Web,Beauty,Lip Palette,4,101.76,0.15,345.98,,0
104324,2025-07-30,North America,Mexico,Marketplace,Sports,Trail Backpack,2,161.71,0.15,274.91,4.0,0
104325,2025-07-30,Europe,United Kingdom,Marketplace,Home & Kitchen,Chef Knife Set,1,195.09,0.0,195.09,,0
104326,2025-07-30,Europe,United Kingdom,Retail Partner,Fashion,Leather Belt,4,132.47,0.05,503.39,3.0,0
104327,2025-07-30,North America,United States,Retail Partner,Home & Kitchen,Air Fryer,2,179.14,0.15,304.54,3.0,0
104328,2025-07-31,North America,Canada,Web,Fashion,Wool Sweater,2,43.05,0.15,73.18,5.0,1
104329,2025-07-31,Asia Pacific,Japan,Marketplace,Fashion,Sunglasses,1,187.78,0.0,187.78,,0
104330,2025-07-31,North America,Canada,Web,Electronics,Smartwatch,1,388.96,0.05,369.51,5.0,0
104331,2025-07-31,North America,United States,Web,Fashion,Running Shoes,3,59.14,0.0,177.42,5.0,0
104332,2025-07-31,Asia Pacific,India,Web,Home & Kitchen,Air Fryer,2,164.53,0.0,329.06,5.0,0
104333,2025-07-31,Europe,United Kingdom,Web,Home & Kitchen,Espresso Machine,3,91.87,0.0,275.61,5.0,0
104334,2025-07-31,Asia Pacific,Singapore,Web,Home & Kitchen,Espresso Machine,2,83.51,0.2,133.62,3.0,0
104335,2025-07-31,North America,Mexico,Web,Beauty,Vitamin C Serum,2,42.05,0.0,84.1,3.0,0
104336,2025-07-31,Asia Pacific,Japan,Retail Partner,Electronics,Wireless Earbuds,3,190.0,0.05,541.5,4.0,0
104337,2025-07-31,Latin America,Argentina,Web,Fashion,Denim Jacket,2,109.28,0.0,218.56,,0
104338,2025-07-31,North America,Mexico,Web,Fashion,Denim Jacket,1,107.29,0.1,96.56,5.0,0
104339,2025-07-31,Asia Pacific,Singapore,Mobile App,Home & Kitchen,Chef Knife Set,1,185.97,0.1,167.37,5.0,0
104340,2025-08-01,Europe,France,Marketplace,Electronics,Smartwatch,2,392.59,0.0,785.18,4.0,0
104341,2025-08-01,North America,Canada,Mobile App,Home & Kitchen,Linen Bedding,1,169.38,0.15,143.97,,0
104342,2025-08-01,North America,Mexico,Web,Sports,Trail Backpack,4,164.54,0.2,526.53,,0
104343,2025-08-01,Europe,France,Mobile App,Electronics,Mechanical Keyboard,3,48.22,0.0,144.66,4.0,0
104344,2025-08-01,Europe,United Kingdom,Web,Beauty,Skincare Kit,3,120.74,0.05,344.11,5.0,0
104345,2025-08-02,North America,United States,Web,Electronics,Wireless Earbuds,2,185.83,0.1,334.49,5.0,0
104346,2025-08-02,Asia Pacific,Japan,Retail Partner,Beauty,Hair Dryer,1,102.34,0.0,102.34,,0
104347,2025-08-02,North America,United States,Marketplace,Fashion,Leather Belt,2,129.43,0.2,207.09,3.0,0
104348,2025-08-02,North America,Canada,Marketplace,Sports,Dumbbell Set,2,181.4,0.2,290.24,4.0,0
104349,2025-08-02,Asia Pacific,Japan,Web,Electronics,USB-C Hub,2,372.19,0.2,595.5,,0
104350,2025-08-02,North America,Mexico,Mobile App,Beauty,Hair Dryer,4,92.59,0.2,296.29,4.0,0
104351,2025-08-02,Asia Pacific,Australia,Web,Electronics,Smartwatch,1,379.21,0.2,303.37,,0
104352,2025-08-03,North America,Mexico,Web,Electronics,Mechanical Keyboard,1,54.72,0.0,54.72,,0
104353,2025-08-03,Europe,Germany,Marketplace,Electronics,Mechanical Keyboard,2,47.37,0.0,94.74,,0
104354,2025-08-03,Europe,Germany,Mobile App,Electronics,Wireless Earbuds,1,166.77,0.1,150.09,3.0,0
104355,2025-08-03,North America,United States,Mobile App,Electronics,Smartwatch,4,365.76,0.0,1463.04,4.0,0
104356,2025-08-03,Asia Pacific,Japan,Web,Beauty,Lip Palette,2,107.8,0.0,215.6,5.0,0
104357,2025-08-03,Europe,France,Web,Fashion,Running Shoes,2,51.57,0.0,103.14,3.0,1
104358,2025-08-04,Latin America,Brazil,Mobile App,Electronics,4K Monitor,2,155.96,0.0,311.92,,1
104359,2025-08-04,North America,United States,Mobile App,Home & Kitchen,Linen Bedding,1,168.87,0.0,168.87,5.0,0
104360,2025-08-04,Asia Pacific,Japan,Retail Partner,Sports,Yoga Mat,4,108.25,0.2,346.4,4.0,0
104361,2025-08-04,North America,United States,Mobile App,Sports,Fitness Tracker,1,75.64,0.0,75.64,5.0,0
104362,2025-08-04,Asia Pacific,Japan,Web,Beauty,Lip Palette,3,113.36,0.0,340.08,4.0,0
104363,2025-08-05,Europe,Germany,Marketplace,Electronics,Smartwatch,1,358.74,0.0,358.74,5.0,0
104364,2025-08-05,Asia Pacific,Japan,Mobile App,Electronics,4K Monitor,2,159.36,0.2,254.98,,0
104365,2025-08-05,North America,Mexico,Web,Sports,Fitness Tracker,1,78.4,0.15,66.64,,0
104366,2025-08-05,North America,Canada,Mobile App,Electronics,USB-C Hub,1,336.54,0.0,336.54,3.0,0
104367,2025-08-05,North America,Canada,Marketplace,Electronics,4K Monitor,4,165.56,0.0,662.24,5.0,0
104368,2025-08-05,Europe,Spain,Marketplace,Electronics,Smartwatch,4,340.8,0.05,1295.04,3.0,0
104369,2025-08-05,North America,Canada,Web,Beauty,Hair Dryer,3,105.24,0.15,268.36,,0
104370,2025-08-05,North America,Canada,Mobile App,Electronics,4K Monitor,2,165.64,0.1,298.15,,0
104371,2025-08-05,Europe,Spain,Web,Home & Kitchen,Air Fryer,1,172.69,0.0,172.69,,0
104372,2025-08-06,North America,Mexico,Marketplace,Electronics,Wireless Earbuds,1,181.19,0.1,163.07,5.0,1
104373,2025-08-06,Latin America,Brazil,Retail Partner,Fashion,Running Shoes,2,56.12,0.1,101.02,,0
104374,2025-08-06,Latin America,Brazil,Retail Partner,Electronics,4K Monitor,4,144.55,0.05,549.29,4.0,0
104375,2025-08-06,Europe,Germany,Marketplace,Electronics,Mechanical Keyboard,2,53.68,0.05,101.99,5.0,0
104376,2025-08-06,North America,United States,Web,Electronics,Mechanical Keyboard,4,53.3,0.1,191.88,5.0,0
104377,2025-08-06,North America,Mexico,Mobile App,Home & Kitchen,Smart Lamp,2,210.11,0.15,357.19,5.0,0
104378,2025-08-06,Latin America,Chile,Web,Fashion,Leather Belt,2,131.7,0.15,223.89,,0
104379,2025-08-07,Europe,Spain,Mobile App,Sports,Dumbbell Set,4,170.12,0.1,612.43,5.0,0
104380,2025-08-07,North America,United States,Mobile App,Electronics,USB-C Hub,2,365.25,0.0,730.5,5.0,0
104381,2025-08-07,North America,Canada,Mobile App,Home & Kitchen,Linen Bedding,4,159.07,0.0,636.28,,0
104382,2025-08-07,Asia Pacific,Singapore,Web,Home & Kitchen,Smart Lamp,1,193.27,0.0,193.27,,0
104383,2025-08-07,North America,Canada,Web,Home & Kitchen,Chef Knife Set,1,191.11,0.0,191.11,4.0,0
104384,2025-08-07,North America,Mexico,Marketplace,Fashion,Running Shoes,2,53.45,0.0,106.9,5.0,0
104385,2025-08-07,North America,United States,Web,Home & Kitchen,Smart Lamp,3,214.26,0.0,642.78,3.0,0
104386,2025-08-07,North America,Canada,Mobile App,Home & Kitchen,Chef Knife Set,4,175.51,0.0,702.04,5.0,0
104387,2025-08-08,Europe,United Kingdom,Web,Beauty,Hair Dryer,2,100.39,0.0,200.78,3.0,0
104388,2025-08-08,Asia Pacific,Japan,Marketplace,Electronics,USB-C Hub,2,374.77,0.0,749.54,,0
104389,2025-08-08,Europe,United Kingdom,Mobile App,Electronics,USB-C Hub,4,386.94,0.1,1392.98,,0
104390,2025-08-08,Latin America,Argentina,Mobile App,Sports,Trail Backpack,1,155.26,0.0,155.26,,0
104391,2025-08-08,Europe,United Kingdom,Marketplace,Sports,Trail Backpack,2,154.54,0.15,262.72,5.0,0
104392,2025-08-08,Europe,Spain,Marketplace,Home & Kitchen,Linen Bedding,2,169.11,0.0,338.22,,0
104393,2025-08-09,North America,Mexico,Mobile App,Home & Kitchen,Chef Knife Set,1,173.91,0.15,147.82,,0
104394,2025-08-09,Latin America,Brazil,Mobile App,Beauty,Vitamin C Serum,1,41.46,0.1,37.31,4.0,0
104395,2025-08-09,North America,United States,Marketplace,Fashion,Wool Sweater,1,47.08,0.2,37.66,4.0,0
104396,2025-08-09,North America,Canada,Web,Home & Kitchen,Linen Bedding,4,163.45,0.2,523.04,5.0,0
104397,2025-08-09,Europe,Spain,Marketplace,Home & Kitchen,Smart Lamp,2,196.51,0.0,393.02,,0
104398,2025-08-09,North America,Mexico,Web,Electronics,4K Monitor,2,162.71,0.0,325.42,4.0,0
104399,2025-08-10,North America,Mexico,Marketplace,Home & Kitchen,Smart Lamp,4,187.36,0.05,711.97,,0
104400,2025-08-10,North America,Canada,Mobile App,Beauty,Skincare Kit,1,120.08,0.0,120.08,,0
104401,2025-08-10,Latin America,Argentina,Web,Electronics,Mechanical Keyboard,2,54.2,0.0,108.4,4.0,0
104402,2025-08-10,Europe,Germany,Mobile App,Beauty,Fragrance Set,3,106.48,0.0,319.44,4.0,0
104403,2025-08-10,North America,United States,Mobile App,Sports,Dumbbell Set,2,187.41,0.0,374.82,5.0,0
104404,2025-08-10,Asia Pacific,India,Web,Sports,Trail Backpack,1,157.12,0.0,157.12,3.0,0
104405,2025-08-10,Europe,United Kingdom,Marketplace,Home & Kitchen,Smart Lamp,1,185.97,0.0,185.97,4.0,0
104406,2025-08-10,North America,Mexico,Mobile App,Sports,Trail Backpack,1,155.39,0.2,124.31,4.0,0
104407,2025-08-10,Asia Pacific,Japan,Web,Fashion,Sunglasses,1,172.28,0.0,172.28,3.0,0
104408,2025-08-11,North America,United States,Web,Home & Kitchen,Chef Knife Set,3,189.13,0.1,510.65,4.0,0
104409,2025-08-11,Europe,Germany,Marketplace,Sports,Dumbbell Set,4,172.91,0.2,553.31,4.0,0
104410,2025-08-12,North America,Mexico,Web,Beauty,Skincare Kit,1,115.04,0.05,109.29,,0
104411,2025-08-12,North America,Canada,Mobile App,Fashion,Running Shoes,2,55.62,0.0,111.24,4.0,0
104412,2025-08-12,Europe,France,Mobile App,Fashion,Wool Sweater,2,42.38,0.0,84.76,5.0,0
104413,2025-08-12,Europe,Germany,Mobile App,Fashion,Wool Sweater,4,47.24,0.1,170.06,,0
104414,2025-08-12,Europe,Germany,Web,Home & Kitchen,Linen Bedding,4,146.99,0.0,587.96,,0
104415,2025-08-12,North America,Mexico,Web,Electronics,Mechanical Keyboard,1,46.94,0.2,37.55,3.0,0
104416,2025-08-12,Europe,United Kingdom,Mobile App,Beauty,Fragrance Set,1,102.71,0.15,87.3,4.0,0
104417,2025-08-13,North America,Canada,Web,Beauty,Fragrance Set,2,100.55,0.15,170.94,4.0,0
104418,2025-08-13,North America,United States,Web,Sports,Dumbbell Set,3,187.18,0.2,449.23,4.0,0
104419,2025-08-13,Europe,United Kingdom,Mobile App,Beauty,Lip Palette,2,109.67,0.0,219.34,,0
104420,2025-08-13,North America,Canada,Mobile App,Fashion,Denim Jacket,2,99.24,0.0,198.48,3.0,0
104421,2025-08-13,North America,Mexico,Web,Home & Kitchen,Linen Bedding,1,169.31,0.15,143.91,5.0,0
104422,2025-08-14,Europe,United Kingdom,Mobile App,Home & Kitchen,Air Fryer,1,161.53,0.15,137.3,5.0,0
104423,2025-08-14,Europe,Germany,Web,Sports,Dumbbell Set,2,163.44,0.0,326.88,5.0,0
104424,2025-08-14,North America,Mexico,Web,Beauty,Fragrance Set,1,102.77,0.0,102.77,,0
104425,2025-08-14,North America,Canada,Web,Sports,Cycling Helmet,2,199.91,0.1,359.84,4.0,0
104426,2025-08-14,North America,Canada,Web,Home & Kitchen,Espresso Machine,1,89.62,0.2,71.7,5.0,0
104427,2025-08-14,North America,United States,Web,Beauty,Hair Dryer,3,99.6,0.2,239.04,,0
104428,2025-08-14,North America,Mexico,Web,Beauty,Lip Palette,2,103.11,0.0,206.22,5.0,0
104429,2025-08-14,Asia Pacific,Japan,Marketplace,Electronics,Mechanical Keyboard,2,49.18,0.1,88.52,4.0,0
104430,2025-08-14,Latin America,Chile,Web,Home & Kitchen,Air Fryer,2,174.93,0.0,349.86,5.0,0
104431,2025-08-15,Europe,Spain,Mobile App,Beauty,Fragrance Set,3,116.78,0.2,280.27,4.0,0
104432,2025-08-15,North America,Mexico,Marketplace,Sports,Yoga Mat,1,112.3,0.2,89.84,3.0,0
104433,2025-08-15,Asia Pacific,Australia,Web,Home & Kitchen,Espresso Machine,2,89.11,0.05,169.31,,0
104434,2025-08-15,Europe,Germany,Mobile App,Sports,Trail Backpack,1,148.4,0.15,126.14,,0
104435,2025-08-15,North America,Canada,Web,Fashion,Leather Belt,2,117.66,0.0,235.32,4.0,0
104436,2025-08-16,Asia Pacific,India,Mobile App,Fashion,Wool Sweater,2,42.64,0.15,72.49,,0
104437,2025-08-16,North America,Mexico,Web,Beauty,Lip Palette,1,109.9,0.0,109.9,5.0,0
104438,2025-08-16,North America,Canada,Web,Home & Kitchen,Air Fryer,1,160.43,0.15,136.37,,0
104439,2025-08-16,North America,Canada,Web,Home & Kitchen,Smart Lamp,1,208.88,0.05,198.44,4.0,0
104440,2025-08-17,Asia Pacific,Australia,Web,Electronics,Smartwatch,1,380.75,0.0,380.75,,0
104441,2025-08-17,North America,Canada,Web,Electronics,Smartwatch,2,366.38,0.1,659.48,,0
104442,2025-08-17,Asia Pacific,Australia,Retail Partner,Fashion,Running Shoes,3,51.69,0.0,155.07,,0
104443,2025-08-17,Europe,United Kingdom,Mobile App,Beauty,Fragrance Set,1,108.7,0.0,108.7,3.0,0
104444,2025-08-17,North America,United States,Web,Home & Kitchen,Linen Bedding,1,153.16,0.2,122.53,,0
104445,2025-08-17,North America,Canada,Web,Fashion,Wool Sweater,3,43.34,0.0,130.02,4.0,0
104446,2025-08-18,North America,Canada,Web,Fashion,Wool Sweater,2,44.3,0.05,84.17,,0
104447,2025-08-18,Asia Pacific,India,Retail Partner,Home & Kitchen,Linen Bedding,1,157.43,0.15,133.82,,0
104448,2025-08-18,Asia Pacific,India,Marketplace,Home & Kitchen,Linen Bedding,4,160.79,0.15,546.69,4.0,0
104449,2025-08-18,North America,Mexico,Web,Sports,Fitness Tracker,4,67.53,0.15,229.6,5.0,0
104450,2025-08-18,Europe,Spain,Mobile App,Beauty,Skincare Kit,3,105.85,0.2,254.04,3.0,0
104451,2025-08-18,North America,United States,Mobile App,Home & Kitchen,Chef Knife Set,1,195.54,0.05,185.76,,0
104452,2025-08-18,Europe,United Kingdom,Web,Electronics,4K Monitor,1,153.23,0.05,145.57,4.0,0
104453,2025-08-19,Europe,Germany,Mobile App,Electronics,Wireless Earbuds,4,170.8,0.1,614.88,,0
104454,2025-08-19,Europe,France,Mobile App,Home & Kitchen,Espresso Machine,1,80.21,0.0,80.21,5.0,0
104455,2025-08-19,Europe,France,Mobile App,Home & Kitchen,Air Fryer,1,169.09,0.0,169.09,5.0,0
104456,2025-08-19,North America,Canada,Retail Partner,Beauty,Hair Dryer,3,91.02,0.2,218.45,5.0,0
104457,2025-08-19,Latin America,Argentina,Marketplace,Electronics,4K Monitor,1,156.74,0.1,141.07,4.0,0
104458,2025-08-20,Asia Pacific,India,Mobile App,Fashion,Wool Sweater,1,45.61,0.1,41.05,5.0,0
104459,2025-08-20,North America,Canada,Web,Electronics,4K Monitor,2,148.1,0.0,296.2,4.0,0
104460,2025-08-20,Latin America,Argentina,Mobile App,Sports,Cycling Helmet,4,212.29,0.1,764.24,5.0,0
104461,2025-08-20,North America,United States,Web,Home & Kitchen,Smart Lamp,1,191.63,0.15,162.89,3.0,0
104462,2025-08-20,Europe,Spain,Web,Beauty,Hair Dryer,2,102.8,0.0,205.6,5.0,0
104463,2025-08-20,Europe,Spain,Mobile App,Electronics,4K Monitor,1,163.38,0.0,163.38,4.0,0
104464,2025-08-21,North America,Canada,Marketplace,Fashion,Sunglasses,1,164.4,0.0,164.4,5.0,0
104465,2025-08-21,Asia Pacific,Japan,Marketplace,Home & Kitchen,Air Fryer,2,171.18,0.15,291.01,5.0,0
104466,2025-08-21,North America,Mexico,Mobile App,Fashion,Wool Sweater,1,43.13,0.05,40.97,3.0,0
104467,2025-08-21,North America,Canada,Mobile App,Home & Kitchen,Air Fryer,1,179.63,0.0,179.63,4.0,0
104468,2025-08-21,Europe,Germany,Mobile App,Home & Kitchen,Espresso Machine,1,86.22,0.0,86.22,,0
104469,2025-08-21,Asia Pacific,India,Mobile App,Home & Kitchen,Espresso Machine,2,84.56,0.05,160.66,5.0,0
104470,2025-08-22,Asia Pacific,India,Web,Electronics,USB-C Hub,3,339.76,0.0,1019.28,4.0,0
104471,2025-08-22,North America,United States,Retail Partner,Beauty,Hair Dryer,4,94.7,0.0,378.8,,0
104472,2025-08-22,North America,Mexico,Marketplace,Electronics,USB-C Hub,3,357.69,0.0,1073.07,,0
104473,2025-08-23,Europe,France,Mobile App,Home & Kitchen,Chef Knife Set,1,200.85,0.05,190.81,,0
104474,2025-08-23,Europe,United Kingdom,Web,Sports,Trail Backpack,1,168.11,0.0,168.11,4.0,0
104475,2025-08-23,North America,Mexico,Mobile App,Home & Kitchen,Linen Bedding,3,169.98,0.0,509.94,,0
104476,2025-08-23,North America,United States,Web,Electronics,Smartwatch,2,385.84,0.1,694.51,4.0,0
104477,2025-08-23,Latin America,Chile,Web,Electronics,Mechanical Keyboard,1,51.2,0.0,51.2,3.0,0
104478,2025-08-23,North America,Mexico,Web,Electronics,USB-C Hub,1,358.77,0.05,340.83,5.0,0
104479,2025-08-23,Europe,Spain,Retail Partner,Fashion,Denim Jacket,4,96.94,0.0,387.76,4.0,0
104480,2025-08-23,Asia Pacific,Singapore,Marketplace,Fashion,Sunglasses,1,180.88,0.0,180.88,,0
104481,2025-08-23,Asia Pacific,Japan,Mobile App,Sports,Fitness Tracker,1,73.25,0.2,58.6,5.0,0
104482,2025-08-24,Europe,United Kingdom,Web,Electronics,Wireless Earbuds,1,179.73,0.2,143.78,4.0,0
104483,2025-08-24,Asia Pacific,Singapore,Web,Home & Kitchen,Smart Lamp,1,211.24,0.0,211.24,,0
104484,2025-08-24,Europe,Germany,Web,Electronics,4K Monitor,1,148.69,0.0,148.69,,0
104485,2025-08-24,Europe,France,Mobile App,Electronics,Smartwatch,1,378.93,0.0,378.93,5.0,0
104486,2025-08-24,Europe,Spain,Web,Sports,Dumbbell Set,1,172.35,0.15,146.5,5.0,0
104487,2025-08-24,North America,Mexico,Retail Partner,Electronics,Mechanical Keyboard,4,49.94,0.15,169.8,5.0,0
104488,2025-08-24,Europe,France,Mobile App,Fashion,Wool Sweater,1,47.3,0.0,47.3,4.0,0
104489,2025-08-24,North America,Canada,Mobile App,Electronics,Wireless Earbuds,1,187.46,0.2,149.97,5.0,0
104490,2025-08-24,North America,Canada,Mobile App,Sports,Dumbbell Set,4,177.25,0.0,709.0,,0
104491,2025-08-24,North America,United States,Mobile App,Sports,Dumbbell Set,2,172.07,0.0,344.14,3.0,0
104492,2025-08-24,Europe,France,Mobile App,Sports,Trail Backpack,2,152.24,0.15,258.81,3.0,0
104493,2025-08-24,North America,United States,Web,Home & Kitchen,Espresso Machine,2,80.58,0.2,128.93,,0
104494,2025-08-24,Latin America,Argentina,Retail Partner,Electronics,Smartwatch,1,343.02,0.15,291.57,3.0,0
104495,2025-08-24,Europe,Spain,Retail Partner,Sports,Cycling Helmet,1,225.25,0.1,202.72,5.0,0
104496,2025-08-25,North America,Canada,Mobile App,Fashion,Sunglasses,1,188.73,0.2,150.98,5.0,0
104497,2025-08-25,North America,Mexico,Mobile App,Electronics,4K Monitor,3,160.38,0.0,481.14,4.0,0
104498,2025-08-25,North America,Mexico,Marketplace,Fashion,Wool Sweater,2,44.26,0.1,79.67,5.0,0
104499,2025-08-25,Latin America,Argentina,Mobile App,Sports,Dumbbell Set,1,176.56,0.0,176.56,5.0,0
104500,2025-08-25,North America,Mexico,Mobile App,Electronics,4K Monitor,4,145.18,0.05,551.68,,0
104501,2025-08-25,North America,Canada,Mobile App,Fashion,Running Shoes,1,53.25,0.0,53.25,3.0,0
104502,2025-08-25,Europe,Germany,Mobile App,Home & Kitchen,Chef Knife Set,1,200.28,0.2,160.22,4.0,0
104503,2025-08-25,Asia Pacific,Japan,Mobile App,Home & Kitchen,Espresso Machine,2,88.69,0.0,177.38,3.0,1
104504,2025-08-26,North America,Mexico,Retail Partner,Electronics,Mechanical Keyboard,1,49.28,0.2,39.42,4.0,0
104505,2025-08-26,Latin America,Argentina,Web,Fashion,Sunglasses,3,181.94,0.0,545.82,4.0,0
104506,2025-08-26,North America,Canada,Web,Electronics,Mechanical Keyboard,3,49.4,0.2,118.56,4.0,0
104507,2025-08-26,Europe,Spain,Web,Electronics,4K Monitor,2,150.2,0.2,240.32,5.0,1
104508,2025-08-26,Europe,Germany,Web,Beauty,Vitamin C Serum,2,43.09,0.0,86.18,,0
104509,2025-08-26,Latin America,Argentina,Web,Fashion,Sunglasses,4,174.78,0.0,699.12,4.0,0
104510,2025-08-26,Europe,United Kingdom,Mobile App,Fashion,Leather Belt,1,131.42,0.05,124.85,,0
104511,2025-08-27,North America,United States,Mobile App,Home & Kitchen,Smart Lamp,1,192.61,0.0,192.61,5.0,0
104512,2025-08-27,Latin America,Chile,Web,Beauty,Skincare Kit,3,104.56,0.0,313.68,4.0,0
104513,2025-08-27,North America,Canada,Marketplace,Fashion,Sunglasses,1,174.86,0.0,174.86,4.0,0
104514,2025-08-27,North America,United States,Web,Sports,Yoga Mat,2,104.39,0.2,167.02,,0
104515,2025-08-27,Asia Pacific,Japan,Web,Sports,Dumbbell Set,1,180.36,0.1,162.32,,0
104516,2025-08-27,North America,Mexico,Mobile App,Beauty,Hair Dryer,1,92.61,0.0,92.61,3.0,0
104517,2025-08-27,Latin America,Brazil,Web,Electronics,USB-C Hub,1,366.21,0.0,366.21,5.0,0
104518,2025-08-27,Asia Pacific,Australia,Web,Sports,Fitness Tracker,3,71.23,0.0,213.69,,0
104519,2025-08-27,North America,Canada,Web,Beauty,Hair Dryer,4,97.12,0.2,310.78,,0
104520,2025-08-27,Asia Pacific,Japan,Retail Partner,Sports,Dumbbell Set,1,176.72,0.0,176.72,3.0,0
104521,2025-08-28,North America,Canada,Web,Electronics,4K Monitor,4,147.09,0.0,588.36,5.0,0
104522,2025-08-28,Europe,France,Marketplace,Fashion,Denim Jacket,2,103.26,0.0,206.52,5.0,0
104523,2025-08-28,Asia Pacific,Australia,Marketplace,Electronics,Smartwatch,4,393.63,0.0,1574.52,5.0,0
104524,2025-08-28,Asia Pacific,Singapore,Marketplace,Home & Kitchen,Air Fryer,3,183.91,0.15,468.97,,0
104525,2025-08-28,North America,Canada,Retail Partner,Beauty,Skincare Kit,2,114.34,0.0,228.68,5.0,0
104526,2025-08-28,North America,Canada,Web,Electronics,Mechanical Keyboard,1,50.23,0.05,47.72,,0
104527,2025-08-28,Latin America,Argentina,Web,Fashion,Denim Jacket,2,105.44,0.0,210.88,,0
104528,2025-08-28,Europe,Germany,Mobile App,Sports,Fitness Tracker,3,77.38,0.0,232.14,,0
104529,2025-08-29,Europe,United Kingdom,Mobile App,Electronics,Smartwatch,2,374.0,0.15,635.8,3.0,0
104530,2025-08-29,North America,United States,Mobile App,Home & Kitchen,Air Fryer,2,168.38,0.05,319.92,,0
104531,2025-08-29,North America,Mexico,Web,Fashion,Sunglasses,3,162.68,0.15,414.83,,0
104532,2025-08-29,Europe,France,Web,Sports,Cycling Helmet,2,205.12,0.0,410.24,3.0,0
104533,2025-08-29,North America,Canada,Web,Sports,Cycling Helmet,1,206.67,0.0,206.67,5.0,1
104534,2025-08-29,Asia Pacific,Japan,Retail Partner,Electronics,Wireless Earbuds,2,170.31,0.2,272.5,5.0,0
104535,2025-08-29,Europe,Spain,Web,Electronics,Smartwatch,1,395.14,0.0,395.14,5.0,0
104536,2025-08-30,Europe,Spain,Marketplace,Sports,Trail Backpack,1,151.21,0.0,151.21,5.0,0
104537,2025-08-30,Europe,United Kingdom,Mobile App,Electronics,USB-C Hub,1,342.79,0.0,342.79,4.0,0
104538,2025-08-30,Asia Pacific,India,Mobile App,Electronics,Smartwatch,4,350.26,0.05,1330.99,5.0,0
104539,2025-08-30,Asia Pacific,Singapore,Retail Partner,Beauty,Lip Palette,1,105.23,0.05,99.97,3.0,0
104540,2025-08-30,North America,United States,Mobile App,Sports,Yoga Mat,1,104.17,0.1,93.75,4.0,0
104541,2025-08-30,North America,Canada,Web,Home & Kitchen,Chef Knife Set,3,174.82,0.2,419.57,5.0,0
104542,2025-08-30,Europe,France,Retail Partner,Electronics,Wireless Earbuds,2,179.51,0.0,359.02,,0
104543,2025-08-30,Europe,Spain,Mobile App,Home & Kitchen,Linen Bedding,2,164.96,0.05,313.42,,0
104544,2025-08-30,Latin America,Argentina,Mobile App,Home & Kitchen,Espresso Machine,2,87.74,0.05,166.71,5.0,0
104545,2025-08-31,Asia Pacific,India,Web,Beauty,Hair Dryer,2,98.79,0.1,177.82,5.0,0
104546,2025-08-31,North America,United States,Mobile App,Electronics,4K Monitor,2,158.86,0.0,317.72,5.0,0
104547,2025-08-31,Europe,Spain,Web,Sports,Dumbbell Set,3,181.67,0.0,545.01,,0
104548,2025-08-31,North America,United States,Mobile App,Fashion,Sunglasses,2,187.24,0.05,355.76,4.0,0
104549,2025-08-31,Asia Pacific,Japan,Retail Partner,Sports,Trail Backpack,2,159.76,0.1,287.57,,0
104550,2025-08-31,Asia Pacific,Singapore,Mobile App,Electronics,Smartwatch,3,342.54,0.05,976.24,4.0,0
104551,2025-08-31,North America,Mexico,Web,Fashion,Leather Belt,1,136.15,0.1,122.54,,0
104552,2025-08-31,Latin America,Argentina,Mobile App,Beauty,Lip Palette,2,105.33,0.15,179.06,3.0,0
104553,2025-09-01,Europe,Germany,Marketplace,Fashion,Denim Jacket,4,101.06,0.0,404.24,,0
104554,2025-09-01,North America,Mexico,Mobile App,Electronics,Smartwatch,2,367.04,0.05,697.38,5.0,0
104555,2025-09-01,Europe,France,Retail Partner,Sports,Dumbbell Set,1,174.82,0.2,139.86,5.0,1
104556,2025-09-01,Europe,Germany,Web,Electronics,Mechanical Keyboard,2,50.72,0.05,96.37,,0
104557,2025-09-01,North America,Mexico,Retail Partner,Electronics,Mechanical Keyboard,1,51.36,0.1,46.22,5.0,0
104558,2025-09-01,North America,Canada,Marketplace,Home & Kitchen,Air Fryer,4,159.42,0.2,510.14,5.0,0
104559,2025-09-01,Europe,Spain,Web,Electronics,Smartwatch,4,364.77,0.0,1459.08,,0
104560,2025-09-01,Asia Pacific,Australia,Web,Sports,Dumbbell Set,1,185.24,0.1,166.72,5.0,0
104561,2025-09-01,North America,Canada,Web,Beauty,Vitamin C Serum,1,45.05,0.0,45.05,3.0,0
104562,2025-09-01,North America,Canada,Mobile App,Sports,Cycling Helmet,1,214.83,0.0,214.83,3.0,0
104563,2025-09-01,Asia Pacific,Singapore,Marketplace,Electronics,4K Monitor,2,150.98,0.0,301.96,,0
104564,2025-09-01,North America,United States,Web,Home & Kitchen,Espresso Machine,3,88.54,0.1,239.06,,0
104565,2025-09-01,North America,Mexico,Web,Home & Kitchen,Linen Bedding,1,161.99,0.2,129.59,,0
104566,2025-09-01,Europe,France,Web,Beauty,Skincare Kit,2,110.82,0.0,221.64,,0
104567,2025-09-01,Asia Pacific,India,Mobile App,Sports,Dumbbell Set,3,182.1,0.15,464.35,3.0,0
104568,2025-09-02,North America,Canada,Web,Sports,Yoga Mat,3,113.86,0.2,273.26,5.0,0
104569,2025-09-02,Europe,Germany,Web,Home & Kitchen,Smart Lamp,1,202.03,0.2,161.62,3.0,0
104570,2025-09-02,Latin America,Argentina,Retail Partner,Beauty,Vitamin C Serum,1,42.9,0.0,42.9,4.0,0
104571,2025-09-02,Europe,Spain,Mobile App,Electronics,USB-C Hub,1,372.53,0.0,372.53,5.0,0
104572,2025-09-02,Asia Pacific,India,Marketplace,Fashion,Leather Belt,1,130.95,0.2,104.76,5.0,0
104573,2025-09-02,Asia Pacific,Singapore,Mobile App,Beauty,Lip Palette,1,101.99,0.0,101.99,,0
104574,2025-09-02,Asia Pacific,Australia,Retail Partner,Beauty,Vitamin C Serum,3,45.35,0.0,136.05,,0
104575,2025-09-02,North America,United States,Marketplace,Home & Kitchen,Chef Knife Set,2,195.19,0.15,331.82,5.0,0
104576,2025-09-02,North America,Mexico,Web,Electronics,Smartwatch,4,390.18,0.15,1326.61,,0
104577,2025-09-03,Asia Pacific,Australia,Web,Beauty,Hair Dryer,1,97.44,0.0,97.44,5.0,0
104578,2025-09-03,Europe,France,Mobile App,Beauty,Vitamin C Serum,3,46.6,0.1,125.82,,0
104579,2025-09-03,North America,Canada,Mobile App,Fashion,Denim Jacket,2,100.5,0.2,160.8,5.0,0
104580,2025-09-03,Europe,France,Marketplace,Beauty,Fragrance Set,2,107.24,0.0,214.48,,0
104581,2025-09-03,North America,Canada,Web,Sports,Cycling Helmet,1,204.97,0.1,184.47,,0
104582,2025-09-03,Europe,France,Mobile App,Fashion,Denim Jacket,2,99.71,0.0,199.42,5.0,0
104583,2025-09-03,Europe,Germany,Retail Partner,Electronics,Wireless Earbuds,2,171.25,0.0,342.5,5.0,0
104584,2025-09-04,Europe,France,Mobile App,Fashion,Denim Jacket,2,107.78,0.2,172.45,5.0,0
104585,2025-09-04,Europe,Spain,Mobile App,Home & Kitchen,Chef Knife Set,2,172.36,0.0,344.72,3.0,0
104586,2025-09-04,Latin America,Argentina,Web,Home & Kitchen,Espresso Machine,1,90.47,0.0,90.47,,0
104587,2025-09-04,North America,United States,Mobile App,Beauty,Skincare Kit,2,117.04,0.0,234.08,4.0,0
104588,2025-09-04,Asia Pacific,India,Mobile App,Home & Kitchen,Air Fryer,2,182.06,0.05,345.91,,0
104589,2025-09-04,Latin America,Chile,Marketplace,Sports,Fitness Tracker,2,74.53,0.0,149.06,5.0,0
104590,2025-09-04,Asia Pacific,Australia,Web,Home & Kitchen,Smart Lamp,1,191.66,0.1,172.49,4.0,0
104591,2025-09-04,Europe,France,Web,Electronics,Wireless Earbuds,4,193.83,0.15,659.02,4.0,0
104592,2025-09-04,North America,Mexico,Mobile App,Electronics,Smartwatch,3,350.57,0.15,893.95,4.0,0
104593,2025-09-04,North America,Canada,Retail Partner,Home & Kitchen,Espresso Machine,2,84.2,0.1,151.56,5.0,0
104594,2025-09-04,North America,Mexico,Mobile App,Home & Kitchen,Chef Knife Set,1,174.33,0.0,174.33,3.0,0
104595,2025-09-04,North America,United States,Retail Partner,Fashion,Leather Belt,2,134.02,0.2,214.43,5.0,0
104596,2025-09-04,North America,Mexico,Mobile App,Sports,Cycling Helmet,1,202.91,0.0,202.91,5.0,0
104597,2025-09-05,Europe,United Kingdom,Web,Electronics,Smartwatch,1,396.12,0.15,336.7,,0
104598,2025-09-05,Latin America,Argentina,Web,Fashion,Sunglasses,4,175.25,0.2,560.8,3.0,0
104599,2025-09-05,Latin America,Argentina,Mobile App,Electronics,Smartwatch,2,353.06,0.0,706.12,,0
104600,2025-09-05,North America,Canada,Marketplace,Home & Kitchen,Chef Knife Set,1,174.74,0.0,174.74,5.0,0
104601,2025-09-05,Asia Pacific,Australia,Mobile App,Home & Kitchen,Espresso Machine,1,80.07,0.15,68.06,5.0,0
104602,2025-09-05,North America,United States,Retail Partner,Electronics,USB-C Hub,2,361.79,0.0,723.58,,0
104603,2025-09-05,North America,United States,Retail Partner,Electronics,USB-C Hub,2,341.56,0.0,683.12,5.0,0
104604,2025-09-05,North America,United States,Web,Sports,Yoga Mat,3,106.09,0.15,270.53,5.0,0
104605,2025-09-06,Europe,United Kingdom,Mobile App,Fashion,Sunglasses,2,185.67,0.0,371.34,5.0,0
104606,2025-09-06,North America,United States,Mobile App,Home & Kitchen,Smart Lamp,1,207.87,0.15,176.69,5.0,0
104607,2025-09-06,Europe,Spain,Web,Fashion,Sunglasses,1,179.54,0.15,152.61,4.0,0
104608,2025-09-06,Europe,Spain,Web,Home & Kitchen,Linen Bedding,2,149.65,0.05,284.33,5.0,0
104609,2025-09-06,Latin America,Argentina,Web,Beauty,Hair Dryer,4,96.3,0.05,365.94,5.0,0
104610,2025-09-06,North America,Mexico,Marketplace,Home & Kitchen,Chef Knife Set,2,174.55,0.05,331.64,,0
104611,2025-09-06,Europe,Spain,Mobile App,Sports,Cycling Helmet,4,210.42,0.05,799.6,3.0,0
104612,2025-09-06,Europe,United Kingdom,Web,Beauty,Hair Dryer,4,103.91,0.0,415.64,4.0,0
104613,2025-09-06,North America,United States,Web,Electronics,Smartwatch,4,373.85,0.0,1495.4,3.0,0
104614,2025-09-06,Asia Pacific,Singapore,Web,Beauty,Fragrance Set,2,110.07,0.15,187.12,,0
104615,2025-09-07,North America,Mexico,Mobile App,Sports,Fitness Tracker,4,73.99,0.15,251.57,5.0,0
104616,2025-09-07,Europe,France,Marketplace,Fashion,Wool Sweater,2,44.86,0.0,89.72,,0
104617,2025-09-07,Europe,Spain,Marketplace,Home & Kitchen,Smart Lamp,2,205.33,0.0,410.66,,0
104618,2025-09-07,North America,United States,Mobile App,Beauty,Fragrance Set,2,104.39,0.0,208.78,4.0,0
104619,2025-09-07,North America,United States,Retail Partner,Sports,Dumbbell Set,1,174.87,0.1,157.38,4.0,0
104620,2025-09-07,Europe,Spain,Marketplace,Sports,Fitness Tracker,4,74.64,0.2,238.85,,0
104621,2025-09-07,Europe,Germany,Retail Partner,Fashion,Wool Sweater,3,43.75,0.2,105.0,5.0,0
104622,2025-09-07,Latin America,Chile,Web,Electronics,Mechanical Keyboard,1,50.21,0.0,50.21,3.0,0
104623,2025-09-07,Asia Pacific,India,Web,Home & Kitchen,Linen Bedding,1,157.4,0.0,157.4,3.0,0
104624,2025-09-07,Europe,Spain,Marketplace,Fashion,Wool Sweater,2,46.36,0.1,83.45,,0
104625,2025-09-07,North America,Mexico,Mobile App,Home & Kitchen,Chef Knife Set,1,177.95,0.1,160.16,5.0,0
104626,2025-09-08,North America,Canada,Mobile App,Home & Kitchen,Chef Knife Set,3,184.94,0.0,554.82,4.0,0
104627,2025-09-08,Latin America,Argentina,Mobile App,Fashion,Running Shoes,4,52.72,0.2,168.7,4.0,0
104628,2025-09-08,Asia Pacific,Australia,Web,Electronics,Mechanical Keyboard,2,51.53,0.05,97.91,5.0,0
104629,2025-09-08,Asia Pacific,India,Web,Fashion,Denim Jacket,2,102.85,0.05,195.41,5.0,0
104630,2025-09-08,Europe,United Kingdom,Web,Beauty,Lip Palette,1,104.36,0.0,104.36,5.0,0
104631,2025-09-08,North America,Canada,Mobile App,Home & Kitchen,Linen Bedding,2,151.71,0.0,303.42,5.0,0
104632,2025-09-09,Europe,France,Mobile App,Beauty,Lip Palette,1,104.3,0.0,104.3,5.0,0
104633,2025-09-09,Europe,United Kingdom,Web,Home & Kitchen,Espresso Machine,2,88.09,0.0,176.18,,0
104634,2025-09-09,North America,United States,Mobile App,Electronics,Wireless Earbuds,2,168.75,0.1,303.75,,0
104635,2025-09-09,Asia Pacific,Japan,Mobile App,Fashion,Leather Belt,3,136.6,0.1,368.82,3.0,1
104636,2025-09-09,Latin America,Argentina,Mobile App,Beauty,Hair Dryer,1,104.12,0.0,104.12,5.0,0
104637,2025-09-10,Asia Pacific,Australia,Mobile App,Sports,Fitness Tracker,4,75.89,0.1,273.2,,0
104638,2025-09-10,North America,United States,Web,Electronics,Mechanical Keyboard,1,49.77,0.0,49.77,5.0,0
104639,2025-09-10,North America,Canada,Mobile App,Sports,Cycling Helmet,1,216.68,0.0,216.68,5.0,0
104640,2025-09-10,Europe,Spain,Mobile App,Electronics,Smartwatch,1,386.32,0.2,309.06,3.0,0
104641,2025-09-10,North America,Canada,Mobile App,Beauty,Vitamin C Serum,1,42.88,0.2,34.3,5.0,1
104642,2025-09-10,Europe,United Kingdom,Web,Electronics,USB-C Hub,4,390.97,0.0,1563.88,,0
104643,2025-09-10,Europe,France,Web,Home & Kitchen,Chef Knife Set,2,180.28,0.1,324.5,,0
104644,2025-09-11,Europe,France,Marketplace,Fashion,Sunglasses,1,173.47,0.0,173.47,5.0,0
104645,2025-09-11,Europe,Germany,Web,Home & Kitchen,Espresso Machine,3,85.07,0.1,229.69,3.0,0
104646,2025-09-11,Europe,United Kingdom,Web,Beauty,Fragrance Set,2,109.98,0.0,219.96,3.0,0
104647,2025-09-11,Asia Pacific,Australia,Web,Electronics,Wireless Earbuds,1,182.57,0.0,182.57,5.0,0
104648,2025-09-11,North America,Mexico,Mobile App,Home & Kitchen,Air Fryer,2,176.82,0.2,282.91,3.0,0
104649,2025-09-11,North America,United States,Marketplace,Beauty,Lip Palette,4,104.4,0.0,417.6,5.0,0
104650,2025-09-11,North America,Canada,Mobile App,Home & Kitchen,Smart Lamp,4,191.04,0.05,725.95,,0
104651,2025-09-11,North America,Canada,Mobile App,Home & Kitchen,Chef Knife Set,2,187.62,0.1,337.72,5.0,1
104652,2025-09-11,North America,United States,Mobile App,Beauty,Fragrance Set,1,116.42,0.15,98.96,5.0,0
104653,2025-09-12,Asia Pacific,India,Retail Partner,Sports,Trail Backpack,2,160.17,0.0,320.34,5.0,0
104654,2025-09-12,North America,Canada,Web,Fashion,Wool Sweater,1,46.64,0.05,44.31,3.0,0
104655,2025-09-12,Europe,France,Web,Home & Kitchen,Chef Knife Set,2,190.16,0.1,342.29,,0
104656,2025-09-12,Europe,Spain,Mobile App,Sports,Cycling Helmet,4,221.5,0.1,797.4,,1
104657,2025-09-12,Asia Pacific,Singapore,Mobile App,Electronics,Wireless Earbuds,1,187.46,0.15,159.34,3.0,0
104658,2025-09-12,North America,United States,Marketplace,Electronics,Mechanical Keyboard,2,51.24,0.0,102.48,5.0,0
104659,2025-09-12,Asia Pacific,Singapore,Web,Sports,Fitness Tracker,3,70.47,0.2,169.13,4.0,0
104660,2025-09-12,Asia Pacific,India,Marketplace,Fashion,Sunglasses,1,187.7,0.0,187.7,,1
104661,2025-09-13,North America,United States,Web,Sports,Cycling Helmet,1,226.51,0.0,226.51,,0
104662,2025-09-13,Europe,Spain,Retail Partner,Beauty,Lip Palette,2,107.96,0.1,194.33,4.0,0
104663,2025-09-13,Europe,France,Marketplace,Home & Kitchen,Air Fryer,2,164.57,0.1,296.23,5.0,0
104664,2025-09-13,Asia Pacific,Australia,Mobile App,Home & Kitchen,Espresso Machine,3,87.03,0.1,234.98,,0
104665,2025-09-13,Europe,United Kingdom,Web,Electronics,Smartwatch,1,363.02,0.15,308.57,5.0,0
104666,2025-09-13,North America,Canada,Web,Home & Kitchen,Air Fryer,2,160.35,0.15,272.59,5.0,0
104667,2025-09-13,North America,United States,Mobile App,Electronics,Smartwatch,4,395.57,0.2,1265.82,4.0,0
104668,2025-09-13,Europe,United Kingdom,Mobile App,Electronics,USB-C Hub,1,359.64,0.05,341.66,,0
104669,2025-09-14,North America,United States,Marketplace,Beauty,Hair Dryer,2,102.34,0.05,194.45,3.0,0
104670,2025-09-14,Latin America,Brazil,Web,Fashion,Leather Belt,3,127.29,0.0,381.87,3.0,0
104671,2025-09-14,North America,Mexico,Mobile App,Electronics,USB-C Hub,2,372.6,0.0,745.2,3.0,0
104672,2025-09-14,Europe,United Kingdom,Web,Electronics,Smartwatch,1,362.58,0.0,362.58,5.0,0
104673,2025-09-14,Asia Pacific,Singapore,Marketplace,Electronics,Mechanical Keyboard,1,52.45,0.0,52.45,4.0,0
104674,2025-09-14,Europe,France,Mobile App,Sports,Yoga Mat,4,105.26,0.0,421.04,,0
104675,2025-09-14,Europe,France,Marketplace,Home & Kitchen,Chef Knife Set,2,193.73,0.0,387.46,,0
104676,2025-09-14,North America,Canada,Web,Beauty,Vitamin C Serum,3,46.91,0.2,112.58,3.0,0
104677,2025-09-14,Asia Pacific,Singapore,Web,Home & Kitchen,Smart Lamp,2,190.15,0.1,342.27,5.0,0
104678,2025-09-14,Asia Pacific,Japan,Web,Beauty,Fragrance Set,2,106.14,0.15,180.44,5.0,0
104679,2025-09-14,Latin America,Brazil,Mobile App,Fashion,Running Shoes,1,55.8,0.0,55.8,,0
104680,2025-09-14,Latin America,Chile,Marketplace,Electronics,Smartwatch,1,358.19,0.0,358.19,,0
104681,2025-09-15,Asia Pacific,Japan,Web,Sports,Fitness Tracker,2,73.61,0.0,147.22,5.0,0
104682,2025-09-15,Europe,United Kingdom,Marketplace,Beauty,Skincare Kit,1,118.59,0.1,106.73,5.0,0
104683,2025-09-15,Europe,Germany,Web,Electronics,USB-C Hub,4,344.99,0.05,1310.96,3.0,0
104684,2025-09-15,Europe,Spain,Web,Electronics,Smartwatch,1,348.94,0.0,348.94,4.0,0
104685,2025-09-15,Europe,Spain,Web,Electronics,Wireless Earbuds,2,174.51,0.15,296.67,4.0,0
104686,2025-09-15,North America,United States,Mobile App,Sports,Cycling Helmet,2,229.96,0.2,367.94,4.0,0
104687,2025-09-15,Europe,France,Mobile App,Home & Kitchen,Smart Lamp,3,192.11,0.0,576.33,,0
104688,2025-09-15,Europe,France,Marketplace,Electronics,4K Monitor,2,158.87,0.1,285.97,,0
104689,2025-09-16,Europe,France,Web,Home & Kitchen,Linen Bedding,4,167.74,0.0,670.96,5.0,0
104690,2025-09-16,North America,Canada,Web,Fashion,Denim Jacket,2,109.73,0.15,186.54,4.0,0
104691,2025-09-16,Europe,Spain,Web,Home & Kitchen,Air Fryer,3,160.98,0.0,482.94,4.0,0
104692,2025-09-16,North America,Canada,Marketplace,Home & Kitchen,Linen Bedding,1,157.61,0.15,133.97,5.0,0
104693,2025-09-16,North America,Canada,Retail Partner,Home & Kitchen,Espresso Machine,3,89.71,0.0,269.13,,0
104694,2025-09-16,Asia Pacific,Japan,Web,Fashion,Running Shoes,1,52.75,0.0,52.75,,1
104695,2025-09-16,Asia Pacific,India,Mobile App,Beauty,Hair Dryer,1,99.35,0.05,94.38,,0
104696,2025-09-17,Asia Pacific,Australia,Web,Electronics,Wireless Earbuds,1,190.1,0.0,190.1,5.0,0
104697,2025-09-17,Latin America,Argentina,Web,Electronics,USB-C Hub,1,359.42,0.1,323.48,5.0,0
104698,2025-09-17,Europe,Germany,Retail Partner,Electronics,4K Monitor,1,166.12,0.1,149.51,3.0,0
104699,2025-09-17,Latin America,Argentina,Retail Partner,Electronics,USB-C Hub,2,363.73,0.05,691.09,3.0,0
104700,2025-09-17,Europe,Germany,Mobile App,Fashion,Sunglasses,1,164.1,0.0,164.1,4.0,0
104701,2025-09-17,North America,Canada,Web,Home & Kitchen,Chef Knife Set,1,185.42,0.0,185.42,3.0,0
104702,2025-09-17,Asia Pacific,India,Mobile App,Sports,Dumbbell Set,2,165.52,0.0,331.04,5.0,0
104703,2025-09-17,Asia Pacific,Japan,Mobile App,Electronics,Mechanical Keyboard,3,54.8,0.15,139.74,4.0,0
104704,2025-09-17,North America,Mexico,Mobile App,Sports,Yoga Mat,1,105.72,0.0,105.72,4.0,0
104705,2025-09-17,Europe,United Kingdom,Web,Electronics,Mechanical Keyboard,2,48.84,0.05,92.8,5.0,0
104706,2025-09-18,Europe,Germany,Web,Beauty,Vitamin C Serum,1,44.16,0.15,37.54,3.0,0
104707,2025-09-18,Asia Pacific,Australia,Web,Electronics,4K Monitor,1,146.67,0.0,146.67,3.0,0
104708,2025-09-18,North America,Mexico,Web,Beauty,Vitamin C Serum,4,45.77,0.2,146.46,4.0,0
104709,2025-09-18,Asia Pacific,India,Web,Sports,Dumbbell Set,3,184.96,0.1,499.39,4.0,0
104710,2025-09-18,Asia Pacific,India,Mobile App,Home & Kitchen,Smart Lamp,2,211.96,0.0,423.92,5.0,0
104711,2025-09-18,Asia Pacific,India,Web,Fashion,Sunglasses,4,168.75,0.0,675.0,,0
104712,2025-09-19,Europe,Spain,Mobile App,Electronics,Wireless Earbuds,2,188.57,0.15,320.57,5.0,0
104713,2025-09-19,Asia Pacific,India,Web,Fashion,Denim Jacket,2,97.38,0.0,194.76,5.0,0
104714,2025-09-19,Asia Pacific,Japan,Mobile App,Beauty,Lip Palette,1,105.61,0.2,84.49,5.0,0
104715,2025-09-19,Europe,United Kingdom,Web,Sports,Cycling Helmet,1,207.6,0.0,207.6,,0
104716,2025-09-19,North America,United States,Web,Fashion,Wool Sweater,3,45.82,0.2,109.97,5.0,0
104717,2025-09-19,North America,United States,Retail Partner,Fashion,Sunglasses,1,164.6,0.0,164.6,,0
104718,2025-09-20,Europe,France,Web,Beauty,Fragrance Set,2,107.13,0.0,214.26,5.0,0
104719,2025-09-20,Europe,France,Web,Electronics,Wireless Earbuds,1,179.34,0.05,170.37,5.0,0
104720,2025-09-20,Asia Pacific,Australia,Mobile App,Home & Kitchen,Air Fryer,2,169.98,0.0,339.96,,0
104721,2025-09-20,North America,United States,Mobile App,Sports,Yoga Mat,1,114.11,0.0,114.11,4.0,0
104722,2025-09-20,Europe,Germany,Web,Sports,Cycling Helmet,1,199.55,0.0,199.55,,0
104723,2025-09-20,Asia Pacific,Singapore,Web,Electronics,Smartwatch,1,388.75,0.0,388.75,5.0,0
104724,2025-09-20,Europe,France,Web,Electronics,Wireless Earbuds,2,182.13,0.05,346.05,,0
104725,2025-09-20,Asia Pacific,Japan,Mobile App,Fashion,Wool Sweater,1,42.76,0.05,40.62,,0
104726,2025-09-20,North America,United States,Marketplace,Electronics,Wireless Earbuds,1,179.39,0.0,179.39,4.0,0
104727,2025-09-20,Latin America,Brazil,Web,Sports,Fitness Tracker,1,76.76,0.1,69.08,4.0,0
104728,2025-09-20,Europe,Spain,Mobile App,Sports,Cycling Helmet,2,214.35,0.0,428.7,5.0,0
104729,2025-09-20,North America,Canada,Web,Fashion,Leather Belt,2,123.33,0.0,246.66,4.0,0
104730,2025-09-20,Asia Pacific,Singapore,Marketplace,Sports,Dumbbell Set,2,180.81,0.2,289.3,5.0,0
104731,2025-09-20,Europe,Spain,Retail Partner,Fashion,Denim Jacket,4,102.27,0.2,327.26,4.0,0
104732,2025-09-21,Latin America,Chile,Web,Fashion,Leather Belt,2,117.52,0.15,199.78,4.0,0
104733,2025-09-21,North America,Canada,Web,Fashion,Denim Jacket,2,105.57,0.0,211.14,3.0,0
104734,2025-09-21,North America,Canada,Web,Fashion,Wool Sweater,1,42.19,0.2,33.75,4.0,0
104735,2025-09-21,Europe,Spain,Web,Home & Kitchen,Chef Knife Set,1,179.94,0.15,152.95,,0
104736,2025-09-21,North America,United States,Marketplace,Electronics,Smartwatch,1,363.91,0.15,309.32,5.0,0
104737,2025-09-21,Asia Pacific,Australia,Mobile App,Fashion,Denim Jacket,3,106.88,0.0,320.64,4.0,1
104738,2025-09-21,Asia Pacific,Japan,Mobile App,Electronics,4K Monitor,1,158.3,0.15,134.56,,0
104739,2025-09-21,Asia Pacific,Singapore,Mobile App,Electronics,Mechanical Keyboard,2,50.16,0.0,100.32,4.0,0
104740,2025-09-21,Europe,France,Web,Electronics,Wireless Earbuds,1,174.41,0.0,174.41,,0
104741,2025-09-22,Europe,United Kingdom,Web,Home & Kitchen,Air Fryer,1,172.89,0.2,138.31,5.0,0
104742,2025-09-22,Europe,United Kingdom,Mobile App,Fashion,Sunglasses,1,170.52,0.0,170.52,4.0,0
104743,2025-09-22,North America,United States,Web,Sports,Yoga Mat,4,119.4,0.1,429.84,3.0,0
104744,2025-09-22,Europe,United Kingdom,Mobile App,Electronics,Mechanical Keyboard,3,52.08,0.1,140.62,,0
104745,2025-09-22,Europe,United Kingdom,Mobile App,Fashion,Wool Sweater,1,49.11,0.1,44.2,5.0,0
104746,2025-09-22,North America,United States,Web,Electronics,Mechanical Keyboard,4,48.05,0.1,172.98,,0
104747,2025-09-22,North America,United States,Mobile App,Sports,Dumbbell Set,3,180.25,0.0,540.75,5.0,0
104748,2025-09-23,Europe,Spain,Web,Beauty,Skincare Kit,3,116.49,0.0,349.47,,0
104749,2025-09-23,Asia Pacific,India,Mobile App,Sports,Fitness Tracker,1,71.94,0.0,71.94,5.0,0
104750,2025-09-23,North America,Mexico,Mobile App,Fashion,Running Shoes,1,57.29,0.0,57.29,,0
104751,2025-09-23,Asia Pacific,Japan,Web,Fashion,Denim Jacket,1,110.93,0.15,94.29,4.0,0
104752,2025-09-23,Europe,France,Web,Home & Kitchen,Air Fryer,1,164.2,0.05,155.99,4.0,0
104753,2025-09-23,Europe,Spain,Mobile App,Fashion,Wool Sweater,2,42.56,0.2,68.1,4.0,0
104754,2025-09-23,Asia Pacific,Australia,Web,Home & Kitchen,Linen Bedding,4,147.25,0.0,589.0,4.0,0
104755,2025-09-23,Europe,Germany,Marketplace,Home & Kitchen,Air Fryer,2,159.27,0.0,318.54,,0
104756,2025-09-23,Asia Pacific,Singapore,Marketplace,Fashion,Denim Jacket,3,112.25,0.0,336.75,5.0,0
104757,2025-09-24,Asia Pacific,Australia,Web,Beauty,Lip Palette,4,117.75,0.0,471.0,,0
104758,2025-09-24,North America,United States,Web,Fashion,Leather Belt,4,121.46,0.15,412.96,,0
104759,2025-09-24,North America,Mexico,Mobile App,Electronics,USB-C Hub,3,384.99,0.15,981.72,,0
104760,2025-09-25,Latin America,Brazil,Retail Partner,Electronics,Mechanical Keyboard,1,49.44,0.0,49.44,5.0,0
104761,2025-09-25,North America,Canada,Web,Beauty,Fragrance Set,1,116.26,0.1,104.63,,0
104762,2025-09-25,Asia Pacific,Singapore,Mobile App,Electronics,Wireless Earbuds,1,190.12,0.2,152.1,,0
104763,2025-09-25,Europe,Germany,Mobile App,Electronics,4K Monitor,1,148.82,0.0,148.82,4.0,0
104764,2025-09-25,Europe,United Kingdom,Web,Electronics,4K Monitor,2,156.52,0.15,266.08,3.0,0
104765,2025-09-25,Europe,France,Marketplace,Sports,Dumbbell Set,1,184.83,0.0,184.83,,0
104766,2025-09-25,Europe,Spain,Marketplace,Home & Kitchen,Chef Knife Set,1,194.79,0.1,175.31,5.0,0
104767,2025-09-25,Europe,France,Marketplace,Electronics,4K Monitor,4,163.89,0.0,655.56,5.0,0
104768,2025-09-25,North America,United States,Mobile App,Fashion,Sunglasses,4,164.52,0.0,658.08,5.0,1
104769,2025-09-25,Europe,United Kingdom,Web,Beauty,Lip Palette,4,107.67,0.1,387.61,5.0,0
104770,2025-09-26,Latin America,Brazil,Web,Home & Kitchen,Linen Bedding,1,153.24,0.15,130.25,5.0,0
104771,2025-09-26,North America,Mexico,Retail Partner,Fashion,Denim Jacket,2,98.37,0.0,196.74,5.0,0
104772,2025-09-26,Latin America,Argentina,Web,Beauty,Vitamin C Serum,1,47.81,0.0,47.81,5.0,0
104773,2025-09-26,Europe,France,Web,Electronics,4K Monitor,2,152.5,0.0,305.0,,0
104774,2025-09-26,North America,Canada,Retail Partner,Fashion,Wool Sweater,1,48.62,0.1,43.76,4.0,0
104775,2025-09-26,North America,United States,Mobile App,Beauty,Skincare Kit,1,105.98,0.0,105.98,,0
104776,2025-09-26,North America,United States,Web,Home & Kitchen,Linen Bedding,1,163.05,0.15,138.59,5.0,0
104777,2025-09-26,North America,Mexico,Mobile App,Fashion,Sunglasses,2,166.09,0.2,265.74,,0
104778,2025-09-27,North America,Canada,Web,Home & Kitchen,Espresso Machine,4,89.49,0.1,322.16,4.0,0
104779,2025-09-27,North America,Mexico,Web,Fashion,Running Shoes,1,58.59,0.0,58.59,5.0,0
104780,2025-09-27,North America,United States,Web,Sports,Fitness Tracker,1,71.64,0.2,57.31,5.0,0
104781,2025-09-27,North America,Canada,Mobile App,Sports,Trail Backpack,3,163.31,0.0,489.93,,0
104782,2025-09-27,Europe,Spain,Web,Home & Kitchen,Chef Knife Set,2,196.56,0.1,353.81,3.0,0
104783,2025-09-27,Europe,France,Marketplace,Electronics,USB-C Hub,1,381.43,0.05,362.36,,0
104784,2025-09-27,North America,Canada,Marketplace,Home & Kitchen,Chef Knife Set,1,181.04,0.2,144.83,5.0,0
104785,2025-09-27,North America,United States,Web,Fashion,Wool Sweater,1,44.69,0.0,44.69,,0
104786,2025-09-28,North America,Mexico,Web,Sports,Yoga Mat,1,109.84,0.0,109.84,5.0,0
104787,2025-09-28,Latin America,Argentina,Web,Beauty,Vitamin C Serum,4,42.99,0.05,163.36,3.0,0
104788,2025-09-28,Asia Pacific,Japan,Web,Home & Kitchen,Chef Knife Set,2,198.9,0.05,377.91,4.0,0
104789,2025-09-28,Latin America,Argentina,Web,Sports,Trail Backpack,2,157.97,0.15,268.55,4.0,0
104790,2025-09-28,Latin America,Chile,Mobile App,Electronics,Smartwatch,4,398.14,0.05,1512.93,,0
104791,2025-09-28,North America,Canada,Web,Beauty,Fragrance Set,2,100.64,0.0,201.28,5.0,0
104792,2025-09-28,Europe,Spain,Web,Electronics,Smartwatch,4,373.76,0.0,1495.04,5.0,0
104793,2025-09-28,Europe,Germany,Web,Electronics,4K Monitor,1,165.56,0.1,149.0,5.0,1
104794,2025-09-29,Asia Pacific,Japan,Marketplace,Electronics,USB-C Hub,3,386.0,0.0,1158.0,5.0,0
104795,2025-09-29,Asia Pacific,Singapore,Marketplace,Home & Kitchen,Chef Knife Set,3,177.35,0.05,505.45,5.0,0
104796,2025-09-29,Asia Pacific,Australia,Mobile App,Sports,Fitness Tracker,3,76.45,0.0,229.35,5.0,0
104797,2025-09-29,Europe,United Kingdom,Mobile App,Electronics,Wireless Earbuds,1,172.91,0.0,172.91,,1
104798,2025-09-29,Asia Pacific,Japan,Mobile App,Electronics,Mechanical Keyboard,2,50.94,0.0,101.88,3.0,0
104799,2025-09-29,Europe,Germany,Mobile App,Beauty,Fragrance Set,2,100.05,0.0,200.1,,0
104800,2025-09-29,Europe,Spain,Marketplace,Beauty,Skincare Kit,2,120.25,0.1,216.45,,1
104801,2025-09-29,North America,Canada,Mobile App,Home & Kitchen,Espresso Machine,2,87.27,0.05,165.81,4.0,0
104802,2025-09-29,Europe,Spain,Marketplace,Sports,Dumbbell Set,1,172.82,0.05,164.18,,0
104803,2025-09-29,Europe,France,Mobile App,Electronics,Mechanical Keyboard,1,53.56,0.0,53.56,,0
104804,2025-09-30,North America,Canada,Mobile App,Electronics,USB-C Hub,2,389.73,0.1,701.51,5.0,0
104805,2025-09-30,North America,United States,Mobile App,Fashion,Sunglasses,4,183.07,0.15,622.44,5.0,0
104806,2025-09-30,North America,Canada,Retail Partner,Fashion,Running Shoes,3,59.68,0.0,179.04,5.0,0
104807,2025-09-30,North America,United States,Mobile App,Sports,Cycling Helmet,1,223.92,0.2,179.14,3.0,0
104808,2025-09-30,North America,Mexico,Web,Electronics,USB-C Hub,1,384.68,0.0,384.68,5.0,0
104809,2025-09-30,North America,Mexico,Marketplace,Sports,Dumbbell Set,3,186.19,0.1,502.71,3.0,0
104810,2025-09-30,North America,Mexico,Mobile App,Electronics,USB-C Hub,4,365.11,0.1,1314.4,,0
104811,2025-09-30,Latin America,Brazil,Marketplace,Electronics,USB-C Hub,1,366.72,0.0,366.72,5.0,0
104812,2025-09-30,North America,United States,Mobile App,Electronics,Smartwatch,4,356.97,0.05,1356.49,,0
104813,2025-09-30,North America,United States,Mobile App,Fashion,Leather Belt,2,121.6,0.05,231.04,5.0,0
104814,2025-09-30,Asia Pacific,India,Web,Electronics,Wireless Earbuds,2,187.58,0.0,375.16,,0
104815,2025-09-30,Asia Pacific,India,Marketplace,Beauty,Skincare Kit,2,119.26,0.1,214.67,5.0,1
104816,2025-09-30,North America,Canada,Mobile App,Electronics,Wireless Earbuds,4,177.55,0.15,603.67,5.0,0
104817,2025-10-01,North America,Mexico,Web,Fashion,Denim Jacket,2,101.6,0.0,203.2,5.0,1
104818,2025-10-01,North America,Mexico,Web,Home & Kitchen,Smart Lamp,1,193.65,0.2,154.92,5.0,0
104819,2025-10-01,Asia Pacific,Japan,Mobile App,Electronics,USB-C Hub,4,344.17,0.05,1307.85,,0
104820,2025-10-01,North America,United States,Marketplace,Sports,Dumbbell Set,2,172.6,0.2,276.16,5.0,0
104821,2025-10-01,Europe,Spain,Web,Beauty,Hair Dryer,1,100.21,0.2,80.17,4.0,0
104822,2025-10-01,Asia Pacific,Singapore,Web,Home & Kitchen,Smart Lamp,2,202.3,0.0,404.6,,0
104823,2025-10-01,North America,United States,Web,Home & Kitchen,Chef Knife Set,1,195.6,0.0,195.6,5.0,0
104824,2025-10-01,Europe,Germany,Mobile App,Beauty,Lip Palette,3,118.4,0.2,284.16,3.0,0
104825,2025-10-01,Europe,France,Web,Electronics,Wireless Earbuds,2,188.86,0.0,377.72,4.0,0
104826,2025-10-01,Europe,Spain,Mobile App,Home & Kitchen,Espresso Machine,2,80.34,0.0,160.68,5.0,0
104827,2025-10-02,North America,Mexico,Mobile App,Electronics,Mechanical Keyboard,2,48.95,0.05,93.0,4.0,0
104828,2025-10-02,North America,Mexico,Marketplace,Home & Kitchen,Espresso Machine,1,91.93,0.2,73.54,,0
104829,2025-10-02,Europe,Spain,Mobile App,Home & Kitchen,Chef Knife Set,4,199.13,0.1,716.87,3.0,0
104830,2025-10-02,North America,United States,Mobile App,Beauty,Fragrance Set,1,110.89,0.0,110.89,4.0,0
104831,2025-10-02,Asia Pacific,Singapore,Mobile App,Sports,Cycling Helmet,1,216.04,0.05,205.24,,0
104832,2025-10-02,North America,Canada,Marketplace,Fashion,Running Shoes,2,57.82,0.0,115.64,4.0,0
104833,2025-10-02,North America,Mexico,Web,Electronics,Smartwatch,4,382.71,0.15,1301.21,4.0,1
104834,2025-10-02,Asia Pacific,India,Web,Electronics,USB-C Hub,2,340.58,0.2,544.93,4.0,0
104835,2025-10-02,North America,United States,Mobile App,Home & Kitchen,Linen Bedding,1,169.88,0.05,161.39,4.0,0
104836,2025-10-02,Europe,Germany,Web,Home & Kitchen,Smart Lamp,3,210.31,0.0,630.93,,0
104837,2025-10-02,Latin America,Brazil,Web,Home & Kitchen,Smart Lamp,3,212.4,0.0,637.2,5.0,0
104838,2025-10-02,North America,United States,Marketplace,Home & Kitchen,Espresso Machine,1,89.27,0.2,71.42,,0
104839,2025-10-02,Europe,Germany,Web,Fashion,Wool Sweater,1,44.2,0.0,44.2,5.0,0
104840,2025-10-02,Asia Pacific,Australia,Mobile App,Electronics,4K Monitor,1,158.88,0.1,142.99,5.0,0
104841,2025-10-03,Europe,Spain,Mobile App,Fashion,Denim Jacket,4,100.61,0.2,321.95,4.0,0
104842,2025-10-03,Asia Pacific,India,Mobile App,Home & Kitchen,Smart Lamp,1,191.0,0.0,191.0,,0
104843,2025-10-03,Asia Pacific,Australia,Web,Fashion,Leather Belt,2,126.99,0.1,228.58,,0
104844,2025-10-03,North America,United States,Web,Home & Kitchen,Chef Knife Set,3,186.79,0.05,532.35,4.0,0
104845,2025-10-03,North America,United States,Mobile App,Fashion,Sunglasses,2,188.24,0.0,376.48,,0
104846,2025-10-03,North America,Mexico,Marketplace,Sports,Trail Backpack,1,156.27,0.2,125.02,3.0,0
104847,2025-10-03,Asia Pacific,Japan,Retail Partner,Sports,Dumbbell Set,1,183.66,0.15,156.11,5.0,0
104848,2025-10-03,Europe,United Kingdom,Web,Sports,Yoga Mat,4,114.77,0.0,459.08,,0
104849,2025-10-03,Asia Pacific,Singapore,Web,Beauty,Skincare Kit,1,121.21,0.0,121.21,,0
104850,2025-10-04,Asia Pacific,Japan,Web,Electronics,Smartwatch,3,367.71,0.1,992.82,4.0,0
104851,2025-10-04,Asia Pacific,Australia,Marketplace,Sports,Cycling Helmet,1,208.76,0.0,208.76,,0
104852,2025-10-04,Europe,France,Web,Home & Kitchen,Air Fryer,1,166.51,0.15,141.53,,0
104853,2025-10-04,North America,Canada,Mobile App,Electronics,Smartwatch,4,350.59,0.2,1121.89,4.0,0
104854,2025-10-04,North America,Canada,Web,Home & Kitchen,Linen Bedding,1,159.97,0.15,135.97,,0
104855,2025-10-04,Asia Pacific,India,Marketplace,Fashion,Running Shoes,1,53.69,0.1,48.32,5.0,0
104856,2025-10-04,Europe,Germany,Web,Home & Kitchen,Air Fryer,4,159.93,0.1,575.75,5.0,0
104857,2025-10-05,Asia Pacific,Japan,Web,Beauty,Lip Palette,3,102.92,0.0,308.76,4.0,0
104858,2025-10-05,North America,Mexico,Mobile App,Fashion,Wool Sweater,3,45.15,0.05,128.68,4.0,0
104859,2025-10-05,Europe,France,Marketplace,Electronics,Wireless Earbuds,3,178.02,0.1,480.65,5.0,0
104860,2025-10-05,Asia Pacific,Australia,Web,Fashion,Sunglasses,2,182.81,0.0,365.62,5.0,0
104861,2025-10-05,North America,Mexico,Web,Sports,Yoga Mat,1,120.36,0.15,102.31,,0
104862,2025-10-05,North America,United States,Marketplace,Beauty,Hair Dryer,2,95.82,0.0,191.64,,0
104863,2025-10-06,North America,Mexico,Marketplace,Home & Kitchen,Espresso Machine,4,80.19,0.05,304.72,5.0,1
104864,2025-10-06,Asia Pacific,Australia,Mobile App,Sports,Fitness Tracker,1,71.65,0.05,68.07,4.0,0
104865,2025-10-06,North America,Mexico,Web,Sports,Fitness Tracker,2,73.42,0.2,117.47,5.0,0
104866,2025-10-06,North America,Mexico,Web,Home & Kitchen,Smart Lamp,3,211.72,0.15,539.89,3.0,0
104867,2025-10-06,Asia Pacific,India,Marketplace,Home & Kitchen,Smart Lamp,1,209.61,0.0,209.61,,0
104868,2025-10-06,Europe,Germany,Marketplace,Home & Kitchen,Air Fryer,1,170.84,0.0,170.84,4.0,0
104869,2025-10-06,Europe,United Kingdom,Web,Fashion,Denim Jacket,3,98.29,0.0,294.87,3.0,0
104870,2025-10-07,Asia Pacific,Singapore,Retail Partner,Home & Kitchen,Smart Lamp,1,205.21,0.0,205.21,,0
104871,2025-10-07,North America,Canada,Mobile App,Beauty,Lip Palette,3,101.52,0.15,258.88,5.0,0
104872,2025-10-07,Europe,Spain,Marketplace,Beauty,Fragrance Set,2,113.45,0.15,192.87,4.0,0
104873,2025-10-07,North America,United States,Mobile App,Home & Kitchen,Air Fryer,1,160.74,0.2,128.59,3.0,0
104874,2025-10-08,Asia Pacific,Japan,Marketplace,Beauty,Hair Dryer,4,102.45,0.1,368.82,,0
104875,2025-10-08,Europe,United Kingdom,Marketplace,Beauty,Vitamin C Serum,3,43.17,0.0,129.51,5.0,0
104876,2025-10-08,Europe,France,Web,Beauty,Vitamin C Serum,1,46.21,0.15,39.28,,0
104877,2025-10-08,North America,Mexico,Mobile App,Beauty,Lip Palette,2,111.63,0.0,223.26,5.0,0
104878,2025-10-08,North America,Mexico,Web,Electronics,Wireless Earbuds,1,170.93,0.0,170.93,3.0,0
104879,2025-10-09,Latin America,Chile,Web,Electronics,USB-C Hub,4,361.35,0.0,1445.4,5.0,0
104880,2025-10-09,Europe,France,Web,Electronics,4K Monitor,1,161.78,0.0,161.78,4.0,0
104881,2025-10-09,North America,Canada,Web,Fashion,Denim Jacket,1,99.68,0.15,84.73,3.0,0
104882,2025-10-09,North America,Canada,Retail Partner,Electronics,USB-C Hub,2,340.95,0.15,579.62,,0
104883,2025-10-09,Europe,Spain,Mobile App,Home & Kitchen,Espresso Machine,4,86.53,0.15,294.2,5.0,0
104884,2025-10-09,Europe,Spain,Web,Beauty,Hair Dryer,4,97.67,0.15,332.08,,0
104885,2025-10-09,Europe,Spain,Web,Electronics,4K Monitor,1,147.53,0.15,125.4,,0
104886,2025-10-10,Europe,Spain,Marketplace,Home & Kitchen,Espresso Machine,3,91.51,0.0,274.53,4.0,0
104887,2025-10-10,Latin America,Chile,Web,Fashion,Denim Jacket,1,111.49,0.1,100.34,3.0,0
104888,2025-10-10,Asia Pacific,India,Mobile App,Sports,Fitness Tracker,2,71.95,0.0,143.9,5.0,0
104889,2025-10-10,North America,Canada,Web,Home & Kitchen,Smart Lamp,3,205.1,0.1,553.77,,0
104890,2025-10-10,Europe,Spain,Mobile App,Electronics,USB-C Hub,2,379.96,0.1,683.93,5.0,1
104891,2025-10-10,Latin America,Brazil,Retail Partner,Sports,Cycling Helmet,4,215.86,0.1,777.1,,0
104892,2025-10-10,Europe,Germany,Mobile App,Fashion,Running Shoes,1,58.54,0.2,46.83,3.0,0
104893,2025-10-10,North America,Canada,Mobile App,Fashion,Running Shoes,1,52.1,0.2,41.68,3.0,0
104894,2025-10-10,North America,Mexico,Marketplace,Electronics,4K Monitor,1,164.98,0.2,131.98,5.0,0
104895,2025-10-10,North America,Mexico,Retail Partner,Sports,Trail Backpack,3,154.89,0.1,418.2,4.0,0
104896,2025-10-10,Latin America,Argentina,Web,Electronics,USB-C Hub,1,361.97,0.15,307.67,5.0,0
104897,2025-10-10,Asia Pacific,Singapore,Web,Home & Kitchen,Chef Knife Set,3,181.44,0.0,544.32,,0
104898,2025-10-11,Asia Pacific,Japan,Retail Partner,Fashion,Leather Belt,3,117.73,0.1,317.87,3.0,0
104899,2025-10-11,Europe,Spain,Marketplace,Sports,Cycling Helmet,1,214.25,0.0,214.25,,0
104900,2025-10-11,Latin America,Brazil,Mobile App,Beauty,Hair Dryer,2,103.11,0.0,206.22,,0
104901,2025-10-11,North America,United States,Web,Sports,Dumbbell Set,1,185.15,0.0,185.15,5.0,0
104902,2025-10-11,North America,Canada,Web,Home & Kitchen,Chef Knife Set,1,194.36,0.05,184.64,5.0,0
104903,2025-10-12,Latin America,Argentina,Marketplace,Home & Kitchen,Air Fryer,1,158.3,0.1,142.47,,0
104904,2025-10-12,Europe,Spain,Web,Electronics,Mechanical Keyboard,1,53.92,0.15,45.83,3.0,0
104905,2025-10-12,Asia Pacific,Japan,Mobile App,Home & Kitchen,Chef Knife Set,2,196.51,0.0,393.02,4.0,0
104906,2025-10-12,North America,Mexico,Mobile App,Home & Kitchen,Air Fryer,3,158.43,0.2,380.23,5.0,0
104907,2025-10-12,North America,Mexico,Retail Partner,Fashion,Running Shoes,1,59.24,0.2,47.39,,0
104908,2025-10-12,North America,Canada,Mobile App,Electronics,Mechanical Keyboard,3,51.79,0.1,139.83,,0
104909,2025-10-12,North America,United States,Mobile App,Sports,Trail Backpack,4,154.14,0.0,616.56,,0
104910,2025-10-12,Latin America,Chile,Web,Electronics,Mechanical Keyboard,4,48.21,0.0,192.84,,0
104911,2025-10-12,Asia Pacific,Australia,Mobile App,Sports,Cycling Helmet,2,215.16,0.0,430.32,,0
104912,2025-10-12,Asia Pacific,India,Mobile App,Sports,Dumbbell Set,2,165.36,0.1,297.65,5.0,0
104913,2025-10-12,North America,Mexico,Mobile App,Electronics,Wireless Earbuds,1,181.64,0.0,181.64,5.0,0
104914,2025-10-12,Asia Pacific,Singapore,Web,Fashion,Wool Sweater,1,48.2,0.0,48.2,4.0,0
104915,2025-10-12,North America,United States,Mobile App,Electronics,Wireless Earbuds,1,167.09,0.0,167.09,3.0,0
104916,2025-10-12,Europe,United Kingdom,Mobile App,Sports,Fitness Tracker,2,75.75,0.05,143.92,3.0,0
104917,2025-10-13,North America,United States,Mobile App,Beauty,Vitamin C Serum,1,45.24,0.2,36.19,3.0,0
104918,2025-10-13,North America,Mexico,Marketplace,Beauty,Vitamin C Serum,2,42.75,0.2,68.4,5.0,0
104919,2025-10-13,North America,Canada,Mobile App,Electronics,Mechanical Keyboard,2,47.99,0.05,91.18,,0
104920,2025-10-13,North America,United States,Mobile App,Sports,Dumbbell Set,1,181.7,0.05,172.61,,0
104921,2025-10-13,North America,Canada,Web,Sports,Dumbbell Set,1,166.28,0.15,141.34,5.0,0
104922,2025-10-13,Asia Pacific,Australia,Mobile App,Home & Kitchen,Linen Bedding,1,153.69,0.0,153.69,3.0,0
104923,2025-10-13,Europe,Spain,Mobile App,Fashion,Denim Jacket,1,99.12,0.1,89.21,5.0,0
104924,2025-10-14,North America,United States,Web,Beauty,Fragrance Set,2,100.11,0.2,160.18,,0
104925,2025-10-14,North America,Canada,Marketplace,Home & Kitchen,Espresso Machine,2,84.88,0.0,169.76,4.0,0
104926,2025-10-14,Europe,France,Web,Sports,Trail Backpack,3,145.4,0.15,370.77,4.0,0
104927,2025-10-14,Europe,France,Retail Partner,Sports,Yoga Mat,3,119.68,0.05,341.09,5.0,0
104928,2025-10-14,Europe,France,Web,Electronics,Wireless Earbuds,2,193.33,0.0,386.66,5.0,0
104929,2025-10-14,North America,United States,Web,Electronics,Smartwatch,1,374.31,0.2,299.45,5.0,0
104930,2025-10-14,North America,United States,Mobile App,Fashion,Denim Jacket,1,113.01,0.15,96.06,,1
104931,2025-10-15,North America,United States,Web,Beauty,Vitamin C Serum,2,47.1,0.05,89.49,5.0,0
104932,2025-10-15,Europe,Germany,Web,Home & Kitchen,Linen Bedding,1,163.78,0.15,139.21,3.0,0
104933,2025-10-15,Latin America,Brazil,Marketplace,Fashion,Sunglasses,2,179.8,0.0,359.6,5.0,0
104934,2025-10-15,Europe,France,Web,Electronics,USB-C Hub,1,355.0,0.1,319.5,5.0,0
104935,2025-10-15,Europe,Germany,Marketplace,Home & Kitchen,Air Fryer,3,158.09,0.0,474.27,5.0,0
104936,2025-10-15,Europe,United Kingdom,Web,Electronics,Mechanical Keyboard,1,48.55,0.0,48.55,4.0,0
104937,2025-10-15,North America,United States,Mobile App,Fashion,Wool Sweater,1,43.85,0.1,39.47,4.0,0
104938,2025-10-15,Latin America,Brazil,Mobile App,Electronics,Smartwatch,3,373.35,0.0,1120.05,,0
104939,2025-10-15,North America,United States,Web,Electronics,4K Monitor,3,161.45,0.0,484.35,,0
104940,2025-10-15,North America,Mexico,Mobile App,Electronics,4K Monitor,1,157.99,0.0,157.99,5.0,0
104941,2025-10-15,Asia Pacific,Australia,Marketplace,Beauty,Skincare Kit,2,114.51,0.0,229.02,,0
104942,2025-10-15,North America,Canada,Marketplace,Electronics,USB-C Hub,2,389.02,0.0,778.04,3.0,0
104943,2025-10-15,Latin America,Chile,Mobile App,Electronics,Mechanical Keyboard,4,49.13,0.0,196.52,,0
104944,2025-10-15,Europe,Spain,Marketplace,Fashion,Denim Jacket,1,101.95,0.0,101.95,,0
104945,2025-10-16,Asia Pacific,India,Mobile App,Fashion,Denim Jacket,2,110.09,0.05,209.17,,0
104946,2025-10-16,Europe,United Kingdom,Web,Beauty,Fragrance Set,1,116.8,0.0,116.8,5.0,0
104947,2025-10-16,North America,Canada,Mobile App,Fashion,Sunglasses,1,188.08,0.0,188.08,,0
104948,2025-10-16,Asia Pacific,Australia,Marketplace,Electronics,Mechanical Keyboard,1,51.26,0.15,43.57,5.0,0
104949,2025-10-16,North America,Canada,Mobile App,Sports,Dumbbell Set,1,170.07,0.0,170.07,4.0,0
104950,2025-10-16,North America,Canada,Mobile App,Sports,Cycling Helmet,4,212.35,0.1,764.46,4.0,0
104951,2025-10-16,Asia Pacific,Singapore,Marketplace,Fashion,Running Shoes,4,53.35,0.0,213.4,3.0,0
104952,2025-10-16,Asia Pacific,Japan,Marketplace,Electronics,4K Monitor,3,148.63,0.2,356.71,3.0,0
104953,2025-10-16,North America,Mexico,Web,Fashion,Denim Jacket,1,106.02,0.0,106.02,3.0,0
104954,2025-10-16,Europe,United Kingdom,Web,Electronics,Wireless Earbuds,4,175.28,0.0,701.12,4.0,0
104955,2025-10-16,Latin America,Argentina,Marketplace,Fashion,Wool Sweater,1,42.19,0.05,40.08,4.0,0
104956,2025-10-17,North America,Canada,Web,Electronics,USB-C Hub,3,338.8,0.05,965.58,4.0,0
104957,2025-10-17,North America,Canada,Marketplace,Home & Kitchen,Espresso Machine,2,83.21,0.0,166.42,3.0,0
104958,2025-10-17,North America,Canada,Retail Partner,Electronics,USB-C Hub,4,365.55,0.0,1462.2,5.0,0
104959,2025-10-17,Asia Pacific,Singapore,Mobile App,Home & Kitchen,Air Fryer,2,172.76,0.0,345.52,5.0,0
104960,2025-10-17,Europe,Spain,Web,Electronics,Wireless Earbuds,1,176.79,0.0,176.79,5.0,1
104961,2025-10-17,Europe,Germany,Mobile App,Fashion,Leather Belt,2,132.78,0.0,265.56,5.0,0
104962,2025-10-17,Latin America,Chile,Mobile App,Fashion,Running Shoes,1,56.54,0.0,56.54,3.0,1
104963,2025-10-17,North America,Mexico,Web,Electronics,Wireless Earbuds,1,175.43,0.0,175.43,,0
104964,2025-10-17,North America,United States,Web,Home & Kitchen,Chef Knife Set,1,184.44,0.2,147.55,,0
104965,2025-10-18,Asia Pacific,Australia,Web,Beauty,Lip Palette,1,106.93,0.1,96.24,5.0,0
104966,2025-10-18,Latin America,Argentina,Web,Electronics,Wireless Earbuds,3,173.11,0.05,493.36,3.0,0
104967,2025-10-18,North America,Mexico,Mobile App,Beauty,Hair Dryer,3,97.68,0.2,234.43,3.0,0
104968,2025-10-18,North America,Canada,Web,Electronics,Mechanical Keyboard,1,52.75,0.05,50.11,4.0,0
104969,2025-10-18,North America,United States,Web,Sports,Dumbbell Set,3,187.48,0.0,562.44,5.0,0
104970,2025-10-18,Asia Pacific,Japan,Mobile App,Beauty,Hair Dryer,1,95.91,0.05,91.11,3.0,1
104971,2025-10-19,North America,United States,Mobile App,Beauty,Lip Palette,1,112.83,0.0,112.83,5.0,0
104972,2025-10-19,North America,Mexico,Web,Electronics,Smartwatch,4,349.25,0.2,1117.6,,0
104973,2025-10-19,Latin America,Chile,Mobile App,Home & Kitchen,Espresso Machine,4,82.64,0.15,280.98,3.0,0
104974,2025-10-19,Europe,Spain,Mobile App,Electronics,Mechanical Keyboard,1,49.38,0.05,46.91,4.0,0
104975,2025-10-19,Europe,United Kingdom,Marketplace,Fashion,Denim Jacket,3,102.9,0.0,308.7,,1
104976,2025-10-19,Europe,United Kingdom,Web,Sports,Trail Backpack,1,154.48,0.15,131.31,5.0,0
104977,2025-10-20,Latin America,Argentina,Mobile App,Electronics,Smartwatch,2,351.94,0.05,668.69,,0
104978,2025-10-20,North America,Canada,Retail Partner,Electronics,Mechanical Keyboard,1,54.7,0.15,46.5,3.0,0
104979,2025-10-20,Europe,France,Web,Home & Kitchen,Linen Bedding,1,160.37,0.1,144.33,,0
104980,2025-10-20,Europe,United Kingdom,Web,Beauty,Hair Dryer,2,100.12,0.0,200.24,,0
104981,2025-10-20,North America,Canada,Web,Sports,Yoga Mat,4,113.36,0.1,408.1,3.0,0
104982,2025-10-20,Asia Pacific,Singapore,Mobile App,Sports,Dumbbell Set,1,187.66,0.2,150.13,5.0,0
104983,2025-10-20,North America,United States,Web,Electronics,4K Monitor,2,158.48,0.0,316.96,5.0,0
104984,2025-10-20,Asia Pacific,Australia,Web,Electronics,Mechanical Keyboard,1,46.94,0.2,37.55,,0
104985,2025-10-20,North America,United States,Mobile App,Beauty,Lip Palette,1,110.37,0.15,93.81,5.0,0
104986,2025-10-20,North America,Mexico,Mobile App,Home & Kitchen,Chef Knife Set,1,184.92,0.2,147.94,4.0,0
104987,2025-10-20,North America,Canada,Web,Electronics,Wireless Earbuds,1,187.79,0.05,178.4,5.0,1
104988,2025-10-20,North America,Mexico,Retail Partner,Electronics,Wireless Earbuds,1,192.3,0.05,182.69,,0
104989,2025-10-20,Latin America,Brazil,Web,Electronics,Mechanical Keyboard,2,47.82,0.15,81.29,5.0,0
104990,2025-10-20,Europe,France,Marketplace,Home & Kitchen,Smart Lamp,2,201.61,0.0,403.22,5.0,0
104991,2025-10-20,Europe,Germany,Mobile App,Electronics,USB-C Hub,3,365.79,0.0,1097.37,,0
104992,2025-10-21,Asia Pacific,Singapore,Web,Electronics,Smartwatch,1,392.79,0.2,314.23,,0
104993,2025-10-21,North America,United States,Web,Sports,Trail Backpack,2,153.17,0.0,306.34,,1
104994,2025-10-21,Asia Pacific,Singapore,Web,Fashion,Leather Belt,1,129.76,0.0,129.76,,0
104995,2025-10-21,North America,United States,Marketplace,Fashion,Sunglasses,1,176.77,0.0,176.77,5.0,1
104996,2025-10-21,Asia Pacific,Japan,Mobile App,Fashion,Denim Jacket,1,98.94,0.1,89.05,,0
104997,2025-10-21,Asia Pacific,Australia,Mobile App,Home & Kitchen,Espresso Machine,3,86.69,0.1,234.06,,0
104998,2025-10-21,Latin America,Argentina,Retail Partner,Fashion,Sunglasses,1,169.54,0.0,169.54,5.0,0
104999,2025-10-21,Latin America,Chile,Mobile App,Fashion,Leather Belt,1,118.52,0.15,100.74,,0
105000,2025-10-21,North America,Canada,Mobile App,Fashion,Running Shoes,2,52.92,0.15,89.96,,0
105001,2025-10-21,Europe,France,Web,Home & Kitchen,Chef Knife Set,1,179.82,0.1,161.84,4.0,0
105002,2025-10-21,Latin America,Chile,Web,Electronics,USB-C Hub,1,393.29,0.1,353.96,5.0,0
105003,2025-10-21,North America,Canada,Retail Partner,Fashion,Wool Sweater,1,45.75,0.15,38.89,5.0,1
105004,2025-10-21,North America,United States,Mobile App,Home & Kitchen,Chef Knife Set,2,201.1,0.0,402.2,4.0,0
105005,2025-10-22,North America,United States,Mobile App,Sports,Trail Backpack,1,158.15,0.15,134.43,4.0,0
105006,2025-10-22,Europe,United Kingdom,Mobile App,Electronics,4K Monitor,1,162.71,0.0,162.71,3.0,0
105007,2025-10-22,North America,Canada,Mobile App,Home & Kitchen,Espresso Machine,4,81.95,0.2,262.24,5.0,0
105008,2025-10-22,Latin America,Chile,Web,Sports,Cycling Helmet,3,219.88,0.15,560.69,5.0,0
105009,2025-10-22,North America,Canada,Web,Home & Kitchen,Linen Bedding,1,146.78,0.0,146.78,,0
105010,2025-10-22,North America,United States,Retail Partner,Home & Kitchen,Chef Knife Set,1,200.3,0.15,170.25,5.0,0
105011,2025-10-22,Europe,Germany,Web,Electronics,Mechanical Keyboard,1,53.89,0.0,53.89,3.0,0
105012,2025-10-22,North America,Mexico,Web,Electronics,Wireless Earbuds,1,171.98,0.0,171.98,5.0,0
105013,2025-10-22,North America,Canada,Mobile App,Home & Kitchen,Espresso Machine,1,84.3,0.0,84.3,,0
105014,2025-10-22,North America,United States,Web,Home & Kitchen,Linen Bedding,3,145.79,0.0,437.37,,0
105015,2025-10-23,Asia Pacific,Singapore,Web,Electronics,Smartwatch,4,372.76,0.0,1491.04,4.0,0
105016,2025-10-23,North America,United States,Marketplace,Sports,Cycling Helmet,3,207.77,0.05,592.14,3.0,0
105017,2025-10-23,North America,United States,Mobile App,Electronics,Wireless Earbuds,2,181.89,0.15,309.21,3.0,0
105018,2025-10-24,North America,Canada,Web,Home & Kitchen,Espresso Machine,2,84.89,0.2,135.82,,0
105019,2025-10-24,North America,Canada,Web,Fashion,Sunglasses,3,169.26,0.0,507.78,,0
105020,2025-10-24,Asia Pacific,Australia,Web,Electronics,4K Monitor,2,158.77,0.05,301.66,4.0,0
105021,2025-10-24,Asia Pacific,Singapore,Marketplace,Sports,Fitness Tracker,1,73.83,0.0,73.83,5.0,0
105022,2025-10-24,North America,Canada,Marketplace,Home & Kitchen,Chef Knife Set,2,182.57,0.0,365.14,5.0,0
105023,2025-10-24,North America,Canada,Web,Fashion,Running Shoes,1,59.14,0.15,50.27,4.0,0
105024,2025-10-24,North America,United States,Web,Electronics,Mechanical Keyboard,3,48.18,0.0,144.54,5.0,0
105025,2025-10-24,Asia Pacific,Japan,Web,Fashion,Wool Sweater,2,47.51,0.0,95.02,5.0,0
105026,2025-10-24,North America,Mexico,Web,Home & Kitchen,Smart Lamp,1,202.6,0.0,202.6,4.0,0
105027,2025-10-25,North America,Canada,Mobile App,Sports,Yoga Mat,1,108.28,0.0,108.28,,0
105028,2025-10-25,Latin America,Brazil,Web,Electronics,4K Monitor,3,161.14,0.1,435.08,5.0,0
105029,2025-10-25,Europe,United Kingdom,Retail Partner,Fashion,Wool Sweater,1,42.97,0.05,40.82,4.0,0
105030,2025-10-25,Asia Pacific,Japan,Web,Beauty,Hair Dryer,3,90.07,0.15,229.68,4.0,0
105031,2025-10-25,Europe,Germany,Retail Partner,Sports,Yoga Mat,1,117.15,0.0,117.15,,0
105032,2025-10-26,North America,United States,Retail Partner,Home & Kitchen,Linen Bedding,2,158.67,0.05,301.47,,0
105033,2025-10-26,North America,United States,Mobile App,Sports,Dumbbell Set,4,175.35,0.15,596.19,,0
105034,2025-10-26,Latin America,Chile,Mobile App,Fashion,Leather Belt,2,130.8,0.0,261.6,,0
105035,2025-10-26,North America,United States,Marketplace,Home & Kitchen,Air Fryer,1,157.34,0.15,133.74,4.0,0
105036,2025-10-26,North America,Mexico,Mobile App,Sports,Dumbbell Set,1,167.28,0.05,158.92,,0
105037,2025-10-26,North America,Mexico,Mobile App,Fashion,Wool Sweater,3,44.57,0.1,120.34,5.0,0
105038,2025-10-26,North America,Canada,Mobile App,Home & Kitchen,Smart Lamp,1,194.58,0.0,194.58,5.0,0
105039,2025-10-26,Europe,United Kingdom,Web,Fashion,Denim Jacket,3,102.63,0.0,307.89,,0
105040,2025-10-26,North America,Mexico,Web,Home & Kitchen,Air Fryer,1,164.02,0.0,164.02,4.0,0
105041,2025-10-26,North America,Mexico,Mobile App,Fashion,Sunglasses,2,181.48,0.0,362.96,4.0,0
105042,2025-10-26,Europe,Spain,Marketplace,Home & Kitchen,Linen Bedding,1,159.3,0.05,151.34,4.0,0
105043,2025-10-26,Europe,France,Mobile App,Home & Kitchen,Linen Bedding,4,153.37,0.05,582.81,5.0,0
105044,2025-10-26,Asia Pacific,Singapore,Mobile App,Home & Kitchen,Air Fryer,1,162.24,0.0,162.24,4.0,0
105045,2025-10-27,Europe,United Kingdom,Web,Electronics,4K Monitor,1,147.52,0.0,147.52,,0
105046,2025-10-27,North America,Mexico,Retail Partner,Beauty,Skincare Kit,1,122.12,0.0,122.12,4.0,0
105047,2025-10-27,Europe,United Kingdom,Retail Partner,Sports,Yoga Mat,2,110.69,0.05,210.31,,0
105048,2025-10-27,Europe,France,Mobile App,Electronics,USB-C Hub,3,347.65,0.1,938.65,5.0,0
105049,2025-10-27,North America,United States,Marketplace,Home & Kitchen,Linen Bedding,1,153.54,0.0,153.54,4.0,0
105050,2025-10-27,North America,United States,Web,Beauty,Skincare Kit,1,114.0,0.0,114.0,3.0,0
105051,2025-10-27,North America,United States,Web,Electronics,4K Monitor,1,158.64,0.0,158.64,4.0,0
105052,2025-10-27,Europe,United Kingdom,Web,Fashion,Sunglasses,1,167.31,0.0,167.31,,0
105053,2025-10-27,Asia Pacific,India,Web,Home & Kitchen,Air Fryer,2,169.28,0.0,338.56,4.0,0
105054,2025-10-27,Asia Pacific,India,Web,Electronics,USB-C Hub,2,348.63,0.0,697.26,,0
105055,2025-10-27,Europe,United Kingdom,Web,Fashion,Running Shoes,3,54.26,0.0,162.78,5.0,1
105056,2025-10-28,Europe,United Kingdom,Mobile App,Fashion,Sunglasses,1,180.83,0.0,180.83,5.0,1
105057,2025-10-28,North America,Canada,Marketplace,Electronics,4K Monitor,2,168.6,0.15,286.62,4.0,0
105058,2025-10-28,Asia Pacific,Australia,Mobile App,Fashion,Leather Belt,2,136.24,0.1,245.23,5.0,0
105059,2025-10-28,Europe,United Kingdom,Marketplace,Sports,Trail Backpack,2,167.62,0.1,301.72,4.0,0
105060,2025-10-28,Europe,France,Mobile App,Fashion,Sunglasses,1,163.68,0.0,163.68,5.0,0
105061,2025-10-29,Asia Pacific,Singapore,Web,Fashion,Running Shoes,1,53.32,0.2,42.66,,0
105062,2025-10-29,Europe,France,Mobile App,Fashion,Running Shoes,1,57.03,0.15,48.48,5.0,0
105063,2025-10-29,Asia Pacific,India,Mobile App,Electronics,USB-C Hub,2,338.22,0.0,676.44,3.0,0
105064,2025-10-29,North America,Canada,Mobile App,Electronics,4K Monitor,3,168.87,0.0,506.61,4.0,0
105065,2025-10-29,Europe,Germany,Web,Home & Kitchen,Air Fryer,1,179.52,0.0,179.52,4.0,0
105066,2025-10-29,North America,Mexico,Web,Electronics,Wireless Earbuds,4,178.44,0.2,571.01,5.0,0
105067,2025-10-30,Asia Pacific,Japan,Retail Partner,Sports,Dumbbell Set,2,186.12,0.0,372.24,3.0,0
105068,2025-10-30,Latin America,Brazil,Marketplace,Fashion,Sunglasses,1,163.28,0.0,163.28,5.0,0
105069,2025-10-30,North America,Mexico,Mobile App,Beauty,Vitamin C Serum,2,45.54,0.2,72.86,5.0,0
105070,2025-10-30,North America,Canada,Mobile App,Home & Kitchen,Air Fryer,2,183.72,0.0,367.44,3.0,0
105071,2025-10-30,Asia Pacific,Singapore,Mobile App,Fashion,Wool Sweater,1,47.86,0.0,47.86,4.0,0
105072,2025-10-30,Asia Pacific,Australia,Marketplace,Fashion,Wool Sweater,2,47.22,0.0,94.44,3.0,0
105073,2025-10-30,North America,United States,Mobile App,Electronics,Smartwatch,4,385.51,0.0,1542.04,,0
105074,2025-10-30,Europe,United Kingdom,Mobile App,Electronics,USB-C Hub,2,393.84,0.2,630.14,5.0,0
105075,2025-10-30,Latin America,Argentina,Mobile App,Electronics,Wireless Earbuds,2,167.98,0.0,335.96,,0
105076,2025-10-31,Europe,United Kingdom,Mobile App,Fashion,Leather Belt,1,119.25,0.0,119.25,5.0,0
105077,2025-10-31,Europe,United Kingdom,Mobile App,Electronics,Wireless Earbuds,3,191.92,0.05,546.97,5.0,0
105078,2025-10-31,North America,Mexico,Mobile App,Fashion,Wool Sweater,4,44.25,0.0,177.0,,0
105079,2025-10-31,North America,Mexico,Web,Home & Kitchen,Chef Knife Set,1,202.3,0.0,202.3,4.0,0
105080,2025-10-31,Europe,Spain,Mobile App,Beauty,Skincare Kit,1,109.94,0.15,93.45,,0
105081,2025-10-31,Europe,Spain,Marketplace,Fashion,Denim Jacket,1,107.93,0.05,102.53,5.0,0
105082,2025-10-31,North America,Canada,Mobile App,Electronics,4K Monitor,1,152.38,0.1,137.14,3.0,0
105083,2025-10-31,Latin America,Brazil,Marketplace,Fashion,Leather Belt,4,129.81,0.0,519.24,,0
105084,2025-10-31,Asia Pacific,Japan,Marketplace,Electronics,USB-C Hub,3,353.9,0.0,1061.7,,0
105085,2025-11-01,Asia Pacific,Australia,Retail Partner,Home & Kitchen,Espresso Machine,1,90.89,0.05,86.35,,0
105086,2025-11-01,Europe,Germany,Web,Home & Kitchen,Smart Lamp,2,195.69,0.05,371.81,3.0,0
105087,2025-11-01,Europe,United Kingdom,Marketplace,Sports,Cycling Helmet,2,232.71,0.2,372.34,5.0,0
105088,2025-11-01,North America,Mexico,Web,Home & Kitchen,Linen Bedding,1,162.36,0.1,146.12,,0
105089,2025-11-01,Europe,Spain,Web,Fashion,Denim Jacket,2,113.33,0.0,226.66,4.0,0
105090,2025-11-01,Europe,Germany,Web,Fashion,Running Shoes,4,51.58,0.15,175.37,,0
105091,2025-11-01,North America,Canada,Mobile App,Electronics,Mechanical Keyboard,2,49.85,0.2,79.76,,0
105092,2025-11-01,Europe,United Kingdom,Retail Partner,Fashion,Running Shoes,2,51.86,0.15,88.16,5.0,0
105093,2025-11-01,Europe,Spain,Web,Sports,Yoga Mat,1,118.06,0.15,100.35,5.0,0
105094,2025-11-01,Europe,Spain,Web,Electronics,Wireless Earbuds,3,188.4,0.0,565.2,5.0,0
105095,2025-11-01,Europe,Spain,Mobile App,Fashion,Leather Belt,3,121.05,0.0,363.15,4.0,1
105096,2025-11-01,Europe,Spain,Web,Beauty,Vitamin C Serum,1,46.5,0.1,41.85,4.0,0
105097,2025-11-02,North America,Canada,Mobile App,Sports,Yoga Mat,2,105.74,0.15,179.76,5.0,0
105098,2025-11-02,North America,Mexico,Mobile App,Sports,Cycling Helmet,2,211.65,0.05,402.13,5.0,0
105099,2025-11-02,North America,Mexico,Marketplace,Beauty,Lip Palette,1,113.51,0.05,107.83,,0
105100,2025-11-02,Europe,Spain,Web,Sports,Cycling Helmet,1,233.83,0.0,233.83,4.0,0
105101,2025-11-02,North America,Mexico,Mobile App,Home & Kitchen,Smart Lamp,1,210.29,0.15,178.75,5.0,0
105102,2025-11-02,Europe,Germany,Web,Beauty,Lip Palette,3,112.25,0.2,269.4,4.0,0
105103,2025-11-02,North America,Mexico,Web,Fashion,Sunglasses,1,168.02,0.0,168.02,5.0,0
105104,2025-11-02,North America,United States,Marketplace,Electronics,4K Monitor,2,162.82,0.15,276.79,4.0,0
105105,2025-11-02,North America,Canada,Mobile App,Fashion,Wool Sweater,4,45.3,0.2,144.96,5.0,0
105106,2025-11-02,Asia Pacific,Japan,Web,Electronics,Smartwatch,2,359.47,0.1,647.05,5.0,0
105107,2025-11-02,Europe,Spain,Web,Beauty,Lip Palette,2,107.81,0.05,204.84,4.0,0
105108,2025-11-02,Europe,United Kingdom,Marketplace,Home & Kitchen,Linen Bedding,1,156.35,0.1,140.72,,0
105109,2025-11-02,Europe,France,Web,Home & Kitchen,Linen Bedding,4,167.72,0.15,570.25,5.0,0
105110,2025-11-03,Latin America,Brazil,Mobile App,Fashion,Wool Sweater,1,45.66,0.2,36.53,,0
105111,2025-11-03,Latin America,Brazil,Web,Beauty,Skincare Kit,4,114.41,0.2,366.11,5.0,0
105112,2025-11-03,North America,Mexico,Web,Fashion,Running Shoes,1,53.13,0.15,45.16,,0
105113,2025-11-03,Latin America,Argentina,Mobile App,Beauty,Vitamin C Serum,2,44.22,0.15,75.17,5.0,0
105114,2025-11-03,Asia Pacific,Japan,Web,Sports,Fitness Tracker,4,69.86,0.2,223.55,,0
105115,2025-11-03,North America,Canada,Marketplace,Home & Kitchen,Air Fryer,1,159.07,0.0,159.07,4.0,0
105116,2025-11-03,North America,United States,Web,Electronics,USB-C Hub,1,344.32,0.0,344.32,4.0,0
105117,2025-11-03,Europe,France,Web,Fashion,Wool Sweater,3,43.36,0.0,130.08,5.0,0
105118,2025-11-03,Asia Pacific,Australia,Web,Home & Kitchen,Air Fryer,1,183.15,0.2,146.52,4.0,0
105119,2025-11-03,North America,United States,Web,Beauty,Vitamin C Serum,4,41.89,0.1,150.8,4.0,0
105120,2025-11-03,North America,United States,Web,Beauty,Vitamin C Serum,3,43.24,0.0,129.72,5.0,0
105121,2025-11-03,North America,Canada,Retail Partner,Electronics,4K Monitor,1,161.44,0.2,129.15,,0
105122,2025-11-03,Asia Pacific,Australia,Mobile App,Fashion,Sunglasses,1,172.99,0.1,155.69,,0
105123,2025-11-03,North America,Mexico,Marketplace,Fashion,Denim Jacket,2,112.81,0.0,225.62,3.0,0
105124,2025-11-03,Europe,Spain,Mobile App,Electronics,USB-C Hub,2,339.11,0.0,678.22,5.0,0
105125,2025-11-03,North America,Canada,Web,Home & Kitchen,Air Fryer,1,170.62,0.0,170.62,,0
105126,2025-11-03,Asia Pacific,Japan,Mobile App,Fashion,Wool Sweater,3,48.99,0.0,146.97,5.0,0
105127,2025-11-03,Asia Pacific,India,Marketplace,Sports,Cycling Helmet,1,217.43,0.0,217.43,5.0,0
105128,2025-11-03,North America,Mexico,Mobile App,Electronics,4K Monitor,1,167.95,0.15,142.76,5.0,0
105129,2025-11-03,North America,Canada,Marketplace,Beauty,Skincare Kit,3,119.97,0.2,287.93,5.0,0
105130,2025-11-03,North America,United States,Mobile App,Electronics,Smartwatch,4,344.02,0.15,1169.67,5.0,0
105131,2025-11-04,Europe,France,Web,Electronics,Wireless Earbuds,4,170.21,0.0,680.84,4.0,0
105132,2025-11-04,Asia Pacific,Singapore,Web,Fashion,Leather Belt,1,122.72,0.2,98.18,5.0,0
105133,2025-11-04,Europe,Germany,Mobile App,Sports,Fitness Tracker,2,78.44,0.0,156.88,4.0,0
105134,2025-11-04,Asia Pacific,Singapore,Mobile App,Beauty,Fragrance Set,3,113.71,0.15,289.96,4.0,0
105135,2025-11-04,North America,United States,Web,Fashion,Denim Jacket,1,111.17,0.15,94.49,5.0,0
105136,2025-11-04,North America,United States,Mobile App,Electronics,Mechanical Keyboard,3,51.65,0.15,131.71,,0
105137,2025-11-04,Europe,Germany,Mobile App,Home & Kitchen,Linen Bedding,2,157.04,0.1,282.67,4.0,0
105138,2025-11-04,North America,United States,Marketplace,Electronics,Wireless Earbuds,4,172.37,0.1,620.53,4.0,1
105139,2025-11-04,Europe,Germany,Web,Electronics,USB-C Hub,1,340.9,0.0,340.9,4.0,0
105140,2025-11-04,Europe,Germany,Marketplace,Home & Kitchen,Air Fryer,3,167.95,0.1,453.46,5.0,0
105141,2025-11-04,Europe,United Kingdom,Retail Partner,Fashion,Running Shoes,1,58.72,0.2,46.98,5.0,0
105142,2025-11-04,Europe,Spain,Mobile App,Home & Kitchen,Smart Lamp,2,196.77,0.2,314.83,,1
105143,2025-11-04,Asia Pacific,Australia,Marketplace,Home & Kitchen,Chef Knife Set,3,199.91,0.0,599.73,,1
105144,2025-11-04,Europe,France,Mobile App,Fashion,Running Shoes,2,53.89,0.2,86.22,4.0,0
105145,2025-11-04,North America,United States,Mobile App,Electronics,USB-C Hub,1,349.42,0.2,279.54,,0
105146,2025-11-04,Europe,United Kingdom,Retail Partner,Fashion,Running Shoes,1,54.8,0.1,49.32,,0
105147,2025-11-04,North America,United States,Mobile App,Beauty,Skincare Kit,1,114.39,0.05,108.67,5.0,0
105148,2025-11-04,Europe,Germany,Mobile App,Electronics,USB-C Hub,1,363.51,0.0,363.51,4.0,0
105149,2025-11-04,Europe,Germany,Web,Home & Kitchen,Smart Lamp,1,212.17,0.2,169.74,,0
105150,2025-11-05,Europe,United Kingdom,Web,Fashion,Sunglasses,1,176.91,0.0,176.91,,1
105151,2025-11-05,Asia Pacific,India,Retail Partner,Electronics,Wireless Earbuds,1,194.8,0.15,165.58,4.0,0
105152,2025-11-05,North America,United States,Marketplace,Sports,Dumbbell Set,3,161.78,0.1,436.81,3.0,0
105153,2025-11-05,Europe,France,Mobile App,Fashion,Sunglasses,2,181.08,0.0,362.16,,0
105154,2025-11-05,North America,Mexico,Marketplace,Fashion,Wool Sweater,1,48.29,0.0,48.29,4.0,0
105155,2025-11-05,Europe,France,Web,Fashion,Leather Belt,1,128.38,0.15,109.12,,0
105156,2025-11-05,Europe,Germany,Marketplace,Electronics,Mechanical Keyboard,1,49.7,0.15,42.25,,0
105157,2025-11-05,North America,United States,Mobile App,Sports,Fitness Tracker,1,76.29,0.05,72.48,4.0,1
105158,2025-11-05,Asia Pacific,India,Retail Partner,Electronics,4K Monitor,2,158.17,0.05,300.52,4.0,0
105159,2025-11-05,North America,Mexico,Web,Electronics,Smartwatch,1,343.42,0.0,343.42,4.0,0
105160,2025-11-05,North America,Mexico,Mobile App,Home & Kitchen,Espresso Machine,1,80.24,0.1,72.22,,0
105161,2025-11-05,Latin America,Chile,Web,Electronics,Mechanical Keyboard,2,53.83,0.2,86.13,5.0,0
105162,2025-11-05,Asia Pacific,Australia,Web,Home & Kitchen,Air Fryer,2,169.68,0.0,339.36,5.0,0
105163,2025-11-05,Asia Pacific,Singapore,Web,Electronics,Wireless Earbuds,2,178.4,0.05,338.96,4.0,0
105164,2025-11-05,North America,Canada,Mobile App,Electronics,4K Monitor,3,148.56,0.2,356.54,5.0,0
105165,2025-11-05,Latin America,Chile,Mobile App,Fashion,Wool Sweater,2,48.22,0.0,96.44,,1
105166,2025-11-05,Europe,Germany,Mobile App,Electronics,Wireless Earbuds,4,168.77,0.0,675.08,5.0,0
105167,2025-11-05,North America,Mexico,Marketplace,Fashion,Sunglasses,4,169.53,0.1,610.31,4.0,0
105168,2025-11-05,North America,Mexico,Web,Sports,Trail Backpack,2,162.85,0.0,325.7,5.0,0
105169,2025-11-06,North America,Canada,Mobile App,Home & Kitchen,Chef Knife Set,2,185.08,0.15,314.64,5.0,0
105170,2025-11-06,Asia Pacific,Singapore,Web,Electronics,Wireless Earbuds,3,187.94,0.0,563.82,5.0,0
105171,2025-11-06,Asia Pacific,India,Mobile App,Electronics,Wireless Earbuds,3,187.29,0.15,477.59,4.0,0
105172,2025-11-06,Latin America,Brazil,Retail Partner,Home & Kitchen,Smart Lamp,2,213.81,0.0,427.62,5.0,0
105173,2025-11-06,Europe,France,Web,Sports,Yoga Mat,2,116.26,0.0,232.52,4.0,0
105174,2025-11-06,North America,United States,Web,Home & Kitchen,Chef Knife Set,3,183.49,0.1,495.42,,0
105175,2025-11-06,Asia Pacific,Japan,Mobile App,Fashion,Wool Sweater,4,47.54,0.0,190.16,,0
105176,2025-11-06,North America,Canada,Marketplace,Electronics,Mechanical Keyboard,1,47.53,0.1,42.78,4.0,0
105177,2025-11-06,North America,Canada,Retail Partner,Electronics,Smartwatch,1,396.88,0.15,337.35,3.0,0
105178,2025-11-06,Latin America,Brazil,Web,Electronics,4K Monitor,2,162.77,0.0,325.54,3.0,0
105179,2025-11-06,North America,United States,Web,Electronics,Wireless Earbuds,1,181.9,0.0,181.9,4.0,1
105180,2025-11-07,Europe,Spain,Marketplace,Home & Kitchen,Air Fryer,2,176.64,0.2,282.62,,0
105181,2025-11-07,North America,Canada,Marketplace,Fashion,Leather Belt,1,123.55,0.0,123.55,,0
105182,2025-11-07,North America,Mexico,Retail Partner,Electronics,USB-C Hub,1,347.89,0.0,347.89,,0
105183,2025-11-07,North America,Mexico,Web,Fashion,Wool Sweater,1,44.14,0.0,44.14,,0
105184,2025-11-07,Europe,Spain,Marketplace,Home & Kitchen,Chef Knife Set,1,199.14,0.0,199.14,,0
105185,2025-11-07,Latin America,Brazil,Web,Home & Kitchen,Espresso Machine,2,92.24,0.05,175.26,,0
105186,2025-11-07,North America,Mexico,Mobile App,Sports,Dumbbell Set,3,178.27,0.2,427.85,,0
105187,2025-11-07,Latin America,Chile,Marketplace,Electronics,Wireless Earbuds,4,169.91,0.2,543.71,,0
105188,2025-11-07,Europe,Germany,Mobile App,Electronics,4K Monitor,3,146.39,0.0,439.17,5.0,0
105189,2025-11-07,Latin America,Brazil,Marketplace,Sports,Trail Backpack,1,153.32,0.05,145.65,4.0,0
105190,2025-11-07,Europe,France,Mobile App,Home & Kitchen,Smart Lamp,1,183.64,0.2,146.91,4.0,0
105191,2025-11-07,Europe,Germany,Web,Electronics,USB-C Hub,1,372.74,0.0,372.74,,0
105192,2025-11-07,North America,Canada,Mobile App,Electronics,USB-C Hub,1,390.84,0.2,312.67,3.0,0
105193,2025-11-07,North America,United States,Web,Sports,Fitness Tracker,1,69.13,0.05,65.67,,0
105194,2025-11-07,Europe,United Kingdom,Mobile App,Home & Kitchen,Chef Knife Set,2,177.24,0.1,319.03,,0
105195,2025-11-07,Europe,Germany,Mobile App,Beauty,Skincare Kit,1,113.28,0.0,113.28,4.0,0
105196,2025-11-07,Latin America,Chile,Web,Fashion,Running Shoes,2,56.79,0.15,96.54,,0
105197,2025-11-07,North America,Canada,Mobile App,Fashion,Wool Sweater,2,47.02,0.15,79.93,4.0,0
105198,2025-11-07,Asia Pacific,India,Mobile App,Sports,Trail Backpack,1,153.26,0.1,137.93,4.0,0
105199,2025-11-07,Latin America,Brazil,Marketplace,Beauty,Skincare Kit,1,120.21,0.2,96.17,5.0,0
105200,2025-11-08,North America,Canada,Web,Home & Kitchen,Linen Bedding,2,166.25,0.2,266.0,4.0,0
105201,2025-11-08,North America,Canada,Web,Fashion,Wool Sweater,2,46.94,0.05,89.19,4.0,0
105202,2025-11-08,Latin America,Argentina,Mobile App,Electronics,Wireless Earbuds,2,169.12,0.0,338.24,,0
105203,2025-11-08,North America,Mexico,Web,Electronics,Smartwatch,1,355.36,0.05,337.59,5.0,0
105204,2025-11-08,Latin America,Brazil,Web,Sports,Yoga Mat,4,109.08,0.05,414.5,5.0,0
105205,2025-11-08,Latin America,Chile,Mobile App,Fashion,Denim Jacket,2,113.58,0.05,215.8,4.0,0
105206,2025-11-08,North America,Mexico,Marketplace,Electronics,4K Monitor,4,166.93,0.1,600.95,,0
105207,2025-11-08,Latin America,Argentina,Marketplace,Electronics,Mechanical Keyboard,3,54.38,0.0,163.14,5.0,0
105208,2025-11-08,Asia Pacific,Singapore,Web,Sports,Fitness Tracker,1,75.52,0.2,60.42,,0
105209,2025-11-08,North America,United States,Marketplace,Fashion,Running Shoes,3,56.03,0.05,159.69,,0
105210,2025-11-08,Europe,Germany,Marketplace,Electronics,4K Monitor,2,144.87,0.0,289.74,4.0,0
105211,2025-11-08,North America,Canada,Web,Fashion,Leather Belt,2,127.97,0.0,255.94,3.0,0
105212,2025-11-08,North America,United States,Web,Beauty,Hair Dryer,2,95.69,0.0,191.38,4.0,1
105213,2025-11-08,Latin America,Argentina,Mobile App,Home & Kitchen,Linen Bedding,1,157.39,0.0,157.39,,0
105214,2025-11-08,Latin America,Argentina,Mobile App,Electronics,4K Monitor,2,154.94,0.05,294.39,4.0,1
105215,2025-11-09,Europe,France,Mobile App,Electronics,Mechanical Keyboard,2,48.64,0.0,97.28,,0
105216,2025-11-09,Europe,United Kingdom,Web,Home & Kitchen,Smart Lamp,2,204.08,0.2,326.53,5.0,0
105217,2025-11-09,Europe,Spain,Web,Electronics,Smartwatch,1,345.62,0.0,345.62,4.0,0
105218,2025-11-09,North America,Mexico,Web,Fashion,Leather Belt,3,127.02,0.0,381.06,5.0,0
105219,2025-11-09,Asia Pacific,Singapore,Marketplace,Home & Kitchen,Espresso Machine,1,89.43,0.0,89.43,,0
105220,2025-11-09,Europe,Spain,Web,Electronics,Wireless Earbuds,2,191.77,0.05,364.36,,0
105221,2025-11-09,Europe,Spain,Web,Beauty,Fragrance Set,4,113.77,0.05,432.33,,0
105222,2025-11-09,Europe,Germany,Mobile App,Sports,Trail Backpack,4,156.06,0.1,561.82,,0
105223,2025-11-09,Europe,United Kingdom,Retail Partner,Beauty,Vitamin C Serum,1,45.84,0.2,36.67,4.0,0
105224,2025-11-09,North America,United States,Web,Electronics,Smartwatch,1,368.5,0.0,368.5,5.0,0
105225,2025-11-09,Latin America,Brazil,Web,Fashion,Denim Jacket,1,103.64,0.0,103.64,5.0,0
105226,2025-11-09,North America,United States,Marketplace,Home & Kitchen,Linen Bedding,2,153.76,0.05,292.14,5.0,0
105227,2025-11-10,Europe,France,Mobile App,Fashion,Denim Jacket,1,111.16,0.0,111.16,,0
105228,2025-11-10,Asia Pacific,Australia,Mobile App,Beauty,Lip Palette,2,105.62,0.0,211.24,5.0,0
105229,2025-11-10,Europe,France,Mobile App,Electronics,Mechanical Keyboard,3,52.38,0.0,157.14,,0
105230,2025-11-10,Asia Pacific,India,Mobile App,Fashion,Sunglasses,3,183.75,0.0,551.25,4.0,0
105231,2025-11-10,Asia Pacific,Australia,Retail Partner,Fashion,Leather Belt,4,119.09,0.0,476.36,4.0,0
105232,2025-11-10,North America,Canada,Web,Beauty,Vitamin C Serum,2,42.86,0.0,85.72,5.0,0
105233,2025-11-10,Asia Pacific,Singapore,Mobile App,Sports,Trail Backpack,2,146.52,0.05,278.39,,0
105234,2025-11-10,Europe,United Kingdom,Mobile App,Sports,Yoga Mat,1,103.55,0.2,82.84,,0
105235,2025-11-10,North America,Canada,Marketplace,Fashion,Sunglasses,3,162.62,0.1,439.07,5.0,0
105236,2025-11-10,North America,Canada,Web,Fashion,Sunglasses,1,178.58,0.0,178.58,5.0,0
105237,2025-11-10,Europe,United Kingdom,Web,Electronics,USB-C Hub,4,378.86,0.1,1363.9,4.0,0
105238,2025-11-10,Europe,France,Marketplace,Sports,Cycling Helmet,4,226.31,0.0,905.24,5.0,0
105239,2025-11-10,Europe,Spain,Mobile App,Sports,Trail Backpack,4,158.11,0.1,569.2,,0
105240,2025-11-10,North America,Canada,Mobile App,Home & Kitchen,Chef Knife Set,3,199.34,0.2,478.42,4.0,0
105241,2025-11-10,Asia Pacific,India,Marketplace,Fashion,Running Shoes,2,55.75,0.15,94.77,5.0,0
105242,2025-11-10,Europe,Germany,Web,Beauty,Fragrance Set,1,109.42,0.0,109.42,,0
105243,2025-11-10,Asia Pacific,India,Mobile App,Home & Kitchen,Espresso Machine,4,89.99,0.0,359.96,5.0,1
105244,2025-11-10,Asia Pacific,Singapore,Marketplace,Fashion,Denim Jacket,3,98.23,0.2,235.75,,0
105245,2025-11-10,North America,United States,Web,Electronics,Mechanical Keyboard,1,50.94,0.2,40.75,,0
105246,2025-11-10,North America,Canada,Marketplace,Electronics,Mechanical Keyboard,2,48.39,0.0,96.78,5.0,0
105247,2025-11-11,North America,Mexico,Web,Sports,Fitness Tracker,3,77.16,0.1,208.33,5.0,0
105248,2025-11-11,North America,Canada,Web,Beauty,Lip Palette,4,106.44,0.0,425.76,4.0,0
105249,2025-11-11,Asia Pacific,India,Web,Fashion,Running Shoes,2,56.98,0.1,102.56,,0
105250,2025-11-11,Latin America,Brazil,Mobile App,Home & Kitchen,Espresso Machine,3,90.49,0.0,271.47,5.0,0
105251,2025-11-11,North America,Canada,Web,Home & Kitchen,Chef Knife Set,2,185.87,0.0,371.74,5.0,0
105252,2025-11-11,Europe,United Kingdom,Web,Home & Kitchen,Espresso Machine,2,87.08,0.1,156.74,4.0,0
105253,2025-11-11,Europe,Spain,Web,Home & Kitchen,Smart Lamp,2,212.15,0.0,424.3,,0
105254,2025-11-12,North America,Mexico,Web,Fashion,Wool Sweater,4,45.04,0.0,180.16,,0
105255,2025-11-12,Latin America,Argentina,Web,Electronics,Mechanical Keyboard,3,50.44,0.0,151.32,,0
105256,2025-11-12,North America,Canada,Marketplace,Sports,Fitness Tracker,3,73.37,0.05,209.1,3.0,0
105257,2025-11-12,North America,United States,Web,Electronics,USB-C Hub,3,380.81,0.05,1085.31,3.0,0
105258,2025-11-12,Latin America,Argentina,Mobile App,Electronics,Mechanical Keyboard,2,49.46,0.05,93.97,,0
105259,2025-11-12,Europe,Germany,Web,Home & Kitchen,Air Fryer,2,183.52,0.0,367.04,,0
105260,2025-11-12,Latin America,Argentina,Retail Partner,Sports,Dumbbell Set,2,167.37,0.2,267.79,5.0,0
105261,2025-11-12,North America,Mexico,Web,Fashion,Running Shoes,2,53.03,0.15,90.15,5.0,0
105262,2025-11-12,Asia Pacific,Australia,Web,Electronics,Smartwatch,1,394.21,0.05,374.5,,0
105263,2025-11-12,North America,Canada,Marketplace,Home & Kitchen,Air Fryer,1,170.92,0.0,170.92,,0
105264,2025-11-12,Asia Pacific,Japan,Marketplace,Electronics,USB-C Hub,2,381.91,0.15,649.25,,0
105265,2025-11-12,Europe,Germany,Web,Electronics,Mechanical Keyboard,1,47.06,0.2,37.65,3.0,0
105266,2025-11-13,North America,United States,Mobile App,Home & Kitchen,Air Fryer,1,182.23,0.05,173.12,4.0,1
105267,2025-11-13,Europe,United Kingdom,Marketplace,Electronics,USB-C Hub,4,357.84,0.1,1288.22,,0
105268,2025-11-13,North America,United States,Marketplace,Beauty,Hair Dryer,4,101.88,0.0,407.52,,1
105269,2025-11-13,Europe,United Kingdom,Mobile App,Sports,Yoga Mat,3,106.32,0.1,287.06,3.0,0
105270,2025-11-13,North America,United States,Web,Electronics,4K Monitor,2,154.95,0.15,263.41,5.0,0
105271,2025-11-13,Latin America,Chile,Mobile App,Sports,Fitness Tracker,4,73.5,0.1,264.6,,0
105272,2025-11-13,North America,Canada,Marketplace,Home & Kitchen,Chef Knife Set,4,186.83,0.0,747.32,3.0,0
105273,2025-11-13,Asia Pacific,Australia,Retail Partner,Home & Kitchen,Air Fryer,3,183.75,0.0,551.25,3.0,0
105274,2025-11-13,Asia Pacific,Singapore,Retail Partner,Beauty,Hair Dryer,1,92.96,0.0,92.96,4.0,0
105275,2025-11-13,Europe,Germany,Web,Beauty,Vitamin C Serum,1,42.16,0.2,33.73,,0
105276,2025-11-13,Latin America,Argentina,Web,Home & Kitchen,Linen Bedding,1,157.93,0.0,157.93,4.0,0
105277,2025-11-13,Europe,France,Web,Fashion,Leather Belt,1,128.4,0.2,102.72,4.0,0
105278,2025-11-13,Asia Pacific,Australia,Web,Home & Kitchen,Air Fryer,3,166.26,0.15,423.96,,1
105279,2025-11-13,Europe,Germany,Web,Electronics,USB-C Hub,3,346.37,0.05,987.15,,1
105280,2025-11-13,North America,Canada,Web,Fashion,Wool Sweater,4,44.49,0.2,142.37,5.0,1
105281,2025-11-13,North America,Mexico,Web,Fashion,Running Shoes,1,56.98,0.0,56.98,5.0,0
105282,2025-11-13,North America,United States,Mobile App,Sports,Dumbbell Set,1,176.94,0.2,141.55,4.0,0
105283,2025-11-13,Asia Pacific,India,Web,Fashion,Denim Jacket,2,101.78,0.05,193.38,5.0,0
105284,2025-11-13,Asia Pacific,Singapore,Web,Home & Kitchen,Chef Knife Set,1,179.38,0.2,143.5,,0
105285,2025-11-13,North America,United States,Marketplace,Sports,Cycling Helmet,3,231.22,0.0,693.66,4.0,0
105286,2025-11-13,North America,Canada,Marketplace,Home & Kitchen,Linen Bedding,2,169.41,0.0,338.82,5.0,0
105287,2025-11-13,Europe,France,Web,Electronics,4K Monitor,2,155.0,0.15,263.5,5.0,0
105288,2025-11-13,Asia Pacific,Singapore,Marketplace,Home & Kitchen,Chef Knife Set,2,182.71,0.2,292.34,5.0,0
105289,2025-11-13,North America,United States,Marketplace,Sports,Dumbbell Set,1,179.3,0.05,170.34,4.0,0
105290,2025-11-13,North America,Mexico,Retail Partner,Electronics,4K Monitor,1,167.65,0.05,159.27,3.0,0
105291,2025-11-14,North America,United States,Web,Home & Kitchen,Air Fryer,1,158.55,0.05,150.62,4.0,0
105292,2025-11-14,Europe,Germany,Marketplace,Sports,Cycling Helmet,1,201.04,0.0,201.04,,0
105293,2025-11-14,North America,United States,Web,Electronics,USB-C Hub,1,341.54,0.0,341.54,3.0,0
105294,2025-11-14,North America,Mexico,Web,Home & Kitchen,Espresso Machine,2,83.54,0.2,133.66,,0
105295,2025-11-14,Europe,France,Web,Electronics,Wireless Earbuds,2,188.14,0.15,319.84,,0
105296,2025-11-14,North America,Mexico,Web,Home & Kitchen,Linen Bedding,1,162.98,0.2,130.38,3.0,0
105297,2025-11-14,Asia Pacific,India,Marketplace,Fashion,Denim Jacket,2,106.74,0.0,213.48,,0
105298,2025-11-14,North America,Mexico,Mobile App,Fashion,Wool Sweater,1,44.16,0.2,35.33,4.0,0
105299,2025-11-14,Asia Pacific,India,Web,Home & Kitchen,Chef Knife Set,2,200.39,0.0,400.78,5.0,0
105300,2025-11-14,Latin America,Argentina,Mobile App,Fashion,Leather Belt,4,124.64,0.0,498.56,3.0,0
105301,2025-11-14,Latin America,Argentina,Web,Sports,Trail Backpack,1,150.9,0.1,135.81,4.0,0
105302,2025-11-14,Asia Pacific,Japan,Retail Partner,Electronics,Mechanical Keyboard,3,51.73,0.2,124.15,,0
105303,2025-11-14,Asia Pacific,Australia,Marketplace,Home & Kitchen,Air Fryer,4,182.39,0.0,729.56,4.0,0
105304,2025-11-14,North America,Mexico,Web,Sports,Fitness Tracker,1,74.27,0.05,70.56,,0
105305,2025-11-14,North America,United States,Marketplace,Fashion,Denim Jacket,2,104.79,0.0,209.58,,0
105306,2025-11-14,North America,Mexico,Mobile App,Electronics,Mechanical Keyboard,1,48.27,0.2,38.62,,0
105307,2025-11-14,North America,Mexico,Mobile App,Home & Kitchen,Air Fryer,2,158.88,0.0,317.76,4.0,0
105308,2025-11-14,North America,Canada,Retail Partner,Home & Kitchen,Chef Knife Set,2,183.76,0.0,367.52,,0
105309,2025-11-14,North America,United States,Web,Electronics,USB-C Hub,4,368.92,0.15,1254.33,5.0,0
105310,2025-11-14,North America,Mexico,Mobile App,Fashion,Running Shoes,3,51.96,0.1,140.29,4.0,0
105311,2025-11-15,Europe,United Kingdom,Marketplace,Electronics,Smartwatch,1,385.84,0.15,327.96,4.0,0
105312,2025-11-15,North America,United States,Web,Sports,Fitness Tracker,3,77.79,0.1,210.03,3.0,0
105313,2025-11-15,North America,Mexico,Web,Home & Kitchen,Linen Bedding,2,150.82,0.0,301.64,,0
105314,2025-11-15,North America,Canada,Web,Home & Kitchen,Linen Bedding,2,162.09,0.1,291.76,5.0,0
105315,2025-11-15,Europe,France,Mobile App,Electronics,4K Monitor,3,159.83,0.05,455.52,4.0,0
105316,2025-11-15,North America,Mexico,Mobile App,Electronics,Smartwatch,1,393.03,0.0,393.03,5.0,0
105317,2025-11-15,Asia Pacific,India,Marketplace,Home & Kitchen,Chef Knife Set,2,196.82,0.2,314.91,5.0,0
105318,2025-11-15,Europe,France,Web,Fashion,Denim Jacket,4,101.06,0.0,404.24,4.0,0
105319,2025-11-15,Asia Pacific,Australia,Mobile App,Beauty,Fragrance Set,3,103.42,0.0,310.26,4.0,0
105320,2025-11-15,Asia Pacific,Singapore,Web,Fashion,Sunglasses,3,179.83,0.0,539.49,5.0,0
105321,2025-11-15,North America,Mexico,Web,Home & Kitchen,Espresso Machine,4,85.47,0.1,307.69,,0
105322,2025-11-15,Europe,Germany,Mobile App,Beauty,Hair Dryer,1,98.85,0.0,98.85,,0
105323,2025-11-15,North America,United States,Marketplace,Beauty,Hair Dryer,3,94.06,0.2,225.74,5.0,0
105324,2025-11-15,Europe,France,Web,Fashion,Leather Belt,1,122.82,0.0,122.82,4.0,0
105325,2025-11-15,Europe,United Kingdom,Marketplace,Electronics,Wireless Earbuds,2,185.89,0.0,371.78,4.0,0
105326,2025-11-16,Asia Pacific,Singapore,Web,Home & Kitchen,Air Fryer,4,164.19,0.0,656.76,,0
105327,2025-11-16,Asia Pacific,Singapore,Web,Sports,Cycling Helmet,1,213.8,0.0,213.8,5.0,0
105328,2025-11-16,North America,Mexico,Mobile App,Fashion,Leather Belt,2,118.66,0.1,213.59,5.0,0
105329,2025-11-16,North America,Mexico,Web,Fashion,Wool Sweater,1,46.72,0.0,46.72,3.0,0
105330,2025-11-16,Asia Pacific,Singapore,Web,Sports,Fitness Tracker,4,76.19,0.0,304.76,4.0,0
105331,2025-11-16,North America,Canada,Marketplace,Sports,Dumbbell Set,3,181.14,0.0,543.42,5.0,0
105332,2025-11-16,Asia Pacific,Australia,Retail Partner,Beauty,Vitamin C Serum,4,44.67,0.05,169.75,5.0,0
105333,2025-11-16,North America,Canada,Marketplace,Electronics,Smartwatch,2,358.95,0.0,717.9,,0
105334,2025-11-16,North America,Canada,Retail Partner,Electronics,Wireless Earbuds,4,176.19,0.0,704.76,,0
105335,2025-11-16,North America,Canada,Web,Beauty,Fragrance Set,1,107.7,0.1,96.93,5.0,0
105336,2025-11-16,Asia Pacific,Singapore,Web,Fashion,Running Shoes,1,55.26,0.1,49.73,4.0,0
105337,2025-11-16,Europe,Germany,Web,Home & Kitchen,Smart Lamp,2,196.76,0.0,393.52,,0
105338,2025-11-16,North America,United States,Mobile App,Beauty,Fragrance Set,2,106.53,0.15,181.1,4.0,0
105339,2025-11-16,North America,Mexico,Web,Electronics,Mechanical Keyboard,1,49.13,0.1,44.22,,0
105340,2025-11-17,North America,United States,Mobile App,Fashion,Leather Belt,1,133.16,0.0,133.16,3.0,0
105341,2025-11-17,Latin America,Chile,Marketplace,Beauty,Skincare Kit,2,113.73,0.15,193.34,,0
105342,2025-11-17,North America,United States,Mobile App,Fashion,Running Shoes,1,52.63,0.2,42.1,3.0,0
105343,2025-11-17,Asia Pacific,Singapore,Marketplace,Electronics,Wireless Earbuds,2,172.55,0.0,345.1,4.0,0
105344,2025-11-17,North America,Mexico,Web,Home & Kitchen,Espresso Machine,2,80.55,0.05,153.04,5.0,0
105345,2025-11-17,North America,United States,Web,Electronics,USB-C Hub,2,355.8,0.0,711.6,3.0,0
105346,2025-11-17,North America,Canada,Web,Electronics,Mechanical Keyboard,1,53.77,0.05,51.08,,0
105347,2025-11-17,Asia Pacific,Singapore,Web,Beauty,Vitamin C Serum,1,43.48,0.2,34.78,,0
105348,2025-11-17,Asia Pacific,India,Web,Electronics,Wireless Earbuds,3,174.71,0.05,497.92,,0
105349,2025-11-17,Asia Pacific,Singapore,Retail Partner,Fashion,Sunglasses,4,167.63,0.2,536.42,,0
105350,2025-11-17,North America,United States,Web,Electronics,Smartwatch,2,373.92,0.0,747.84,4.0,0
105351,2025-11-17,Latin America,Chile,Mobile App,Fashion,Running Shoes,4,58.85,0.0,235.4,3.0,0
105352,2025-11-17,Asia Pacific,Australia,Web,Sports,Fitness Tracker,2,71.96,0.0,143.92,,0
105353,2025-11-17,Europe,United Kingdom,Web,Fashion,Running Shoes,2,54.92,0.05,104.35,3.0,0
105354,2025-11-17,North America,Mexico,Web,Sports,Trail Backpack,1,156.54,0.15,133.06,5.0,0
105355,2025-11-17,Europe,Spain,Marketplace,Sports,Fitness Tracker,3,67.97,0.2,163.13,3.0,0
105356,2025-11-18,Asia Pacific,Japan,Retail Partner,Home & Kitchen,Espresso Machine,1,91.27,0.05,86.71,4.0,0
105357,2025-11-18,Europe,Germany,Marketplace,Beauty,Fragrance Set,4,109.81,0.2,351.39,4.0,0
105358,2025-11-18,North America,Mexico,Web,Beauty,Vitamin C Serum,3,45.25,0.0,135.75,5.0,0
105359,2025-11-18,Europe,Germany,Mobile App,Home & Kitchen,Linen Bedding,4,156.15,0.0,624.6,,0
105360,2025-11-18,Europe,Spain,Web,Sports,Fitness Tracker,1,77.84,0.05,73.95,4.0,0
105361,2025-11-18,Europe,Germany,Web,Sports,Trail Backpack,2,153.31,0.0,306.62,5.0,0
105362,2025-11-18,North America,United States,Web,Fashion,Running Shoes,2,52.51,0.2,84.02,5.0,0
105363,2025-11-18,Asia Pacific,Australia,Marketplace,Fashion,Running Shoes,1,57.59,0.0,57.59,,0
105364,2025-11-18,Europe,France,Mobile App,Fashion,Denim Jacket,2,104.7,0.0,209.4,4.0,0
105365,2025-11-18,North America,United States,Web,Home & Kitchen,Air Fryer,2,179.03,0.0,358.06,,0
105366,2025-11-18,North America,Canada,Mobile App,Fashion,Sunglasses,2,171.56,0.1,308.81,5.0,0
105367,2025-11-18,Asia Pacific,India,Mobile App,Home & Kitchen,Air Fryer,4,171.06,0.0,684.24,4.0,1
105368,2025-11-18,North America,Canada,Mobile App,Fashion,Running Shoes,1,59.83,0.05,56.84,,0
105369,2025-11-18,North America,Mexico,Mobile App,Fashion,Running Shoes,2,56.63,0.05,107.6,5.0,0
105370,2025-11-19,North America,Canada,Mobile App,Sports,Fitness Tracker,4,76.42,0.05,290.4,5.0,0
105371,2025-11-19,North America,Canada,Web,Electronics,Wireless Earbuds,2,180.04,0.2,288.06,4.0,0
105372,2025-11-19,Europe,Spain,Mobile App,Fashion,Leather Belt,1,134.28,0.05,127.57,5.0,0
105373,2025-11-19,North America,Canada,Web,Sports,Dumbbell Set,1,163.06,0.15,138.6,3.0,0
105374,2025-11-19,Europe,France,Marketplace,Sports,Fitness Tracker,2,76.15,0.0,152.3,4.0,1
105375,2025-11-19,North America,Canada,Marketplace,Home & Kitchen,Linen Bedding,2,154.17,0.0,308.34,5.0,0
105376,2025-11-19,North America,Mexico,Mobile App,Beauty,Hair Dryer,1,101.84,0.2,81.47,,0
105377,2025-11-19,Europe,France,Mobile App,Beauty,Lip Palette,1,103.55,0.15,88.02,,0
105378,2025-11-19,Europe,United Kingdom,Retail Partner,Fashion,Sunglasses,3,169.63,0.1,458.0,5.0,0
105379,2025-11-19,Europe,Spain,Web,Electronics,Mechanical Keyboard,2,51.54,0.0,103.08,5.0,0
105380,2025-11-19,North America,United States,Retail Partner,Home & Kitchen,Chef Knife Set,1,190.27,0.0,190.27,3.0,0
105381,2025-11-20,Latin America,Brazil,Mobile App,Electronics,Wireless Earbuds,3,173.21,0.0,519.63,4.0,0
105382,2025-11-20,North America,Canada,Mobile App,Fashion,Leather Belt,3,119.76,0.0,359.28,4.0,0
105383,2025-11-20,Asia Pacific,Japan,Marketplace,Home & Kitchen,Air Fryer,3,159.56,0.15,406.88,5.0,0
105384,2025-11-20,Europe,United Kingdom,Marketplace,Fashion,Leather Belt,2,121.15,0.0,242.3,,0
105385,2025-11-20,Europe,United Kingdom,Web,Home & Kitchen,Smart Lamp,3,191.21,0.0,573.63,,0
105386,2025-11-20,Europe,Spain,Mobile App,Beauty,Skincare Kit,4,110.97,0.2,355.1,4.0,0
105387,2025-11-20,North America,Canada,Web,Home & Kitchen,Linen Bedding,1,169.15,0.05,160.69,,0
105388,2025-11-20,Asia Pacific,Japan,Retail Partner,Beauty,Hair Dryer,4,93.29,0.0,373.16,4.0,0
105389,2025-11-20,North America,Canada,Marketplace,Electronics,Mechanical Keyboard,1,54.21,0.1,48.79,4.0,0
105390,2025-11-20,North America,United States,Retail Partner,Electronics,USB-C Hub,4,347.8,0.0,1391.2,5.0,0
105391,2025-11-20,Asia Pacific,Japan,Marketplace,Electronics,Mechanical Keyboard,2,53.15,0.15,90.35,,0
105392,2025-11-20,North America,Canada,Marketplace,Fashion,Wool Sweater,4,42.77,0.2,136.86,3.0,0
105393,2025-11-20,North America,United States,Mobile App,Electronics,Mechanical Keyboard,4,49.43,0.05,187.83,3.0,1
105394,2025-11-20,North America,Canada,Mobile App,Fashion,Wool Sweater,2,43.49,0.15,73.93,,0
105395,2025-11-21,Asia Pacific,Australia,Web,Beauty,Fragrance Set,1,116.22,0.0,116.22,3.0,0
105396,2025-11-21,Latin America,Brazil,Web,Fashion,Leather Belt,2,121.9,0.0,243.8,5.0,0
105397,2025-11-21,Asia Pacific,Japan,Web,Electronics,USB-C Hub,3,376.52,0.1,1016.6,4.0,0
105398,2025-11-21,North America,United States,Web,Fashion,Wool Sweater,1,45.79,0.2,36.63,,0
105399,2025-11-21,Latin America,Chile,Web,Electronics,Mechanical Keyboard,2,47.68,0.05,90.59,,0
105400,2025-11-21,Latin America,Brazil,Mobile App,Home & Kitchen,Air Fryer,2,162.04,0.2,259.26,5.0,0
105401,2025-11-21,Asia Pacific,India,Web,Electronics,Wireless Earbuds,1,166.95,0.1,150.25,,0
105402,2025-11-21,Asia Pacific,Singapore,Mobile App,Home & Kitchen,Chef Knife Set,2,200.4,0.0,400.8,5.0,0
105403,2025-11-21,Europe,France,Marketplace,Fashion,Sunglasses,1,177.81,0.15,151.14,,0
105404,2025-11-21,Europe,Spain,Web,Home & Kitchen,Espresso Machine,1,83.24,0.0,83.24,5.0,0
105405,2025-11-21,North America,United States,Web,Sports,Cycling Helmet,1,211.29,0.0,211.29,5.0,0
105406,2025-11-21,North America,Canada,Marketplace,Sports,Dumbbell Set,3,181.41,0.15,462.6,,0
105407,2025-11-21,Europe,Spain,Mobile App,Fashion,Wool Sweater,1,49.18,0.15,41.8,5.0,0
105408,2025-11-21,Europe,France,Marketplace,Beauty,Vitamin C Serum,2,48.4,0.0,96.8,,0
105409,2025-11-21,North America,Mexico,Mobile App,Sports,Trail Backpack,2,162.58,0.15,276.39,5.0,0
105410,2025-11-21,North America,Canada,Web,Home & Kitchen,Chef Knife Set,3,188.46,0.0,565.38,5.0,0
105411,2025-11-21,Asia Pacific,Singapore,Retail Partner,Beauty,Lip Palette,4,106.85,0.0,427.4,5.0,0
105412,2025-11-22,North America,United States,Retail Partner,Electronics,Mechanical Keyboard,2,48.05,0.15,81.68,4.0,0
105413,2025-11-22,Asia Pacific,Australia,Web,Sports,Trail Backpack,1,166.15,0.15,141.23,4.0,0
105414,2025-11-22,Latin America,Argentina,Mobile App,Electronics,Mechanical Keyboard,2,53.88,0.0,107.76,,0
105415,2025-11-22,Europe,United Kingdom,Mobile App,Electronics,Wireless Earbuds,2,175.64,0.1,316.15,,0
105416,2025-11-22,Europe,Spain,Web,Fashion,Sunglasses,2,164.63,0.15,279.87,4.0,0
105417,2025-11-22,North America,Canada,Mobile App,Fashion,Leather Belt,2,124.05,0.15,210.88,,0
105418,2025-11-22,North America,United States,Retail Partner,Fashion,Leather Belt,4,119.31,0.1,429.52,,0
105419,2025-11-22,North America,Canada,Web,Electronics,USB-C Hub,1,382.07,0.2,305.66,5.0,0
105420,2025-11-22,Asia Pacific,India,Web,Beauty,Skincare Kit,2,115.56,0.2,184.9,5.0,0
105421,2025-11-23,North America,Mexico,Marketplace,Fashion,Sunglasses,1,188.77,0.1,169.89,,0
105422,2025-11-23,Latin America,Chile,Mobile App,Electronics,Mechanical Keyboard,3,54.66,0.05,155.78,,0
105423,2025-11-23,Latin America,Argentina,Retail Partner,Sports,Yoga Mat,1,105.59,0.2,84.47,3.0,0
105424,2025-11-23,North America,United States,Web,Home & Kitchen,Air Fryer,2,181.6,0.1,326.88,5.0,0
105425,2025-11-23,North America,Canada,Marketplace,Home & Kitchen,Linen Bedding,2,165.0,0.15,280.5,,0
105426,2025-11-23,Europe,France,Mobile App,Electronics,Wireless Earbuds,2,177.26,0.15,301.34,3.0,0
105427,2025-11-23,Europe,Germany,Mobile App,Sports,Fitness Tracker,1,72.91,0.0,72.91,5.0,0
105428,2025-11-23,North America,United States,Mobile App,Sports,Dumbbell Set,2,181.83,0.0,363.66,,0
105429,2025-11-23,Latin America,Chile,Web,Home & Kitchen,Chef Knife Set,2,199.13,0.0,398.26,,0
105430,2025-11-24,North America,Canada,Marketplace,Sports,Fitness Tracker,1,73.61,0.1,66.25,4.0,0
105431,2025-11-24,Asia Pacific,Japan,Mobile App,Home & Kitchen,Linen Bedding,2,154.95,0.15,263.41,,0
105432,2025-11-24,North America,Canada,Web,Electronics,Smartwatch,4,390.64,0.0,1562.56,4.0,0
105433,2025-11-24,Latin America,Argentina,Web,Sports,Yoga Mat,4,104.13,0.0,416.52,5.0,0
105434,2025-11-24,Europe,Spain,Mobile App,Electronics,Smartwatch,1,393.79,0.0,393.79,5.0,0
105435,2025-11-24,North America,United States,Web,Fashion,Running Shoes,3,55.68,0.0,167.04,4.0,0
105436,2025-11-24,North America,Mexico,Marketplace,Fashion,Running Shoes,1,51.38,0.2,41.1,3.0,0
105437,2025-11-24,North America,Canada,Mobile App,Electronics,4K Monitor,1,151.0,0.05,143.45,,0
105438,2025-11-24,Latin America,Brazil,Mobile App,Beauty,Fragrance Set,1,102.33,0.0,102.33,3.0,0
105439,2025-11-24,North America,Mexico,Marketplace,Fashion,Running Shoes,4,52.86,0.0,211.44,4.0,0
105440,2025-11-24,Europe,France,Marketplace,Home & Kitchen,Chef Knife Set,1,188.52,0.15,160.24,,0
105441,2025-11-24,North America,United States,Web,Beauty,Hair Dryer,1,103.5,0.0,103.5,,0
105442,2025-11-24,Asia Pacific,Singapore,Web,Home & Kitchen,Espresso Machine,3,83.72,0.1,226.04,5.0,0
105443,2025-11-24,North America,Canada,Marketplace,Home & Kitchen,Air Fryer,1,168.6,0.0,168.6,5.0,0
105444,2025-11-24,Latin America,Chile,Mobile App,Fashion,Wool Sweater,3,45.83,0.0,137.49,5.0,0
105445,2025-11-25,North America,Canada,Mobile App,Sports,Yoga Mat,4,113.74,0.2,363.97,,0
105446,2025-11-25,North America,Mexico,Web,Sports,Fitness Tracker,1,67.53,0.0,67.53,5.0,0
105447,2025-11-25,Europe,Germany,Web,Sports,Cycling Helmet,3,216.02,0.2,518.45,5.0,0
105448,2025-11-25,North America,Canada,Mobile App,Electronics,Mechanical Keyboard,1,50.41,0.15,42.85,,1
105449,2025-11-25,Europe,Spain,Web,Home & Kitchen,Espresso Machine,2,79.25,0.0,158.5,,0
105450,2025-11-25,Asia Pacific,Australia,Web,Electronics,4K Monitor,1,147.2,0.0,147.2,,0
105451,2025-11-25,North America,United States,Mobile App,Beauty,Fragrance Set,2,102.93,0.0,205.86,,0
105452,2025-11-25,Latin America,Chile,Web,Beauty,Skincare Kit,1,116.36,0.15,98.91,,0
105453,2025-11-25,Europe,United Kingdom,Web,Sports,Dumbbell Set,2,185.4,0.05,352.26,4.0,0
105454,2025-11-25,North America,Canada,Web,Fashion,Denim Jacket,1,112.48,0.0,112.48,5.0,0
105455,2025-11-25,North America,United States,Mobile App,Sports,Cycling Helmet,1,214.38,0.1,192.94,4.0,0
105456,2025-11-25,North America,United States,Web,Fashion,Sunglasses,4,183.45,0.0,733.8,5.0,0
105457,2025-11-25,Europe,Germany,Mobile App,Electronics,Smartwatch,4,397.37,0.1,1430.53,3.0,0
105458,2025-11-26,North America,Canada,Mobile App,Home & Kitchen,Chef Knife Set,1,179.72,0.1,161.75,5.0,0
105459,2025-11-26,Asia Pacific,Japan,Web,Fashion,Sunglasses,1,167.24,0.15,142.15,4.0,1
105460,2025-11-26,Europe,United Kingdom,Marketplace,Home & Kitchen,Linen Bedding,3,151.41,0.0,454.23,,0
105461,2025-11-26,North America,United States,Web,Electronics,Smartwatch,4,366.74,0.0,1466.96,,0
105462,2025-11-26,North America,United States,Web,Sports,Dumbbell Set,2,166.15,0.1,299.07,,0
105463,2025-11-26,North America,Canada,Mobile App,Fashion,Running Shoes,3,57.01,0.0,171.03,5.0,0
105464,2025-11-26,North America,Canada,Mobile App,Electronics,Wireless Earbuds,4,191.91,0.0,767.64,5.0,0
105465,2025-11-26,Latin America,Argentina,Web,Electronics,4K Monitor,1,161.65,0.05,153.57,,0
105466,2025-11-26,North America,Canada,Web,Fashion,Sunglasses,4,185.55,0.05,705.09,4.0,0
105467,2025-11-26,Latin America,Argentina,Web,Home & Kitchen,Linen Bedding,2,150.29,0.05,285.55,,0
105468,2025-11-26,North America,United States,Web,Fashion,Sunglasses,2,172.36,0.2,275.78,4.0,0
105469,2025-11-26,Europe,Spain,Mobile App,Home & Kitchen,Espresso Machine,1,92.23,0.15,78.4,,0
105470,2025-11-26,Latin America,Brazil,Mobile App,Home & Kitchen,Linen Bedding,2,168.94,0.05,320.99,3.0,0
105471,2025-11-26,North America,United States,Web,Sports,Trail Backpack,1,157.47,0.1,141.72,5.0,0
105472,2025-11-26,North America,United States,Retail Partner,Electronics,USB-C Hub,2,365.41,0.1,657.74,5.0,0
105473,2025-11-26,North America,Mexico,Web,Sports,Cycling Helmet,1,230.81,0.0,230.81,5.0,0
105474,2025-11-27,Europe,Germany,Web,Sports,Dumbbell Set,2,185.14,0.1,333.25,,0
105475,2025-11-27,North America,Mexico,Mobile App,Fashion,Denim Jacket,3,98.84,0.0,296.52,4.0,0
105476,2025-11-27,North America,Mexico,Web,Electronics,4K Monitor,4,150.79,0.15,512.69,4.0,0
105477,2025-11-27,North America,United States,Mobile App,Fashion,Leather Belt,1,125.93,0.0,125.93,5.0,0
105478,2025-11-27,North America,Canada,Web,Fashion,Running Shoes,4,55.6,0.0,222.4,,0
105479,2025-11-27,North America,Canada,Retail Partner,Sports,Dumbbell Set,4,165.1,0.05,627.38,5.0,0
105480,2025-11-27,North America,United States,Mobile App,Home & Kitchen,Espresso Machine,3,86.51,0.05,246.55,,0
105481,2025-11-27,Europe,Spain,Web,Home & Kitchen,Air Fryer,1,158.27,0.0,158.27,5.0,0
105482,2025-11-27,North America,United States,Web,Electronics,4K Monitor,2,165.13,0.1,297.23,,0
105483,2025-11-27,Latin America,Brazil,Retail Partner,Home & Kitchen,Linen Bedding,1,154.36,0.2,123.49,,0
105484,2025-11-27,Europe,Germany,Marketplace,Sports,Fitness Tracker,3,69.71,0.15,177.76,5.0,0
105485,2025-11-27,Europe,Germany,Marketplace,Fashion,Leather Belt,4,129.85,0.05,493.43,4.0,0
105486,2025-11-28,North America,Mexico,Retail Partner,Electronics,Mechanical Keyboard,2,52.32,0.1,94.18,5.0,0
105487,2025-11-28,Europe,France,Marketplace,Home & Kitchen,Smart Lamp,4,211.48,0.1,761.33,,0
105488,2025-11-28,Europe,France,Marketplace,Fashion,Wool Sweater,2,49.02,0.0,98.04,,0
105489,2025-11-28,Latin America,Chile,Web,Sports,Yoga Mat,2,114.37,0.05,217.3,4.0,0
105490,2025-11-28,North America,United States,Mobile App,Home & Kitchen,Linen Bedding,1,149.26,0.05,141.8,,0
105491,2025-11-28,Asia Pacific,Singapore,Web,Home & Kitchen,Linen Bedding,4,157.75,0.0,631.0,,0
105492,2025-11-28,North America,United States,Mobile App,Fashion,Leather Belt,3,123.37,0.05,351.6,5.0,0
105493,2025-11-28,North America,Mexico,Mobile App,Electronics,USB-C Hub,1,341.12,0.05,324.06,4.0,0
105494,2025-11-28,North America,Mexico,Web,Electronics,USB-C Hub,3,342.89,0.0,1028.67,4.0,0
105495,2025-11-28,North America,Canada,Marketplace,Sports,Cycling Helmet,2,223.46,0.2,357.54,4.0,0
105496,2025-11-28,Asia Pacific,India,Web,Fashion,Wool Sweater,4,45.11,0.05,171.42,5.0,0
105497,2025-11-28,Europe,Germany,Web,Electronics,Wireless Earbuds,2,168.93,0.0,337.86,5.0,0
105498,2025-11-28,Latin America,Chile,Web,Home & Kitchen,Espresso Machine,2,86.8,0.0,173.6,,0
105499,2025-11-28,Europe,United Kingdom,Marketplace,Electronics,USB-C Hub,4,362.31,0.2,1159.39,4.0,0
105500,2025-11-29,North America,Canada,Mobile App,Electronics,USB-C Hub,2,336.84,0.05,640.0,5.0,0
105501,2025-11-29,Asia Pacific,Japan,Marketplace,Sports,Fitness Tracker,2,74.86,0.05,142.23,4.0,0
105502,2025-11-29,Latin America,Brazil,Mobile App,Sports,Trail Backpack,1,167.2,0.2,133.76,5.0,0
105503,2025-11-29,Asia Pacific,Australia,Mobile App,Sports,Trail Backpack,2,148.41,0.0,296.82,4.0,0
105504,2025-11-29,North America,Canada,Web,Beauty,Fragrance Set,1,111.86,0.0,111.86,,0
105505,2025-11-29,North America,Mexico,Marketplace,Home & Kitchen,Chef Knife Set,2,194.72,0.2,311.55,,0
105506,2025-11-29,Europe,Germany,Mobile App,Home & Kitchen,Chef Knife Set,4,183.34,0.0,733.36,4.0,0
105507,2025-11-29,Europe,United Kingdom,Web,Electronics,Mechanical Keyboard,2,50.77,0.0,101.54,5.0,0
105508,2025-11-29,Europe,France,Mobile App,Home & Kitchen,Linen Bedding,1,161.09,0.15,136.93,4.0,0
105509,2025-11-29,Latin America,Brazil,Web,Sports,Fitness Tracker,4,71.72,0.2,229.5,4.0,0
105510,2025-11-29,North America,Canada,Mobile App,Fashion,Denim Jacket,1,105.34,0.15,89.54,3.0,0
105511,2025-11-29,North America,Canada,Marketplace,Home & Kitchen,Smart Lamp,2,191.59,0.15,325.7,,0
105512,2025-11-29,North America,Canada,Web,Fashion,Running Shoes,3,57.27,0.2,137.45,5.0,0
105513,2025-11-29,Europe,Spain,Web,Home & Kitchen,Linen Bedding,4,165.44,0.0,661.76,5.0,0
105514,2025-11-29,Europe,Spain,Retail Partner,Sports,Cycling Helmet,2,215.38,0.0,430.76,5.0,1
105515,2025-11-29,Europe,Spain,Mobile App,Beauty,Lip Palette,3,101.54,0.1,274.16,5.0,0
105516,2025-11-29,Asia Pacific,India,Mobile App,Electronics,USB-C Hub,1,345.54,0.0,345.54,,0
105517,2025-11-29,Europe,Spain,Mobile App,Beauty,Skincare Kit,1,112.16,0.2,89.73,,0
105518,2025-11-29,North America,United States,Mobile App,Electronics,Wireless Earbuds,1,184.05,0.2,147.24,5.0,0
105519,2025-11-29,North America,Canada,Web,Home & Kitchen,Smart Lamp,1,214.97,0.0,214.97,4.0,0
105520,2025-11-29,Europe,Spain,Mobile App,Fashion,Running Shoes,1,56.32,0.0,56.32,4.0,0
105521,2025-11-29,Asia Pacific,Australia,Marketplace,Home & Kitchen,Linen Bedding,4,158.03,0.0,632.12,4.0,0
105522,2025-11-30,Europe,France,Web,Fashion,Leather Belt,1,121.21,0.0,121.21,4.0,0
105523,2025-11-30,Latin America,Brazil,Marketplace,Home & Kitchen,Linen Bedding,1,156.99,0.15,133.44,5.0,0
105524,2025-11-30,North America,Canada,Marketplace,Home & Kitchen,Linen Bedding,1,166.65,0.0,166.65,,0
105525,2025-11-30,North America,Canada,Marketplace,Electronics,USB-C Hub,2,344.48,0.15,585.62,,1
105526,2025-11-30,Latin America,Chile,Web,Electronics,Smartwatch,1,382.57,0.05,363.44,,1
105527,2025-11-30,Europe,France,Marketplace,Electronics,4K Monitor,4,166.23,0.1,598.43,5.0,0
105528,2025-11-30,North America,United States,Web,Electronics,USB-C Hub,4,346.19,0.1,1246.28,4.0,0
105529,2025-11-30,Asia Pacific,Singapore,Web,Electronics,4K Monitor,3,157.9,0.2,378.96,5.0,0
105530,2025-11-30,Europe,Germany,Mobile App,Sports,Trail Backpack,1,163.25,0.05,155.09,3.0,0
105531,2025-11-30,Europe,France,Web,Fashion,Sunglasses,1,166.42,0.2,133.14,5.0,0
105532,2025-11-30,Asia Pacific,India,Mobile App,Electronics,4K Monitor,1,145.62,0.1,131.06,,0
105533,2025-11-30,North America,Canada,Marketplace,Electronics,Wireless Earbuds,2,184.63,0.15,313.87,3.0,0
105534,2025-11-30,Asia Pacific,India,Web,Beauty,Hair Dryer,3,95.28,0.1,257.26,4.0,0
105535,2025-11-30,North America,Canada,Mobile App,Sports,Cycling Helmet,1,222.35,0.0,222.35,5.0,0
105536,2025-11-30,Europe,United Kingdom,Retail Partner,Sports,Trail Backpack,4,149.94,0.0,599.76,5.0,1
105537,2025-11-30,Latin America,Chile,Web,Fashion,Sunglasses,1,171.43,0.15,145.72,,0
105538,2025-12-01,North America,Canada,Web,Electronics,Mechanical Keyboard,2,51.94,0.05,98.69,5.0,0
105539,2025-12-01,North America,Mexico,Web,Electronics,USB-C Hub,3,390.97,0.05,1114.26,3.0,0
105540,2025-12-01,Europe,Spain,Marketplace,Beauty,Vitamin C Serum,1,45.09,0.1,40.58,,0
105541,2025-12-01,Asia Pacific,Japan,Mobile App,Home & Kitchen,Air Fryer,1,177.42,0.15,150.81,5.0,1
105542,2025-12-01,Asia Pacific,India,Web,Home & Kitchen,Air Fryer,3,167.91,0.0,503.73,,0
105543,2025-12-01,North America,Mexico,Web,Fashion,Running Shoes,3,59.1,0.2,141.84,,1
105544,2025-12-01,Europe,Germany,Web,Fashion,Wool Sweater,3,48.09,0.05,137.06,,0
105545,2025-12-01,North America,Canada,Mobile App,Home & Kitchen,Chef Knife Set,1,198.6,0.0,198.6,5.0,0
105546,2025-12-01,North America,Canada,Mobile App,Electronics,USB-C Hub,1,367.83,0.05,349.44,3.0,0
105547,2025-12-01,North America,Mexico,Web,Electronics,Wireless Earbuds,1,173.84,0.15,147.76,,0
105548,2025-12-01,North America,Mexico,Mobile App,Electronics,Mechanical Keyboard,1,49.89,0.0,49.89,,0
105549,2025-12-01,North America,United States,Web,Electronics,USB-C Hub,1,339.28,0.05,322.32,3.0,0
105550,2025-12-01,Asia Pacific,Singapore,Mobile App,Electronics,4K Monitor,2,160.63,0.0,321.26,4.0,0
105551,2025-12-02,North America,Canada,Marketplace,Beauty,Hair Dryer,1,94.44,0.15,80.27,5.0,0
105552,2025-12-02,Europe,France,Mobile App,Home & Kitchen,Espresso Machine,1,85.76,0.1,77.18,5.0,0
105553,2025-12-02,Europe,France,Web,Sports,Trail Backpack,4,161.58,0.2,517.06,5.0,0
105554,2025-12-02,Europe,Germany,Web,Electronics,Smartwatch,1,363.95,0.2,291.16,3.0,0
105555,2025-12-02,North America,Mexico,Web,Fashion,Wool Sweater,1,46.08,0.2,36.86,4.0,0
105556,2025-12-02,North America,Canada,Web,Electronics,USB-C Hub,1,342.93,0.0,342.93,4.0,0
105557,2025-12-02,Europe,United Kingdom,Mobile App,Electronics,4K Monitor,4,165.46,0.05,628.75,5.0,0
105558,2025-12-02,North America,United States,Mobile App,Beauty,Skincare Kit,3,111.94,0.2,268.66,,0
105559,2025-12-02,North America,Mexico,Web,Home & Kitchen,Smart Lamp,1,198.59,0.15,168.8,5.0,0
105560,2025-12-02,Asia Pacific,Australia,Mobile App,Fashion,Leather Belt,4,120.29,0.15,408.99,4.0,0
105561,2025-12-02,Asia Pacific,Japan,Web,Electronics,Mechanical Keyboard,1,48.55,0.15,41.27,5.0,1
105562,2025-12-02,Asia Pacific,Japan,Mobile App,Electronics,Wireless Earbuds,1,179.42,0.1,161.48,,0
105563,2025-12-02,Europe,United Kingdom,Web,Fashion,Sunglasses,1,175.18,0.0,175.18,5.0,0
105564,2025-12-02,North America,Mexico,Web,Electronics,Mechanical Keyboard,1,48.42,0.15,41.16,4.0,0
105565,2025-12-02,Latin America,Brazil,Marketplace,Fashion,Leather Belt,2,131.79,0.0,263.58,4.0,0
105566,2025-12-02,Asia Pacific,Japan,Web,Fashion,Leather Belt,1,119.33,0.05,113.36,4.0,0
105567,2025-12-02,Latin America,Chile,Marketplace,Sports,Cycling Helmet,1,223.28,0.1,200.95,3.0,0
105568,2025-12-02,North America,United States,Mobile App,Fashion,Wool Sweater,1,46.82,0.05,44.48,5.0,0
105569,2025-12-02,North America,United States,Web,Sports,Dumbbell Set,1,167.81,0.15,142.64,4.0,0
105570,2025-12-02,North America,Canada,Web,Electronics,4K Monitor,1,167.72,0.0,167.72,5.0,0
105571,2025-12-02,Europe,France,Web,Electronics,4K Monitor,2,147.7,0.0,295.4,5.0,0
105572,2025-12-03,Asia Pacific,Singapore,Web,Home & Kitchen,Linen Bedding,1,155.9,0.05,148.1,,0
105573,2025-12-03,Europe,Spain,Mobile App,Sports,Cycling Helmet,2,222.93,0.0,445.86,3.0,0
105574,2025-12-03,Asia Pacific,India,Web,Electronics,Smartwatch,3,369.17,0.0,1107.51,4.0,0
105575,2025-12-03,Europe,Spain,Retail Partner,Electronics,Smartwatch,1,346.89,0.0,346.89,5.0,0
105576,2025-12-03,North America,United States,Marketplace,Electronics,Mechanical Keyboard,2,49.66,0.15,84.42,,0
105577,2025-12-03,North America,Canada,Mobile App,Home & Kitchen,Espresso Machine,4,83.1,0.0,332.4,4.0,0
105578,2025-12-03,Asia Pacific,Australia,Web,Electronics,Mechanical Keyboard,2,53.72,0.0,107.44,4.0,0
105579,2025-12-03,Latin America,Brazil,Web,Fashion,Leather Belt,2,136.06,0.0,272.12,,0
105580,2025-12-03,Latin America,Argentina,Web,Fashion,Sunglasses,2,183.46,0.0,366.92,4.0,0
105581,2025-12-03,North America,United States,Web,Fashion,Denim Jacket,2,104.4,0.05,198.36,5.0,0
105582,2025-12-03,North America,Mexico,Web,Electronics,USB-C Hub,1,361.9,0.2,289.52,4.0,0
105583,2025-12-03,North America,United States,Mobile App,Sports,Trail Backpack,2,156.16,0.1,281.09,5.0,0
105584,2025-12-03,North America,Canada,Web,Home & Kitchen,Espresso Machine,3,82.03,0.0,246.09,3.0,0
105585,2025-12-03,Europe,Spain,Mobile App,Home & Kitchen,Smart Lamp,2,188.34,0.2,301.34,,0
105586,2025-12-04,North America,Mexico,Web,Beauty,Hair Dryer,2,95.88,0.1,172.58,,0
105587,2025-12-04,North America,Canada,Mobile App,Home & Kitchen,Air Fryer,4,176.49,0.0,705.96,5.0,0
105588,2025-12-04,Asia Pacific,Singapore,Mobile App,Electronics,Mechanical Keyboard,1,54.1,0.0,54.1,5.0,0
105589,2025-12-04,North America,United States,Web,Sports,Fitness Tracker,2,75.38,0.2,120.61,5.0,0
105590,2025-12-04,Europe,United Kingdom,Mobile App,Fashion,Sunglasses,3,171.14,0.0,513.42,5.0,0
105591,2025-12-04,Europe,France,Retail Partner,Sports,Yoga Mat,4,110.75,0.0,443.0,,0
105592,2025-12-04,North America,Mexico,Web,Home & Kitchen,Smart Lamp,2,205.26,0.0,410.52,3.0,0
105593,2025-12-04,North America,Canada,Web,Home & Kitchen,Smart Lamp,3,195.53,0.1,527.93,,0
105594,2025-12-04,North America,Mexico,Web,Fashion,Wool Sweater,3,48.91,0.15,124.72,,0
105595,2025-12-04,Asia Pacific,India,Mobile App,Fashion,Sunglasses,3,162.97,0.1,440.02,,0
105596,2025-12-04,North America,Canada,Web,Fashion,Wool Sweater,1,42.28,0.0,42.28,5.0,0
105597,2025-12-04,Europe,United Kingdom,Mobile App,Home & Kitchen,Smart Lamp,4,198.43,0.2,634.98,,0
105598,2025-12-04,Asia Pacific,Australia,Mobile App,Electronics,Smartwatch,4,355.23,0.05,1349.87,,0
105599,2025-12-04,Asia Pacific,Japan,Mobile App,Home & Kitchen,Smart Lamp,1,199.63,0.2,159.7,,0
105600,2025-12-04,Latin America,Brazil,Mobile App,Sports,Fitness Tracker,1,67.93,0.0,67.93,,0
105601,2025-12-04,North America,Mexico,Mobile App,Electronics,4K Monitor,3,145.54,0.15,371.13,3.0,0
105602,2025-12-04,Europe,United Kingdom,Retail Partner,Sports,Cycling Helmet,1,222.91,0.05,211.76,,0
105603,2025-12-04,Asia Pacific,Australia,Marketplace,Electronics,4K Monitor,2,160.08,0.0,320.16,5.0,0
105604,2025-12-04,Europe,France,Mobile App,Electronics,USB-C Hub,1,380.84,0.05,361.8,,0
105605,2025-12-04,North America,Mexico,Web,Fashion,Denim Jacket,1,109.18,0.05,103.72,3.0,0
105606,2025-12-04,Europe,France,Web,Beauty,Skincare Kit,3,118.08,0.1,318.82,,0
105607,2025-12-05,North America,Mexico,Web,Sports,Dumbbell Set,4,187.62,0.2,600.38,5.0,0
105608,2025-12-05,North America,Mexico,Web,Home & Kitchen,Smart Lamp,3,200.83,0.0,602.49,5.0,0
105609,2025-12-05,North America,United States,Marketplace,Sports,Dumbbell Set,4,166.94,0.1,600.98,5.0,0
105610,2025-12-05,North America,Mexico,Mobile App,Beauty,Fragrance Set,2,112.05,0.1,201.69,5.0,0
105611,2025-12-05,Asia Pacific,India,Mobile App,Home & Kitchen,Espresso Machine,1,89.83,0.05,85.34,,0
105612,2025-12-05,Europe,France,Mobile App,Home & Kitchen,Chef Knife Set,3,199.15,0.0,597.45,3.0,0
105613,2025-12-05,Asia Pacific,Singapore,Web,Fashion,Wool Sweater,1,45.51,0.0,45.51,,0
105614,2025-12-05,North America,United States,Mobile App,Electronics,Wireless Earbuds,4,166.17,0.05,631.45,5.0,1
105615,2025-12-05,North America,Canada,Marketplace,Fashion,Leather Belt,3,120.21,0.2,288.5,4.0,0
105616,2025-12-05,Asia Pacific,Australia,Mobile App,Home & Kitchen,Chef Knife Set,1,189.36,0.0,189.36,4.0,1
105617,2025-12-05,Europe,France,Web,Sports,Yoga Mat,3,114.5,0.15,291.97,3.0,0
105618,2025-12-05,Asia Pacific,Japan,Mobile App,Fashion,Running Shoes,2,56.3,0.0,112.6,,0
105619,2025-12-05,Europe,Germany,Marketplace,Beauty,Vitamin C Serum,1,46.99,0.0,46.99,,0
105620,2025-12-05,North America,Canada,Marketplace,Home & Kitchen,Espresso Machine,1,82.8,0.2,66.24,5.0,0
105621,2025-12-05,North America,Canada,Mobile App,Beauty,Vitamin C Serum,1,43.25,0.0,43.25,,0
105622,2025-12-05,Asia Pacific,Singapore,Web,Beauty,Lip Palette,1,111.44,0.0,111.44,5.0,0
105623,2025-12-05,Asia Pacific,Australia,Mobile App,Home & Kitchen,Air Fryer,1,166.11,0.0,166.11,,0
105624,2025-12-05,Europe,Spain,Web,Sports,Fitness Tracker,4,76.98,0.0,307.92,4.0,0
105625,2025-12-06,North America,Canada,Mobile App,Electronics,4K Monitor,1,168.98,0.1,152.08,,0
105626,2025-12-06,Europe,United Kingdom,Web,Home & Kitchen,Linen Bedding,4,149.91,0.2,479.71,,0
105627,2025-12-06,North America,United States,Web,Electronics,Mechanical Keyboard,1,46.89,0.0,46.89,,0
105628,2025-12-06,North America,Canada,Marketplace,Fashion,Leather Belt,1,123.89,0.1,111.5,3.0,0
105629,2025-12-06,Europe,France,Web,Fashion,Sunglasses,1,177.51,0.0,177.51,,0
105630,2025-12-06,North America,United States,Mobile App,Home & Kitchen,Smart Lamp,2,212.45,0.0,424.9,5.0,0
105631,2025-12-06,Europe,Germany,Web,Electronics,4K Monitor,1,168.24,0.0,168.24,5.0,0
105632,2025-12-06,Europe,Spain,Web,Beauty,Lip Palette,1,107.39,0.1,96.65,4.0,0
105633,2025-12-06,Asia Pacific,Australia,Mobile App,Home & Kitchen,Smart Lamp,1,204.14,0.0,204.14,,0
105634,2025-12-07,Asia Pacific,Japan,Web,Home & Kitchen,Espresso Machine,1,80.24,0.0,80.24,4.0,0
105635,2025-12-07,North America,Mexico,Mobile App,Fashion,Wool Sweater,4,46.28,0.0,185.12,5.0,0
105636,2025-12-07,Asia Pacific,Japan,Marketplace,Beauty,Fragrance Set,1,110.46,0.0,110.46,4.0,0
105637,2025-12-07,Europe,France,Web,Electronics,Wireless Earbuds,1,178.79,0.0,178.79,,1
105638,2025-12-07,North America,Mexico,Web,Home & Kitchen,Linen Bedding,1,168.16,0.0,168.16,3.0,0
105639,2025-12-07,North America,United States,Mobile App,Fashion,Denim Jacket,2,110.14,0.0,220.28,3.0,0
105640,2025-12-07,Europe,Spain,Web,Fashion,Sunglasses,3,174.75,0.0,524.25,,0
105641,2025-12-07,Asia Pacific,Japan,Retail Partner,Electronics,Wireless Earbuds,1,174.01,0.05,165.31,4.0,0
105642,2025-12-07,North America,Canada,Retail Partner,Beauty,Vitamin C Serum,4,44.01,0.05,167.24,5.0,0
105643,2025-12-07,North America,Canada,Web,Home & Kitchen,Air Fryer,2,157.91,0.2,252.66,,0
105644,2025-12-07,Europe,Spain,Mobile App,Sports,Dumbbell Set,4,168.56,0.2,539.39,,0
105645,2025-12-07,North America,Canada,Web,Home & Kitchen,Chef Knife Set,2,186.97,0.15,317.85,,0
105646,2025-12-07,Asia Pacific,Australia,Mobile App,Fashion,Wool Sweater,1,47.88,0.1,43.09,5.0,0
105647,2025-12-07,Asia Pacific,Singapore,Retail Partner,Fashion,Running Shoes,1,58.19,0.0,58.19,,0
105648,2025-12-07,Asia Pacific,Singapore,Marketplace,Fashion,Sunglasses,1,167.37,0.0,167.37,5.0,0
105649,2025-12-07,Asia Pacific,Japan,Mobile App,Electronics,USB-C Hub,1,369.3,0.2,295.44,5.0,0
105650,2025-12-07,Europe,Spain,Mobile App,Electronics,Smartwatch,2,366.99,0.1,660.58,3.0,0
105651,2025-12-07,Asia Pacific,Singapore,Mobile App,Fashion,Leather Belt,3,132.06,0.15,336.75,4.0,0
105652,2025-12-07,North America,United States,Mobile App,Beauty,Vitamin C Serum,1,42.18,0.2,33.74,5.0,0
105653,2025-12-07,Europe,Germany,Mobile App,Beauty,Skincare Kit,3,120.12,0.0,360.36,4.0,0
105654,2025-12-07,North America,United States,Web,Sports,Fitness Tracker,2,71.25,0.0,142.5,,0
105655,2025-12-07,North America,Canada,Retail Partner,Home & Kitchen,Linen Bedding,2,165.42,0.1,297.76,,0
105656,2025-12-07,North America,United States,Marketplace,Electronics,4K Monitor,3,169.16,0.1,456.73,5.0,0
105657,2025-12-07,Latin America,Brazil,Marketplace,Sports,Yoga Mat,2,114.14,0.0,228.28,,0
105658,2025-12-08,Europe,France,Web,Electronics,Wireless Earbuds,1,167.0,0.1,150.3,,0
105659,2025-12-08,Latin America,Argentina,Retail Partner,Electronics,Smartwatch,1,368.75,0.15,313.44,4.0,0
105660,2025-12-08,Europe,France,Retail Partner,Electronics,USB-C Hub,3,358.66,0.2,860.78,,0
105661,2025-12-08,Asia Pacific,Singapore,Web,Fashion,Leather Belt,2,119.9,0.15,203.83,4.0,0
105662,2025-12-08,North America,Mexico,Mobile App,Home & Kitchen,Smart Lamp,2,191.8,0.0,383.6,,0
105663,2025-12-08,Asia Pacific,Singapore,Mobile App,Sports,Cycling Helmet,2,212.53,0.2,340.05,3.0,0
105664,2025-12-08,North America,United States,Web,Sports,Yoga Mat,3,107.66,0.0,322.98,5.0,0
105665,2025-12-08,North America,Canada,Marketplace,Electronics,USB-C Hub,3,381.22,0.0,1143.66,5.0,0
105666,2025-12-08,North America,Canada,Web,Electronics,4K Monitor,2,148.2,0.2,237.12,3.0,0
105667,2025-12-08,Europe,France,Web,Electronics,Smartwatch,2,344.07,0.0,688.14,4.0,0
105668,2025-12-08,Europe,France,Retail Partner,Sports,Trail Backpack,1,166.13,0.1,149.52,,0
105669,2025-12-08,North America,Mexico,Web,Home & Kitchen,Espresso Machine,1,82.4,0.0,82.4,5.0,0
105670,2025-12-09,Europe,Spain,Mobile App,Electronics,USB-C Hub,1,372.9,0.0,372.9,5.0,0
105671,2025-12-09,North America,United States,Web,Home & Kitchen,Smart Lamp,1,209.61,0.15,178.17,,0
105672,2025-12-09,Asia Pacific,Japan,Web,Electronics,Mechanical Keyboard,3,53.48,0.0,160.44,5.0,0
105673,2025-12-09,Asia Pacific,Australia,Mobile App,Beauty,Fragrance Set,3,116.82,0.0,350.46,,0
105674,2025-12-09,North America,Canada,Web,Electronics,USB-C Hub,2,382.1,0.0,764.2,,0
105675,2025-12-09,North America,Mexico,Retail Partner,Fashion,Running Shoes,4,55.77,0.05,211.93,4.0,0
105676,2025-12-09,Asia Pacific,India,Web,Electronics,4K Monitor,1,150.43,0.0,150.43,5.0,0
105677,2025-12-09,Europe,Germany,Marketplace,Electronics,Mechanical Keyboard,1,50.98,0.15,43.33,3.0,0
105678,2025-12-09,North America,Mexico,Web,Electronics,Wireless Earbuds,3,171.33,0.2,411.19,5.0,0
105679,2025-12-10,North America,United States,Mobile App,Electronics,Mechanical Keyboard,1,50.55,0.0,50.55,5.0,0
105680,2025-12-10,North America,Canada,Marketplace,Sports,Fitness Tracker,1,67.04,0.05,63.69,,0
105681,2025-12-10,Europe,United Kingdom,Web,Fashion,Running Shoes,4,51.27,0.15,174.32,3.0,0
105682,2025-12-10,Europe,Spain,Marketplace,Sports,Yoga Mat,3,114.65,0.15,292.36,,0
105683,2025-12-10,Asia Pacific,Singapore,Web,Beauty,Lip Palette,2,113.68,0.2,181.89,5.0,0
105684,2025-12-10,North America,United States,Mobile App,Sports,Fitness Tracker,1,67.41,0.0,67.41,3.0,0
105685,2025-12-10,Europe,France,Web,Beauty,Hair Dryer,3,90.56,0.15,230.93,4.0,0
105686,2025-12-10,North America,Canada,Web,Electronics,Mechanical Keyboard,4,52.8,0.0,211.2,4.0,0
105687,2025-12-10,Europe,United Kingdom,Web,Home & Kitchen,Chef Knife Set,2,196.91,0.0,393.82,3.0,1
105688,2025-12-10,North America,Mexico,Web,Electronics,4K Monitor,4,159.67,0.0,638.68,,0
105689,2025-12-10,North America,Mexico,Web,Electronics,Smartwatch,1,355.6,0.0,355.6,4.0,0
105690,2025-12-10,Latin America,Chile,Web,Home & Kitchen,Linen Bedding,2,162.83,0.0,325.66,,0
105691,2025-12-10,Europe,France,Mobile App,Sports,Dumbbell Set,3,169.95,0.2,407.88,4.0,0
105692,2025-12-10,Asia Pacific,India,Web,Beauty,Skincare Kit,1,108.31,0.0,108.31,,0
105693,2025-12-10,Europe,France,Web,Fashion,Leather Belt,1,135.49,0.1,121.94,4.0,0
105694,2025-12-11,Asia Pacific,Singapore,Mobile App,Electronics,4K Monitor,2,146.44,0.05,278.24,5.0,0
105695,2025-12-11,Asia Pacific,Japan,Web,Electronics,USB-C Hub,2,351.53,0.1,632.75,5.0,0
105696,2025-12-11,North America,Mexico,Web,Home & Kitchen,Espresso Machine,4,85.5,0.05,324.9,,0
105697,2025-12-11,North America,Canada,Mobile App,Electronics,USB-C Hub,1,370.78,0.0,370.78,5.0,0
105698,2025-12-11,Latin America,Chile,Marketplace,Sports,Dumbbell Set,1,184.75,0.05,175.51,,0
105699,2025-12-11,Europe,Germany,Retail Partner,Electronics,USB-C Hub,1,360.2,0.0,360.2,5.0,0
105700,2025-12-11,Europe,Spain,Mobile App,Fashion,Wool Sweater,4,42.92,0.0,171.68,3.0,0
105701,2025-12-11,Europe,France,Marketplace,Beauty,Lip Palette,4,104.24,0.0,416.96,5.0,0
105702,2025-12-12,Asia Pacific,Japan,Mobile App,Sports,Cycling Helmet,1,225.5,0.15,191.67,5.0,0
105703,2025-12-12,North America,Mexico,Mobile App,Home & Kitchen,Espresso Machine,2,86.28,0.2,138.05,4.0,0
105704,2025-12-12,North America,Mexico,Marketplace,Electronics,4K Monitor,3,158.36,0.0,475.08,4.0,0
105705,2025-12-12,Asia Pacific,India,Mobile App,Home & Kitchen,Smart Lamp,1,196.78,0.05,186.94,,0
105706,2025-12-12,Europe,France,Web,Electronics,Mechanical Keyboard,1,47.74,0.1,42.97,3.0,0
105707,2025-12-12,Europe,France,Mobile App,Home & Kitchen,Espresso Machine,1,87.63,0.2,70.1,5.0,0
105708,2025-12-12,North America,Canada,Mobile App,Home & Kitchen,Smart Lamp,2,207.17,0.0,414.34,,0
105709,2025-12-12,Latin America,Argentina,Web,Beauty,Skincare Kit,1,111.84,0.0,111.84,5.0,0
105710,2025-12-12,Europe,Germany,Web,Fashion,Running Shoes,2,58.7,0.05,111.53,5.0,0
105711,2025-12-12,North America,Mexico,Mobile App,Electronics,Mechanical Keyboard,3,46.88,0.2,112.51,5.0,0
105712,2025-12-12,North America,United States,Mobile App,Sports,Dumbbell Set,2,166.25,0.05,315.88,,0
105713,2025-12-12,North America,Mexico,Mobile App,Fashion,Sunglasses,2,167.58,0.1,301.64,4.0,0
105714,2025-12-12,Asia Pacific,Australia,Retail Partner,Home & Kitchen,Chef Knife Set,2,195.95,0.05,372.3,,0
105715,2025-12-12,Europe,United Kingdom,Web,Fashion,Running Shoes,1,57.38,0.0,57.38,4.0,0
105716,2025-12-12,Asia Pacific,Singapore,Mobile App,Fashion,Wool Sweater,3,42.52,0.0,127.56,3.0,1
105717,2025-12-12,Latin America,Argentina,Web,Electronics,Mechanical Keyboard,1,48.09,0.0,48.09,5.0,0
105718,2025-12-12,North America,Canada,Marketplace,Electronics,USB-C Hub,1,346.94,0.0,346.94,,0
105719,2025-12-12,Asia Pacific,Singapore,Web,Electronics,Wireless Earbuds,2,173.11,0.0,346.22,3.0,0
105720,2025-12-13,Asia Pacific,Australia,Mobile App,Home & Kitchen,Chef Knife Set,4,202.24,0.2,647.17,5.0,0
105721,2025-12-13,Europe,France,Retail Partner,Fashion,Wool Sweater,1,46.15,0.0,46.15,,0
105722,2025-12-13,Asia Pacific,Australia,Marketplace,Electronics,USB-C Hub,2,353.48,0.1,636.26,,0
105723,2025-12-13,Asia Pacific,India,Marketplace,Fashion,Running Shoes,1,54.47,0.1,49.02,4.0,0
105724,2025-12-13,North America,United States,Web,Sports,Dumbbell Set,1,174.96,0.0,174.96,,0
105725,2025-12-13,Europe,United Kingdom,Web,Beauty,Skincare Kit,2,112.46,0.0,224.92,,0
105726,2025-12-13,Europe,Germany,Web,Electronics,Mechanical Keyboard,1,47.65,0.1,42.88,5.0,1
105727,2025-12-13,North America,Mexico,Marketplace,Home & Kitchen,Linen Bedding,1,167.67,0.15,142.52,5.0,0
105728,2025-12-13,North America,United States,Web,Home & Kitchen,Linen Bedding,2,146.42,0.2,234.27,,0
105729,2025-12-13,Latin America,Chile,Web,Fashion,Denim Jacket,4,109.59,0.2,350.69,4.0,1
105730,2025-12-13,Europe,Spain,Marketplace,Electronics,USB-C Hub,1,359.65,0.15,305.7,5.0,0
105731,2025-12-13,Latin America,Chile,Retail Partner,Fashion,Sunglasses,1,164.13,0.2,131.3,4.0,0
105732,2025-12-13,Europe,Germany,Mobile App,Electronics,Wireless Earbuds,1,183.02,0.0,183.02,3.0,0
105733,2025-12-13,Latin America,Argentina,Retail Partner,Sports,Fitness Tracker,4,67.18,0.15,228.41,5.0,0
105734,2025-12-13,North America,Mexico,Mobile App,Beauty,Lip Palette,1,104.34,0.05,99.12,,0
105735,2025-12-13,North America,Mexico,Retail Partner,Electronics,USB-C Hub,4,379.28,0.0,1517.12,5.0,0
105736,2025-12-13,Europe,Spain,Mobile App,Sports,Trail Backpack,4,145.63,0.05,553.39,4.0,0
105737,2025-12-13,North America,United States,Mobile App,Home & Kitchen,Espresso Machine,2,79.5,0.0,159.0,4.0,0
105738,2025-12-13,Europe,United Kingdom,Mobile App,Beauty,Lip Palette,3,101.59,0.0,304.77,5.0,0
105739,2025-12-14,Asia Pacific,Singapore,Retail Partner,Fashion,Wool Sweater,4,48.96,0.0,195.84,5.0,0
105740,2025-12-14,Asia Pacific,Australia,Web,Electronics,Smartwatch,1,394.9,0.1,355.41,5.0,0
105741,2025-12-14,Europe,Spain,Web,Fashion,Wool Sweater,1,42.1,0.15,35.79,,0
105742,2025-12-14,North America,Canada,Web,Home & Kitchen,Air Fryer,3,173.69,0.0,521.07,,0
105743,2025-12-14,North America,Mexico,Web,Electronics,Smartwatch,1,339.71,0.15,288.75,3.0,0
105744,2025-12-14,Europe,France,Marketplace,Electronics,Smartwatch,1,343.61,0.0,343.61,5.0,0
105745,2025-12-14,North America,United States,Mobile App,Fashion,Leather Belt,1,117.25,0.05,111.39,4.0,0
105746,2025-12-14,Europe,Spain,Marketplace,Electronics,4K Monitor,1,158.58,0.0,158.58,,0
105747,2025-12-14,North America,Mexico,Web,Sports,Trail Backpack,1,166.56,0.0,166.56,,0
105748,2025-12-14,North America,Mexico,Web,Fashion,Wool Sweater,3,43.09,0.0,129.27,4.0,0
105749,2025-12-15,Asia Pacific,Japan,Web,Home & Kitchen,Linen Bedding,2,164.05,0.2,262.48,5.0,0
105750,2025-12-15,Asia Pacific,India,Mobile App,Electronics,Smartwatch,3,368.2,0.0,1104.6,5.0,0
105751,2025-12-15,Europe,Spain,Web,Fashion,Denim Jacket,1,104.35,0.0,104.35,5.0,1
105752,2025-12-15,North America,United States,Web,Home & Kitchen,Air Fryer,2,174.62,0.0,349.24,,0
105753,2025-12-15,Europe,France,Mobile App,Fashion,Running Shoes,4,59.56,0.15,202.5,4.0,0
105754,2025-12-15,Asia Pacific,Australia,Web,Sports,Yoga Mat,1,107.74,0.0,107.74,5.0,0
105755,2025-12-15,Europe,United Kingdom,Mobile App,Home & Kitchen,Espresso Machine,1,90.58,0.15,76.99,,0
105756,2025-12-15,Latin America,Argentina,Web,Electronics,4K Monitor,2,154.02,0.15,261.83,5.0,0
105757,2025-12-15,North America,Mexico,Mobile App,Home & Kitchen,Chef Knife Set,1,182.87,0.15,155.44,4.0,0
105758,2025-12-15,Europe,France,Web,Sports,Fitness Tracker,2,74.87,0.05,142.25,4.0,1
105759,2025-12-16,North America,United States,Web,Sports,Fitness Tracker,1,69.61,0.0,69.61,,0
105760,2025-12-16,North America,United States,Marketplace,Home & Kitchen,Espresso Machine,1,83.06,0.2,66.45,5.0,0
105761,2025-12-16,Europe,Germany,Web,Fashion,Running Shoes,1,52.14,0.15,44.32,,0
105762,2025-12-16,Europe,United Kingdom,Web,Fashion,Wool Sweater,1,46.91,0.0,46.91,5.0,0
105763,2025-12-16,Latin America,Chile,Marketplace,Electronics,Mechanical Keyboard,4,54.07,0.0,216.28,,0
105764,2025-12-16,Latin America,Brazil,Mobile App,Fashion,Wool Sweater,3,44.42,0.0,133.26,5.0,0
105765,2025-12-16,Europe,Spain,Web,Sports,Dumbbell Set,1,168.8,0.1,151.92,5.0,0
105766,2025-12-16,Asia Pacific,Australia,Mobile App,Fashion,Sunglasses,4,161.5,0.15,549.1,5.0,0
105767,2025-12-16,North America,Mexico,Mobile App,Electronics,Wireless Earbuds,1,175.0,0.0,175.0,4.0,0
105768,2025-12-16,Asia Pacific,Japan,Web,Home & Kitchen,Espresso Machine,1,78.87,0.1,70.98,,0
105769,2025-12-16,North America,United States,Web,Home & Kitchen,Espresso Machine,1,89.38,0.2,71.5,4.0,0
105770,2025-12-16,Europe,United Kingdom,Web,Beauty,Lip Palette,4,103.53,0.0,414.12,,0
105771,2025-12-16,North America,Canada,Marketplace,Home & Kitchen,Espresso Machine,2,88.9,0.2,142.24,5.0,0
105772,2025-12-16,North America,United States,Marketplace,Electronics,Mechanical Keyboard,4,52.58,0.0,210.32,5.0,0
105773,2025-12-16,Latin America,Chile,Web,Electronics,Smartwatch,1,344.59,0.0,344.59,,0
105774,2025-12-16,North America,United States,Web,Electronics,4K Monitor,2,160.62,0.05,305.18,,0
105775,2025-12-16,North America,United States,Web,Electronics,Mechanical Keyboard,1,49.12,0.15,41.75,4.0,1
105776,2025-12-16,North America,Mexico,Retail Partner,Home & Kitchen,Air Fryer,2,177.49,0.05,337.23,5.0,0
105777,2025-12-16,Europe,France,Web,Sports,Cycling Helmet,1,206.3,0.15,175.36,4.0,0
105778,2025-12-16,North America,Mexico,Mobile App,Fashion,Leather Belt,1,121.96,0.0,121.96,,0
105779,2025-12-17,North America,United States,Retail Partner,Fashion,Denim Jacket,1,105.47,0.0,105.47,4.0,0
105780,2025-12-17,North America,United States,Web,Fashion,Denim Jacket,1,105.78,0.05,100.49,,0
105781,2025-12-17,North America,Mexico,Web,Fashion,Wool Sweater,1,43.7,0.0,43.7,5.0,1
105782,2025-12-17,Europe,France,Web,Electronics,USB-C Hub,1,377.05,0.0,377.05,,1
105783,2025-12-17,Latin America,Argentina,Marketplace,Home & Kitchen,Smart Lamp,2,209.68,0.1,377.42,,0
105784,2025-12-17,Europe,Germany,Web,Electronics,4K Monitor,1,144.82,0.1,130.34,4.0,0
105785,2025-12-17,North America,Canada,Mobile App,Electronics,USB-C Hub,1,377.0,0.05,358.15,,0
105786,2025-12-17,Asia Pacific,Japan,Marketplace,Home & Kitchen,Air Fryer,3,177.28,0.0,531.84,4.0,0
105787,2025-12-17,Asia Pacific,Japan,Web,Home & Kitchen,Linen Bedding,1,156.61,0.0,156.61,5.0,0
105788,2025-12-17,North America,Mexico,Marketplace,Home & Kitchen,Linen Bedding,2,165.14,0.0,330.28,,0
105789,2025-12-17,Europe,France,Mobile App,Electronics,USB-C Hub,1,367.75,0.15,312.59,,0
105790,2025-12-17,Asia Pacific,India,Web,Fashion,Denim Jacket,4,107.42,0.05,408.2,,0
105791,2025-12-18,Asia Pacific,Singapore,Mobile App,Sports,Fitness Tracker,3,75.77,0.0,227.31,,0
105792,2025-12-18,North America,Mexico,Marketplace,Home & Kitchen,Chef Knife Set,2,180.35,0.05,342.66,5.0,0
105793,2025-12-18,Asia Pacific,Japan,Web,Home & Kitchen,Espresso Machine,2,82.86,0.1,149.15,5.0,0
105794,2025-12-18,North America,Canada,Web,Sports,Fitness Tracker,1,69.81,0.05,66.32,,1
105795,2025-12-18,North America,United States,Mobile App,Fashion,Denim Jacket,2,99.15,0.2,158.64,5.0,0
105796,2025-12-18,Latin America,Chile,Retail Partner,Electronics,Smartwatch,1,363.7,0.0,363.7,4.0,0
105797,2025-12-18,North America,Mexico,Web,Electronics,Wireless Earbuds,2,170.07,0.0,340.14,4.0,0
105798,2025-12-18,Asia Pacific,Australia,Retail Partner,Electronics,USB-C Hub,3,345.1,0.15,880.01,3.0,0
105799,2025-12-18,Europe,France,Web,Home & Kitchen,Espresso Machine,4,91.33,0.0,365.32,5.0,0
105800,2025-12-18,Latin America,Argentina,Retail Partner,Beauty,Lip Palette,1,101.99,0.15,86.69,,0
105801,2025-12-18,North America,United States,Mobile App,Fashion,Sunglasses,1,168.29,0.0,168.29,5.0,0
105802,2025-12-18,North America,Canada,Retail Partner,Fashion,Sunglasses,3,163.21,0.0,489.63,5.0,0
105803,2025-12-19,North America,Mexico,Web,Home & Kitchen,Smart Lamp,2,188.33,0.2,301.33,4.0,0
105804,2025-12-19,North America,United States,Web,Sports,Yoga Mat,3,103.3,0.15,263.41,,0
105805,2025-12-19,North America,Mexico,Web,Electronics,Wireless Earbuds,4,173.16,0.0,692.64,3.0,0
105806,2025-12-19,Latin America,Argentina,Web,Home & Kitchen,Air Fryer,4,166.17,0.2,531.74,3.0,0
105807,2025-12-19,Asia Pacific,India,Mobile App,Electronics,Mechanical Keyboard,2,54.49,0.0,108.98,5.0,0
105808,2025-12-19,North America,Mexico,Web,Beauty,Fragrance Set,1,111.84,0.05,106.25,,0
105809,2025-12-19,North America,United States,Mobile App,Home & Kitchen,Smart Lamp,4,203.32,0.2,650.62,,0
105810,2025-12-19,North America,United States,Retail Partner,Electronics,Wireless Earbuds,4,177.38,0.15,603.09,4.0,0
105811,2025-12-19,Latin America,Argentina,Mobile App,Home & Kitchen,Air Fryer,1,159.09,0.15,135.23,4.0,0
105812,2025-12-19,Latin America,Argentina,Retail Partner,Sports,Trail Backpack,4,166.18,0.15,565.01,5.0,0
105813,2025-12-20,Europe,Spain,Web,Home & Kitchen,Espresso Machine,2,91.39,0.0,182.78,,0
105814,2025-12-20,Latin America,Chile,Web,Electronics,USB-C Hub,1,385.21,0.0,385.21,5.0,0
105815,2025-12-20,Asia Pacific,Singapore,Retail Partner,Electronics,Mechanical Keyboard,2,50.05,0.0,100.1,5.0,0
105816,2025-12-20,Asia Pacific,Japan,Mobile App,Beauty,Skincare Kit,4,113.98,0.0,455.92,5.0,0
105817,2025-12-20,Europe,Spain,Mobile App,Beauty,Fragrance Set,1,102.06,0.0,102.06,5.0,0
105818,2025-12-20,North America,Canada,Mobile App,Fashion,Wool Sweater,2,42.73,0.0,85.46,5.0,0
105819,2025-12-20,Asia Pacific,Japan,Web,Fashion,Sunglasses,3,165.34,0.2,396.82,,0
105820,2025-12-20,North America,Canada,Web,Sports,Dumbbell Set,1,183.52,0.0,183.52,4.0,0
105821,2025-12-20,Europe,Germany,Mobile App,Electronics,4K Monitor,2,146.33,0.2,234.13,4.0,0
105822,2025-12-20,Europe,Germany,Mobile App,Beauty,Vitamin C Serum,4,47.83,0.05,181.75,5.0,0
105823,2025-12-20,Asia Pacific,Singapore,Web,Beauty,Vitamin C Serum,1,44.57,0.0,44.57,5.0,0
105824,2025-12-20,North America,United States,Web,Sports,Cycling Helmet,1,211.79,0.15,180.02,5.0,0
105825,2025-12-20,Europe,United Kingdom,Marketplace,Beauty,Vitamin C Serum,1,42.22,0.0,42.22,,0
105826,2025-12-20,Latin America,Chile,Web,Fashion,Sunglasses,1,183.61,0.05,174.43,4.0,0
105827,2025-12-20,Europe,Germany,Marketplace,Sports,Yoga Mat,4,107.02,0.0,428.08,4.0,0
105828,2025-12-20,Europe,Germany,Web,Fashion,Wool Sweater,2,46.94,0.0,93.88,,1
105829,2025-12-21,Europe,Germany,Mobile App,Fashion,Sunglasses,1,170.41,0.05,161.89,,0
105830,2025-12-21,Asia Pacific,Singapore,Retail Partner,Home & Kitchen,Smart Lamp,3,211.13,0.05,601.72,,0
105831,2025-12-21,North America,Canada,Mobile App,Fashion,Running Shoes,1,54.96,0.0,54.96,5.0,0
105832,2025-12-21,North America,United States,Web,Electronics,4K Monitor,2,162.44,0.0,324.88,5.0,0
105833,2025-12-21,Asia Pacific,India,Mobile App,Sports,Trail Backpack,1,167.45,0.0,167.45,,0
105834,2025-12-21,North America,Canada,Marketplace,Sports,Trail Backpack,1,153.99,0.2,123.19,,0
105835,2025-12-21,Latin America,Brazil,Web,Sports,Cycling Helmet,1,230.13,0.15,195.61,5.0,0
105836,2025-12-21,Latin America,Brazil,Web,Sports,Cycling Helmet,4,232.77,0.2,744.86,4.0,0
105837,2025-12-21,Asia Pacific,India,Mobile App,Electronics,Smartwatch,4,376.44,0.05,1430.47,4.0,0
105838,2025-12-22,Asia Pacific,Japan,Retail Partner,Electronics,Smartwatch,1,351.06,0.0,351.06,5.0,0
105839,2025-12-22,North America,United States,Web,Sports,Fitness Tracker,2,71.21,0.1,128.18,5.0,0
105840,2025-12-22,Asia Pacific,India,Mobile App,Electronics,Wireless Earbuds,1,193.21,0.0,193.21,4.0,0
105841,2025-12-22,North America,Mexico,Web,Electronics,Wireless Earbuds,1,184.81,0.0,184.81,4.0,0
105842,2025-12-22,Asia Pacific,India,Mobile App,Sports,Dumbbell Set,1,165.9,0.0,165.9,4.0,0
105843,2025-12-22,North America,United States,Web,Home & Kitchen,Chef Knife Set,1,186.03,0.15,158.13,,0
105844,2025-12-22,Asia Pacific,Singapore,Retail Partner,Home & Kitchen,Linen Bedding,1,146.8,0.1,132.12,,0
105845,2025-12-22,Latin America,Brazil,Marketplace,Electronics,USB-C Hub,2,385.6,0.2,616.96,5.0,0
105846,2025-12-22,Asia Pacific,Japan,Mobile App,Home & Kitchen,Air Fryer,2,176.35,0.0,352.7,,0
105847,2025-12-22,North America,Canada,Marketplace,Home & Kitchen,Espresso Machine,3,80.88,0.0,242.64,4.0,0
105848,2025-12-22,Asia Pacific,Australia,Marketplace,Home & Kitchen,Espresso Machine,2,86.46,0.05,164.27,,0
105849,2025-12-22,Asia Pacific,Singapore,Web,Sports,Dumbbell Set,4,171.01,0.0,684.04,,0
105850,2025-12-22,North America,Mexico,Mobile App,Fashion,Sunglasses,2,170.65,0.1,307.17,,0
105851,2025-12-22,North America,United States,Web,Fashion,Running Shoes,1,54.28,0.15,46.14,4.0,0
105852,2025-12-22,Latin America,Chile,Mobile App,Home & Kitchen,Smart Lamp,1,208.66,0.05,198.23,4.0,0
105853,2025-12-22,Asia Pacific,Singapore,Web,Home & Kitchen,Chef Knife Set,1,176.32,0.0,176.32,5.0,0
105854,2025-12-22,North America,United States,Web,Fashion,Wool Sweater,4,43.63,0.1,157.07,,1
105855,2025-12-22,Europe,United Kingdom,Web,Beauty,Hair Dryer,2,95.91,0.05,182.23,5.0,0
105856,2025-12-23,Europe,Germany,Web,Home & Kitchen,Air Fryer,4,170.94,0.0,683.76,4.0,0
105857,2025-12-23,Latin America,Chile,Mobile App,Electronics,4K Monitor,3,149.27,0.0,447.81,4.0,0
105858,2025-12-23,Europe,Spain,Web,Electronics,Wireless Earbuds,1,170.83,0.0,170.83,5.0,0
105859,2025-12-23,Europe,Spain,Web,Electronics,Wireless Earbuds,1,170.84,0.15,145.21,4.0,0
105860,2025-12-23,North America,Mexico,Mobile App,Home & Kitchen,Air Fryer,2,162.16,0.2,259.46,5.0,0
105861,2025-12-23,North America,United States,Mobile App,Fashion,Leather Belt,4,121.6,0.15,413.44,,0
105862,2025-12-23,Latin America,Brazil,Mobile App,Home & Kitchen,Smart Lamp,4,196.83,0.15,669.22,4.0,0
105863,2025-12-23,Europe,United Kingdom,Web,Beauty,Fragrance Set,1,105.51,0.0,105.51,5.0,0
105864,2025-12-23,Latin America,Brazil,Mobile App,Home & Kitchen,Espresso Machine,3,78.97,0.1,213.22,3.0,0
105865,2025-12-23,North America,Mexico,Web,Beauty,Fragrance Set,2,108.49,0.2,173.58,5.0,0
105866,2025-12-23,Europe,Germany,Retail Partner,Sports,Trail Backpack,3,158.9,0.15,405.2,,1
105867,2025-12-24,Europe,France,Mobile App,Fashion,Denim Jacket,2,106.23,0.15,180.59,5.0,0
105868,2025-12-24,Latin America,Brazil,Marketplace,Home & Kitchen,Air Fryer,2,162.43,0.0,324.86,,0
105869,2025-12-24,North America,Canada,Mobile App,Electronics,4K Monitor,1,165.94,0.0,165.94,,0
105870,2025-12-24,Asia Pacific,India,Web,Beauty,Hair Dryer,3,90.08,0.1,243.22,3.0,0
105871,2025-12-24,Asia Pacific,Australia,Mobile App,Home & Kitchen,Linen Bedding,4,161.74,0.15,549.92,,0
105872,2025-12-24,Europe,France,Retail Partner,Fashion,Sunglasses,1,182.14,0.1,163.93,4.0,0
105873,2025-12-24,Europe,Germany,Web,Sports,Dumbbell Set,3,161.53,0.2,387.67,,0
105874,2025-12-24,North America,Canada,Mobile App,Electronics,Wireless Earbuds,3,173.41,0.0,520.23,,0
105875,2025-12-24,Latin America,Brazil,Mobile App,Sports,Fitness Tracker,2,69.84,0.0,139.68,3.0,0
105876,2025-12-24,North America,Mexico,Mobile App,Home & Kitchen,Smart Lamp,2,208.58,0.1,375.44,,0
105877,2025-12-24,North America,Mexico,Marketplace,Sports,Cycling Helmet,2,221.3,0.1,398.34,3.0,0
105878,2025-12-24,North America,Mexico,Mobile App,Sports,Trail Backpack,2,162.96,0.0,325.92,,0
105879,2025-12-24,North America,Canada,Web,Electronics,Smartwatch,1,388.69,0.0,388.69,3.0,0
105880,2025-12-24,Europe,Spain,Retail Partner,Home & Kitchen,Linen Bedding,1,159.75,0.0,159.75,,0
105881,2025-12-24,Asia Pacific,Australia,Mobile App,Home & Kitchen,Air Fryer,2,157.32,0.0,314.64,,0
105882,2025-12-24,North America,United States,Web,Home & Kitchen,Smart Lamp,1,184.11,0.0,184.11,5.0,0
105883,2025-12-25,Latin America,Brazil,Web,Electronics,4K Monitor,1,153.9,0.0,153.9,,0
105884,2025-12-25,Europe,France,Web,Fashion,Wool Sweater,3,46.76,0.15,119.24,,0
105885,2025-12-25,North America,United States,Web,Electronics,USB-C Hub,1,356.78,0.0,356.78,,0
105886,2025-12-25,Asia Pacific,Singapore,Marketplace,Home & Kitchen,Chef Knife Set,1,194.42,0.0,194.42,4.0,0
105887,2025-12-25,North America,Canada,Mobile App,Sports,Fitness Tracker,4,68.37,0.0,273.48,,0
105888,2025-12-25,North America,Mexico,Marketplace,Fashion,Leather Belt,2,128.18,0.0,256.36,,0
105889,2025-12-25,Europe,France,Web,Electronics,Smartwatch,1,362.38,0.15,308.02,5.0,0
105890,2025-12-25,North America,Mexico,Mobile App,Sports,Cycling Helmet,1,227.7,0.15,193.54,5.0,0
105891,2025-12-25,North America,United States,Mobile App,Fashion,Sunglasses,1,166.43,0.0,166.43,5.0,1
105892,2025-12-25,Europe,France,Web,Electronics,Mechanical Keyboard,1,53.0,0.15,45.05,,0
105893,2025-12-26,Asia Pacific,Singapore,Web,Home & Kitchen,Linen Bedding,1,157.07,0.0,157.07,5.0,0
105894,2025-12-26,Asia Pacific,Japan,Mobile App,Sports,Yoga Mat,1,118.18,0.0,118.18,,1
105895,2025-12-26,Europe,France,Web,Home & Kitchen,Chef Knife Set,2,177.69,0.15,302.07,,0
105896,2025-12-26,North America,United States,Web,Electronics,Smartwatch,4,347.14,0.1,1249.7,5.0,0
105897,2025-12-26,North America,United States,Mobile App,Fashion,Wool Sweater,1,42.07,0.0,42.07,,0
105898,2025-12-26,North America,United States,Retail Partner,Electronics,Mechanical Keyboard,1,52.15,0.2,41.72,4.0,0
105899,2025-12-26,Europe,Germany,Mobile App,Home & Kitchen,Air Fryer,3,157.59,0.0,472.77,,0
105900,2025-12-26,Asia Pacific,Japan,Web,Electronics,Wireless Earbuds,1,177.03,0.2,141.62,,0
105901,2025-12-26,North America,United States,Mobile App,Electronics,Smartwatch,4,353.11,0.05,1341.82,3.0,0
105902,2025-12-26,Asia Pacific,India,Retail Partner,Sports,Dumbbell Set,4,174.26,0.0,697.04,,0
105903,2025-12-26,Europe,Spain,Mobile App,Fashion,Leather Belt,4,121.57,0.2,389.02,5.0,0
105904,2025-12-26,North America,Canada,Web,Home & Kitchen,Smart Lamp,1,203.08,0.15,172.62,5.0,0
105905,2025-12-26,Asia Pacific,India,Marketplace,Beauty,Fragrance Set,1,109.19,0.0,109.19,3.0,0
105906,2025-12-26,North America,Canada,Web,Home & Kitchen,Chef Knife Set,3,201.52,0.05,574.33,,0
105907,2025-12-26,Europe,Germany,Mobile App,Electronics,USB-C Hub,1,364.27,0.2,291.42,,0
105908,2025-12-26,Latin America,Brazil,Web,Fashion,Leather Belt,1,120.71,0.1,108.64,,0
105909,2025-12-26,Asia Pacific,Japan,Mobile App,Fashion,Sunglasses,2,175.79,0.0,351.58,4.0,0
105910,2025-12-26,Europe,United Kingdom,Mobile App,Electronics,4K Monitor,1,162.39,0.0,162.39,5.0,0
105911,2025-12-26,North America,Mexico,Marketplace,Home & Kitchen,Smart Lamp,4,208.96,0.0,835.84,5.0,0
105912,2025-12-26,North America,Mexico,Marketplace,Electronics,Mechanical Keyboard,2,47.47,0.0,94.94,5.0,0
105913,2025-12-26,North America,Mexico,Web,Beauty,Skincare Kit,1,108.3,0.2,86.64,5.0,0
105914,2025-12-27,Europe,Germany,Web,Sports,Dumbbell Set,1,171.18,0.2,136.94,4.0,0
105915,2025-12-27,North America,Canada,Retail Partner,Home & Kitchen,Smart Lamp,2,208.72,0.2,333.95,,0
105916,2025-12-27,Latin America,Brazil,Web,Beauty,Hair Dryer,1,102.87,0.1,92.58,,0
105917,2025-12-27,Europe,Spain,Web,Electronics,Wireless Earbuds,1,179.53,0.1,161.58,4.0,0
105918,2025-12-27,Europe,France,Web,Fashion,Sunglasses,4,165.05,0.2,528.16,5.0,0
105919,2025-12-27,North America,United States,Web,Fashion,Leather Belt,1,128.93,0.2,103.14,,1
105920,2025-12-27,Europe,France,Marketplace,Electronics,Smartwatch,1,379.65,0.0,379.65,4.0,0
105921,2025-12-27,North America,Mexico,Web,Electronics,Mechanical Keyboard,3,53.69,0.15,136.91,,0
105922,2025-12-27,Latin America,Chile,Marketplace,Fashion,Leather Belt,2,125.76,0.15,213.79,5.0,0
105923,2025-12-27,Asia Pacific,Australia,Web,Sports,Cycling Helmet,4,213.71,0.0,854.84,4.0,0
105924,2025-12-27,North America,Canada,Retail Partner,Fashion,Wool Sweater,1,48.84,0.2,39.07,,0
105925,2025-12-28,North America,Mexico,Mobile App,Sports,Dumbbell Set,4,180.13,0.0,720.52,,0
105926,2025-12-28,Europe,France,Marketplace,Electronics,Wireless Earbuds,1,189.57,0.1,170.61,5.0,0
105927,2025-12-28,North America,Canada,Marketplace,Home & Kitchen,Smart Lamp,2,210.86,0.0,421.72,5.0,0
105928,2025-12-28,Asia Pacific,India,Retail Partner,Beauty,Vitamin C Serum,2,48.38,0.0,96.76,4.0,0
105929,2025-12-28,North America,Mexico,Marketplace,Sports,Trail Backpack,1,145.25,0.0,145.25,5.0,0
105930,2025-12-28,Latin America,Chile,Web,Home & Kitchen,Linen Bedding,1,153.18,0.0,153.18,5.0,0
105931,2025-12-28,Europe,France,Retail Partner,Electronics,Smartwatch,3,347.77,0.0,1043.31,,0
105932,2025-12-28,Europe,Spain,Marketplace,Sports,Yoga Mat,3,114.67,0.05,326.81,3.0,0
105933,2025-12-28,Europe,United Kingdom,Mobile App,Sports,Cycling Helmet,1,203.42,0.15,172.91,4.0,0
105934,2025-12-28,North America,United States,Web,Beauty,Skincare Kit,1,113.65,0.2,90.92,4.0,0
105935,2025-12-28,Asia Pacific,India,Mobile App,Electronics,Smartwatch,2,363.3,0.1,653.94,3.0,0
105936,2025-12-28,Europe,France,Web,Beauty,Fragrance Set,1,114.85,0.0,114.85,3.0,0
105937,2025-12-28,North America,Mexico,Mobile App,Beauty,Hair Dryer,3,96.64,0.0,289.92,4.0,0
105938,2025-12-28,Europe,United Kingdom,Web,Beauty,Lip Palette,1,115.35,0.2,92.28,5.0,0
105939,2025-12-28,Asia Pacific,Singapore,Mobile App,Sports,Fitness Tracker,2,71.65,0.0,143.3,4.0,0
105940,2025-12-28,Asia Pacific,Singapore,Mobile App,Beauty,Vitamin C Serum,4,45.97,0.0,183.88,4.0,0
105941,2025-12-28,Latin America,Chile,Web,Beauty,Fragrance Set,4,106.97,0.0,427.88,5.0,0
105942,2025-12-28,North America,Canada,Marketplace,Home & Kitchen,Smart Lamp,4,211.44,0.05,803.47,5.0,0
105943,2025-12-29,North America,Mexico,Retail Partner,Home & Kitchen,Smart Lamp,1,215.12,0.0,215.12,,0
105944,2025-12-29,North America,Canada,Mobile App,Electronics,Smartwatch,1,375.35,0.2,300.28,5.0,0
105945,2025-12-29,Asia Pacific,Singapore,Retail Partner,Fashion,Running Shoes,1,57.07,0.0,57.07,5.0,0
105946,2025-12-29,North America,United States,Web,Electronics,4K Monitor,2,169.04,0.0,338.08,4.0,0
105947,2025-12-29,Asia Pacific,India,Retail Partner,Electronics,Wireless Earbuds,1,183.67,0.1,165.3,,0
105948,2025-12-29,North America,United States,Web,Home & Kitchen,Air Fryer,1,181.0,0.05,171.95,5.0,0
105949,2025-12-29,North America,Canada,Web,Fashion,Wool Sweater,3,43.48,0.2,104.35,3.0,0
105950,2025-12-29,North America,Mexico,Mobile App,Home & Kitchen,Air Fryer,2,181.51,0.2,290.42,4.0,0
105951,2025-12-29,North America,United States,Mobile App,Beauty,Hair Dryer,1,96.98,0.1,87.28,4.0,0
105952,2025-12-29,North America,United States,Mobile App,Fashion,Leather Belt,1,122.03,0.0,122.03,,1
105953,2025-12-29,Latin America,Argentina,Mobile App,Electronics,Mechanical Keyboard,1,54.71,0.0,54.71,4.0,0
105954,2025-12-29,Latin America,Argentina,Marketplace,Electronics,Smartwatch,1,364.64,0.0,364.64,5.0,0
105955,2025-12-29,Europe,France,Mobile App,Electronics,Smartwatch,1,342.97,0.0,342.97,5.0,0
105956,2025-12-29,Asia Pacific,Japan,Web,Sports,Cycling Helmet,1,225.04,0.0,225.04,4.0,0
105957,2025-12-29,North America,Canada,Web,Home & Kitchen,Chef Knife Set,1,177.31,0.1,159.58,4.0,0
105958,2025-12-30,Asia Pacific,Australia,Marketplace,Electronics,USB-C Hub,2,381.67,0.2,610.67,5.0,0
105959,2025-12-30,Asia Pacific,India,Web,Fashion,Sunglasses,1,178.75,0.05,169.81,5.0,0
105960,2025-12-30,Asia Pacific,Japan,Mobile App,Fashion,Sunglasses,1,166.54,0.1,149.89,5.0,0
105961,2025-12-30,Europe,Germany,Web,Sports,Dumbbell Set,4,171.1,0.0,684.4,,0
105962,2025-12-30,Latin America,Brazil,Web,Fashion,Denim Jacket,1,98.25,0.0,98.25,4.0,0
105963,2025-12-30,Europe,Spain,Web,Home & Kitchen,Smart Lamp,2,207.16,0.15,352.17,4.0,0
105964,2025-12-30,Asia Pacific,Australia,Web,Home & Kitchen,Chef Knife Set,3,185.09,0.0,555.27,4.0,0
105965,2025-12-30,Latin America,Argentina,Marketplace,Electronics,Smartwatch,2,384.9,0.2,615.84,5.0,0
105966,2025-12-30,Asia Pacific,Australia,Marketplace,Electronics,USB-C Hub,2,391.15,0.0,782.3,,0
105967,2025-12-30,North America,Canada,Web,Sports,Yoga Mat,4,115.27,0.2,368.86,4.0,0
105968,2025-12-30,North America,United States,Web,Electronics,Wireless Earbuds,1,166.41,0.0,166.41,5.0,0
105969,2025-12-30,North America,Canada,Mobile App,Beauty,Hair Dryer,1,92.79,0.0,92.79,5.0,0
105970,2025-12-30,Asia Pacific,Singapore,Mobile App,Beauty,Skincare Kit,1,107.42,0.2,85.94,5.0,0
105971,2025-12-30,North America,Canada,Web,Fashion,Denim Jacket,1,112.42,0.15,95.56,,0
105972,2025-12-30,Asia Pacific,Japan,Web,Electronics,Wireless Earbuds,1,168.34,0.1,151.51,5.0,0
105973,2025-12-30,North America,United States,Web,Home & Kitchen,Smart Lamp,4,212.03,0.0,848.12,5.0,0
105974,2025-12-30,Asia Pacific,Japan,Marketplace,Electronics,Mechanical Keyboard,2,47.24,0.1,85.03,,0
105975,2025-12-30,North America,United States,Web,Fashion,Wool Sweater,2,48.4,0.0,96.8,5.0,0
105976,2025-12-30,Europe,Spain,Mobile App,Fashion,Wool Sweater,4,48.6,0.0,194.4,,0
105977,2025-12-30,Europe,Germany,Web,Home & Kitchen,Smart Lamp,1,207.12,0.0,207.12,4.0,0
105978,2025-12-30,Europe,France,Mobile App,Fashion,Running Shoes,3,53.8,0.0,161.4,4.0,0
105979,2025-12-31,North America,United States,Retail Partner,Electronics,Smartwatch,4,397.12,0.15,1350.21,5.0,0
105980,2025-12-31,Latin America,Argentina,Mobile App,Home & Kitchen,Air Fryer,4,156.77,0.05,595.73,,0
105981,2025-12-31,North America,United States,Web,Electronics,Wireless Earbuds,1,181.77,0.1,163.59,4.0,0
105982,2025-12-31,North America,Canada,Web,Home & Kitchen,Linen Bedding,3,169.14,0.2,405.94,5.0,1
105983,2025-12-31,North America,United States,Web,Home & Kitchen,Chef Knife Set,2,195.46,0.0,390.92,3.0,0
105984,2025-12-31,Asia Pacific,Singapore,Retail Partner,Electronics,Wireless Earbuds,2,172.37,0.0,344.74,5.0,0
105985,2025-12-31,Europe,United Kingdom,Mobile App,Electronics,Mechanical Keyboard,2,54.7,0.05,103.93,5.0,0
105986,2025-12-31,Asia Pacific,Australia,Mobile App,Electronics,4K Monitor,1,151.89,0.0,151.89,5.0,0
105987,2025-12-31,North America,Canada,Mobile App,Home & Kitchen,Air Fryer,1,176.08,0.0,176.08,5.0,0
105988,2025-12-31,Latin America,Chile,Web,Sports,Dumbbell Set,1,168.8,0.05,160.36,,0
105989,2025-12-31,Latin America,Chile,Mobile App,Fashion,Running Shoes,1,52.86,0.0,52.86,,0
105990,2025-12-31,Europe,Spain,Web,Electronics,4K Monitor,1,165.02,0.0,165.02,5.0,0
105991,2025-12-31,Asia Pacific,Japan,Mobile App,Home & Kitchen,Linen Bedding,2,156.98,0.05,298.26,,0
105992,2025-12-31,North America,Canada,Marketplace,Fashion,Sunglasses,1,168.09,0.0,168.09,5.0,0
105993,2025-12-31,Asia Pacific,Singapore,Mobile App,Home & Kitchen,Air Fryer,1,162.83,0.2,130.26,,0
105994,2025-12-31,North America,Mexico,Mobile App,Electronics,4K Monitor,1,164.66,0.0,164.66,,0
105995,2025-12-31,North America,United States,Mobile App,Beauty,Vitamin C Serum,1,42.15,0.0,42.15,5.0,0
105996,2025-12-31,North America,United States,Marketplace,Fashion,Leather Belt,2,133.37,0.15,226.73,,0
105997,2025-12-31,North America,Mexico,Mobile App,Electronics,Mechanical Keyboard,1,50.14,0.05,47.63,4.0,0
105998,2025-12-31,Europe,France,Retail Partner,Electronics,Mechanical Keyboard,1,48.4,0.0,48.4,5.0,0
105999,2025-12-31,Europe,Germany,Web,Sports,Fitness Tracker,1,68.15,0.0,68.15,,0
