customer_id,company,signup_date,plan,industry,country,acquisition_channel,seats,mrr,nps_score,support_tickets,churned,churn_date
C-10000,PixelLogistics 0,2024-03-11,Growth,Fintech,United States,Paid Ads,10,341.55,4,7,1,2025-04-20
C-10001,BlueLogistics 1,2025-01-30,Starter,Healthcare,Germany,Outbound Sales,5,69.6,5,5,0,
C-10002,KiteLogistics 2,2025-09-23,Business,Logistics,United States,Partner,31,2496.65,9,4,0,
C-10003,NovaSystems 3,2024-03-26,Starter,Fintech,India,Referral,1,29.0,8,5,0,
C-10004,PixelLogistics 4,2025-08-06,Starter,Media,United Kingdom,Paid Ads,4,59.45,10,1,0,
C-10005,NovaCloud 5,2025-04-27,Business,Education,United States,Paid Ads,29,2287.35,6,1,0,
C-10006,BrightlySystems 6,2024-06-16,Starter,Education,Australia,Paid Ads,5,69.6,9,1,0,
C-10007,BlueWorks 7,2024-06-27,Enterprise,Healthcare,India,Referral,139,3279.0,2,8,1,2025-07-22
C-10008,LumenCloud 8,2024-01-19,Growth,Fintech,Canada,Referral,8,272.25,4,8,1,2024-05-09
C-10009,OrbitHealth 9,2025-07-20,Starter,Logistics,Australia,Partner,1,29.0,8,3,0,
C-10010,BrightlyHealth 10,2023-12-08,Starter,Real Estate,France,Paid Ads,1,29.0,8,10,0,
C-10011,KiteLabs 11,2024-10-31,Starter,Real Estate,United Kingdom,Outbound Sales,5,69.6,5,5,1,2025-08-08
C-10012,HarborPay 12,2024-12-03,Starter,Real Estate,Canada,Outbound Sales,2,39.15,10,4,0,
C-10013,BluePay 13,2025-06-11,Growth,E-commerce,India,Paid Ads,25,861.3,4,2,0,
C-10014,LumenSystems 14,2024-08-08,Starter,Healthcare,United Kingdom,Organic Search,3,49.3,2,9,1,2024-10-20
C-10015,LumenPay 15,2024-06-01,Starter,Fintech,France,Paid Ads,4,59.45,5,7,1,2024-09-12
C-10016,BlueCloud 16,2024-02-06,Business,Logistics,Brazil,Organic Search,73,6891.95,7,0,0,
C-10017,KiteWorks 17,2024-04-24,Starter,Healthcare,France,Organic Search,2,39.15,10,2,0,
C-10018,SummitStudio 18,2024-06-21,Growth,Media,Australia,Organic Search,4,133.65,7,7,1,2025-09-05
C-10019,PixelPay 19,2025-03-25,Business,Logistics,Canada,Referral,36,3019.9,10,2,0,
C-10020,ApexLearn 20,2024-10-20,Business,Media,Australia,Paid Ads,10,299.0,6,3,0,
C-10021,HarborStudio 21,2023-09-11,Growth,Education,India,Partner,14,480.15,10,1,0,
C-10022,ApexLabs 22,2025-09-13,Starter,Real Estate,United Kingdom,Referral,1,29.0,9,2,0,
C-10023,ApexLogistics 23,2025-06-17,Starter,Healthcare,Canada,Referral,2,39.15,6,0,0,
C-10024,HarborLearn 24,2024-02-06,Starter,Healthcare,Brazil,Outbound Sales,3,49.3,6,7,1,2025-02-25
C-10025,SummitLabs 25,2024-08-18,Growth,Media,Germany,Organic Search,3,99.0,9,1,0,
C-10026,HarborPay 26,2024-12-13,Business,Media,Canada,Outbound Sales,59,5426.85,6,3,0,
C-10027,PixelStudio 27,2025-08-15,Enterprise,Media,India,Paid Ads,158,3678.0,9,2,0,
C-10028,HarborSystems 28,2024-10-30,Business,Fintech,Germany,Organic Search,67,6264.05,8,2,0,
C-10029,KiteWorks 29,2025-08-17,Starter,Real Estate,United Kingdom,Partner,3,49.3,10,1,0,
C-10030,ApexLearn 30,2024-01-12,Growth,Media,India,Partner,12,410.85,7,1,0,
C-10031,OrbitWorks 31,2025-05-25,Business,Media,India,Referral,23,1659.45,6,0,0,
C-10032,ApexLearn 32,2025-06-07,Starter,E-commerce,Brazil,Referral,4,59.45,6,2,0,
C-10033,LumenSystems 33,2025-05-04,Starter,Real Estate,Germany,Organic Search,3,49.3,4,6,1,2025-09-25
C-10034,BrightlyWorks 34,2025-03-21,Starter,Healthcare,India,Partner,3,49.3,6,0,0,
C-10035,PixelWorks 35,2025-07-11,Growth,E-commerce,Canada,Outbound Sales,22,757.35,6,1,0,
C-10036,KiteLearn 36,2024-09-09,Growth,E-commerce,Brazil,Referral,15,514.8,10,7,0,
C-10037,ApexHealth 37,2024-07-01,Starter,E-commerce,Germany,Organic Search,2,39.15,9,1,0,
C-10038,ApexHealth 38,2025-02-03,Business,Fintech,United Kingdom,Referral,72,6787.3,7,4,0,
C-10039,OrbitLabs 39,2025-07-30,Starter,Fintech,Australia,Referral,1,29.0,7,2,0,
C-10040,HarborLogistics 40,2025-09-04,Growth,Healthcare,Australia,Paid Ads,25,861.3,7,3,0,
C-10041,LumenCloud 41,2023-05-16,Growth,E-commerce,Germany,Organic Search,7,237.6,8,4,0,
C-10042,LumenLearn 42,2025-09-21,Growth,E-commerce,Canada,Paid Ads,18,618.75,7,5,0,
C-10043,ApexLearn 43,2024-12-28,Growth,E-commerce,France,Paid Ads,3,99.0,9,2,0,
C-10044,NovaLabs 44,2023-07-21,Business,Logistics,India,Outbound Sales,21,1450.15,6,9,0,
C-10045,KiteLearn 45,2024-09-28,Business,Education,United Kingdom,Organic Search,16,926.9,8,6,0,
C-10046,HarborHealth 46,2024-11-15,Starter,E-commerce,Canada,Paid Ads,5,69.6,9,2,0,
C-10047,LumenWorks 47,2023-11-20,Starter,Education,France,Organic Search,5,69.6,3,10,1,2024-11-13
C-10048,BrightlyLearn 48,2023-09-17,Business,Real Estate,India,Paid Ads,12,508.3,9,2,0,
C-10049,LumenSystems 49,2025-04-19,Growth,Media,United States,Outbound Sales,9,306.9,8,1,0,
C-10050,NovaLogistics 50,2025-07-02,Business,Logistics,Canada,Outbound Sales,48,4275.7,10,7,0,
C-10051,OrbitWorks 51,2024-04-09,Growth,Logistics,Australia,Outbound Sales,20,688.05,7,1,0,
C-10052,BrightlyStudio 52,2023-07-29,Enterprise,Media,United States,Paid Ads,252,5652.0,8,2,0,
C-10053,LumenHealth 53,2025-04-07,Business,Logistics,United Kingdom,Outbound Sales,44,3857.1,8,5,0,
C-10054,ApexStudio 54,2024-03-23,Growth,Media,United Kingdom,Organic Search,12,410.85,8,1,0,
C-10055,PixelStudio 55,2024-07-29,Starter,Fintech,Brazil,Outbound Sales,2,39.15,7,6,0,
C-10056,HarborHealth 56,2023-04-15,Starter,Real Estate,India,Organic Search,4,59.45,4,3,1,2023-11-04
C-10057,ApexHealth 57,2025-02-03,Business,Real Estate,India,Partner,62,5740.8,9,1,0,
C-10058,BrightlyPay 58,2023-10-15,Business,Education,Australia,Outbound Sales,38,3229.2,5,2,0,
C-10059,NovaSystems 59,2024-10-19,Growth,Education,France,Outbound Sales,8,272.25,7,5,0,
C-10060,SummitHealth 60,2024-01-13,Growth,Fintech,France,Outbound Sales,9,306.9,9,4,0,
C-10061,KiteLabs 61,2025-05-17,Business,Education,Australia,Organic Search,14,717.6,6,4,0,
C-10062,PixelSystems 62,2025-02-05,Business,E-commerce,India,Referral,53,4798.95,9,8,0,
C-10063,OrbitHealth 63,2024-03-31,Starter,Education,France,Paid Ads,3,49.3,4,11,1,2024-09-22
C-10064,BrightlyHealth 64,2025-04-09,Growth,Education,United Kingdom,Organic Search,24,826.65,6,0,0,
C-10065,LumenWorks 65,2025-05-11,Starter,Media,Brazil,Referral,2,39.15,6,4,0,
C-10066,NovaCloud 66,2025-05-14,Starter,E-commerce,Canada,Paid Ads,1,29.0,9,1,0,
C-10067,KiteLearn 67,2025-05-26,Business,Logistics,France,Organic Search,80,7624.5,9,1,0,
C-10068,SummitLogistics 68,2025-08-17,Growth,Logistics,France,Partner,5,168.3,9,3,0,
C-10069,ApexLogistics 69,2025-01-06,Business,E-commerce,India,Organic Search,27,2078.05,8,2,0,
C-10070,ApexPay 70,2024-07-26,Business,Real Estate,Canada,Referral,80,7624.5,6,3,0,
C-10071,LumenLearn 71,2024-03-12,Business,Healthcare,India,Outbound Sales,14,717.6,5,1,0,
C-10072,SummitPay 72,2025-07-02,Business,Real Estate,India,Paid Ads,36,3019.9,7,1,0,
C-10073,NovaCloud 73,2024-07-18,Business,Logistics,Australia,Organic Search,13,612.95,6,5,0,
C-10074,OrbitLearn 74,2025-01-27,Starter,Media,France,Organic Search,2,39.15,4,3,1,2025-09-14
C-10075,HarborWorks 75,2025-03-29,Starter,E-commerce,France,Paid Ads,4,59.45,8,4,0,
C-10076,OrbitStudio 76,2025-05-28,Starter,Education,Brazil,Paid Ads,5,69.6,8,1,0,
C-10077,KiteCloud 77,2024-11-29,Growth,Real Estate,India,Paid Ads,6,202.95,7,6,0,
C-10078,NovaStudio 78,2025-05-12,Starter,Media,India,Paid Ads,4,59.45,7,3,0,
C-10079,KiteSystems 79,2023-04-18,Business,Media,Germany,Referral,30,2392.0,9,5,0,
C-10080,SummitHealth 80,2025-05-08,Growth,Fintech,India,Paid Ads,17,584.1,9,2,0,
C-10081,BlueLearn 81,2024-03-14,Starter,Fintech,United Kingdom,Organic Search,5,69.6,5,5,1,2024-10-16
C-10082,HarborLabs 82,2023-08-02,Starter,Fintech,Canada,Partner,5,69.6,8,2,0,
C-10083,PixelLearn 83,2024-10-17,Starter,E-commerce,France,Paid Ads,1,29.0,8,0,0,
C-10084,OrbitSystems 84,2024-03-27,Starter,E-commerce,Australia,Partner,5,69.6,7,8,1,2024-12-13
C-10085,OrbitLogistics 85,2025-08-10,Starter,Logistics,Canada,Organic Search,3,49.3,8,3,0,
C-10086,BlueHealth 86,2024-04-13,Growth,Real Estate,Canada,Referral,11,376.2,5,7,1,2025-02-08
C-10087,BrightlyStudio 87,2023-12-29,Enterprise,Fintech,India,Partner,384,8424.0,7,3,0,
C-10088,HarborWorks 88,2024-09-07,Business,Media,Germany,Organic Search,17,1031.55,6,4,0,
C-10089,OrbitLabs 89,2023-05-02,Enterprise,Logistics,France,Partner,398,8718.0,8,2,0,
C-10090,NovaSystems 90,2025-09-10,Starter,E-commerce,Canada,Partner,1,29.0,8,0,0,
C-10091,SummitWorks 91,2023-03-08,Starter,Real Estate,United States,Paid Ads,4,59.45,10,6,0,
C-10092,ApexStudio 92,2025-07-03,Growth,Fintech,Canada,Outbound Sales,12,410.85,8,1,0,
C-10093,KiteLearn 93,2024-05-03,Growth,Media,Canada,Partner,5,168.3,9,1,0,
C-10094,PixelHealth 94,2024-02-28,Starter,E-commerce,Canada,Organic Search,4,59.45,8,10,1,2024-10-10
C-10095,BlueLearn 95,2024-05-15,Starter,Fintech,France,Paid Ads,2,39.15,10,1,0,
C-10096,HarborHealth 96,2025-03-10,Starter,Media,France,Organic Search,4,59.45,6,3,0,
C-10097,BlueLabs 97,2025-05-29,Growth,Media,United Kingdom,Paid Ads,20,688.05,6,4,0,
C-10098,KiteLabs 98,2025-07-11,Starter,Real Estate,India,Referral,1,29.0,7,3,0,
C-10099,BrightlyHealth 99,2024-07-03,Growth,Logistics,India,Organic Search,20,688.05,8,3,0,
C-10100,HarborCloud 100,2023-07-29,Growth,Media,Brazil,Organic Search,18,618.75,5,9,1,2024-12-31
C-10101,SummitHealth 101,2024-05-11,Growth,Logistics,Australia,Referral,23,792.0,6,1,0,
C-10102,OrbitWorks 102,2025-09-07,Starter,E-commerce,Canada,Paid Ads,1,29.0,7,2,0,
C-10103,BrightlyWorks 103,2023-11-11,Enterprise,Education,Germany,Paid Ads,182,4182.0,9,3,0,
C-10104,SummitStudio 104,2023-09-12,Growth,Healthcare,Canada,Outbound Sales,10,341.55,8,1,0,
C-10105,KitePay 105,2023-06-18,Growth,Real Estate,Australia,Partner,6,202.95,8,6,0,
C-10106,BrightlyHealth 106,2024-07-17,Business,Media,Australia,Referral,47,4171.05,6,2,0,
C-10107,SummitSystems 107,2024-01-20,Starter,Fintech,Australia,Organic Search,4,59.45,9,1,0,
C-10108,OrbitSystems 108,2024-11-26,Growth,Media,Germany,Organic Search,21,722.7,9,2,0,
C-10109,NovaHealth 109,2024-08-02,Enterprise,Education,Australia,Organic Search,171,3951.0,7,2,0,
C-10110,HarborLogistics 110,2024-06-09,Starter,E-commerce,Brazil,Paid Ads,1,29.0,4,7,1,2025-08-02
C-10111,PixelLabs 111,2023-07-11,Starter,Logistics,France,Referral,2,39.15,9,4,0,
C-10112,NovaPay 112,2023-04-25,Growth,Real Estate,France,Paid Ads,22,757.35,5,8,1,2024-01-25
C-10113,NovaPay 113,2023-10-19,Business,Real Estate,Australia,Organic Search,49,4380.35,6,1,0,
C-10114,HarborLearn 114,2023-11-26,Starter,Media,France,Partner,3,49.3,5,6,1,2024-08-28
C-10115,SummitPay 115,2025-09-12,Starter,Logistics,United Kingdom,Referral,4,59.45,8,2,0,
C-10116,SummitLabs 116,2025-05-01,Enterprise,E-commerce,United States,Outbound Sales,343,7563.0,7,4,0,
C-10117,KiteLearn 117,2023-05-15,Enterprise,E-commerce,Australia,Outbound Sales,227,5127.0,10,2,0,
C-10118,BrightlyHealth 118,2024-08-02,Starter,Media,Canada,Paid Ads,1,29.0,7,3,0,
C-10119,ApexLabs 119,2023-12-17,Growth,E-commerce,Germany,Referral,24,826.65,10,5,0,
C-10120,HarborHealth 120,2024-10-17,Starter,Real Estate,United States,Organic Search,3,49.3,9,5,0,
C-10121,HarborWorks 121,2023-10-13,Starter,Fintech,France,Referral,2,39.15,8,5,0,
C-10122,BlueLabs 122,2024-01-01,Starter,Healthcare,Germany,Partner,4,59.45,4,4,1,2024-08-24
C-10123,SummitLogistics 123,2024-09-15,Starter,Logistics,Canada,Outbound Sales,1,29.0,9,2,0,
C-10124,BrightlyCloud 124,2025-08-31,Growth,Fintech,France,Paid Ads,10,341.55,8,5,0,
C-10125,ApexCloud 125,2025-03-24,Starter,Education,India,Organic Search,4,59.45,10,3,0,
C-10126,OrbitCloud 126,2024-10-14,Starter,Media,France,Paid Ads,5,69.6,7,3,0,
C-10127,BrightlySystems 127,2024-06-08,Business,Logistics,Germany,Paid Ads,55,5008.25,9,4,0,
C-10128,KiteLabs 128,2023-12-25,Growth,Logistics,Brazil,Organic Search,19,653.4,7,2,0,
C-10129,HarborLabs 129,2025-06-10,Starter,Real Estate,India,Outbound Sales,4,59.45,8,3,0,
C-10130,HarborLogistics 130,2023-04-30,Starter,Education,India,Paid Ads,3,49.3,6,12,1,2024-04-17
C-10131,BlueStudio 131,2025-03-01,Starter,Real Estate,Australia,Outbound Sales,4,59.45,6,3,0,
C-10132,NovaLearn 132,2025-04-10,Starter,Logistics,France,Paid Ads,3,49.3,7,3,0,
C-10133,OrbitHealth 133,2025-07-25,Starter,Logistics,Brazil,Partner,4,59.45,6,1,0,
C-10134,SummitHealth 134,2025-08-08,Enterprise,Education,United States,Organic Search,213,4833.0,7,0,0,
C-10135,LumenStudio 135,2024-12-18,Business,Media,Germany,Organic Search,78,7415.2,10,4,0,
C-10136,NovaLogistics 136,2025-08-21,Growth,Fintech,Canada,Organic Search,12,410.85,8,2,0,
C-10137,OrbitLogistics 137,2024-07-14,Business,Education,India,Partner,45,3961.75,8,5,0,
C-10138,BluePay 138,2025-08-02,Growth,E-commerce,Brazil,Partner,9,306.9,7,2,0,
C-10139,BrightlyStudio 139,2023-09-13,Growth,E-commerce,Australia,Outbound Sales,17,584.1,3,6,1,2024-05-31
C-10140,KiteLabs 140,2025-05-19,Growth,Education,Australia,Referral,24,826.65,5,5,0,
C-10141,PixelStudio 141,2023-06-12,Business,Real Estate,Brazil,Referral,65,6054.75,10,3,0,
C-10142,LumenPay 142,2025-09-20,Growth,Logistics,Germany,Outbound Sales,4,133.65,8,1,0,
C-10143,BrightlyCloud 143,2024-04-25,Growth,Fintech,France,Referral,5,168.3,7,3,0,
C-10144,KiteHealth 144,2024-01-15,Starter,Education,Australia,Referral,3,49.3,6,8,1,2024-06-22
C-10145,HarborLearn 145,2025-08-10,Starter,Education,United Kingdom,Paid Ads,5,69.6,8,2,0,
C-10146,BrightlyPay 146,2025-09-26,Growth,Healthcare,United States,Organic Search,19,653.4,8,5,0,
C-10147,ApexLearn 147,2023-10-14,Starter,Logistics,France,Referral,5,69.6,10,3,0,
C-10148,ApexPay 148,2025-02-14,Growth,Real Estate,United Kingdom,Partner,17,584.1,4,13,1,2025-06-10
C-10149,LumenWorks 149,2023-12-07,Growth,Fintech,Germany,Outbound Sales,9,306.9,7,3,0,
C-10150,PixelHealth 150,2024-10-29,Growth,Fintech,France,Referral,23,792.0,10,7,0,
C-10151,LumenWorks 151,2024-04-16,Growth,Real Estate,Brazil,Partner,18,618.75,8,4,0,
C-10152,ApexLogistics 152,2024-05-17,Growth,Real Estate,Australia,Partner,22,757.35,10,4,0,
C-10153,BlueWorks 153,2024-10-02,Growth,Healthcare,Brazil,Outbound Sales,3,99.0,9,3,0,
C-10154,KitePay 154,2024-01-18,Starter,Real Estate,Brazil,Outbound Sales,3,49.3,5,1,0,
C-10155,SummitCloud 155,2025-03-28,Business,Media,United States,Referral,23,1659.45,6,2,0,
C-10156,SummitPay 156,2023-06-16,Starter,E-commerce,Brazil,Paid Ads,5,69.6,10,6,0,
C-10157,BlueHealth 157,2024-08-21,Starter,E-commerce,Canada,Paid Ads,1,29.0,8,3,0,
C-10158,PixelHealth 158,2024-07-26,Starter,Real Estate,France,Organic Search,3,49.3,9,1,0,
C-10159,ApexLabs 159,2023-08-07,Business,E-commerce,France,Organic Search,42,3647.8,10,0,0,
C-10160,SummitPay 160,2023-07-28,Growth,Real Estate,United States,Organic Search,18,618.75,9,6,0,
C-10161,ApexWorks 161,2024-12-28,Growth,Logistics,United States,Paid Ads,7,237.6,7,0,0,
C-10162,PixelStudio 162,2024-10-13,Starter,Fintech,Canada,Paid Ads,3,49.3,6,3,0,
C-10163,SummitLabs 163,2025-09-18,Starter,Healthcare,Canada,Partner,3,49.3,8,4,0,
C-10164,NovaLogistics 164,2025-04-25,Growth,Education,Germany,Paid Ads,3,99.0,7,2,0,
C-10165,BrightlyStudio 165,2025-05-12,Starter,Logistics,Germany,Referral,2,39.15,8,0,0,
C-10166,PixelSystems 166,2025-01-07,Business,Logistics,Canada,Paid Ads,51,4589.65,10,1,0,
C-10167,LumenPay 167,2024-12-23,Growth,Education,United Kingdom,Referral,13,445.5,8,1,0,
C-10168,BrightlyPay 168,2024-03-10,Growth,E-commerce,Germany,Outbound Sales,24,826.65,4,12,1,2025-04-21
C-10169,BrightlyCloud 169,2025-09-12,Starter,E-commerce,United States,Partner,3,49.3,8,2,0,
C-10170,BrightlyCloud 170,2025-03-13,Growth,Healthcare,France,Paid Ads,9,306.9,10,1,0,
C-10171,LumenHealth 171,2025-01-19,Starter,E-commerce,Australia,Partner,4,59.45,8,5,0,
C-10172,HarborLogistics 172,2024-11-02,Starter,Education,United States,Paid Ads,2,39.15,7,2,0,
C-10173,ApexLogistics 173,2025-03-12,Growth,Fintech,Brazil,Outbound Sales,9,306.9,10,1,0,
C-10174,HarborLogistics 174,2024-03-06,Starter,Media,United Kingdom,Organic Search,4,59.45,7,7,0,
C-10175,KiteStudio 175,2024-12-15,Starter,Logistics,France,Referral,2,39.15,9,2,0,
C-10176,KitePay 176,2025-09-06,Starter,Media,United Kingdom,Paid Ads,1,29.0,10,1,0,
C-10177,KitePay 177,2023-10-06,Growth,Logistics,France,Outbound Sales,8,272.25,7,3,0,
C-10178,KiteWorks 178,2023-12-06,Growth,Healthcare,Brazil,Organic Search,16,549.45,8,2,0,
C-10179,LumenLabs 179,2024-02-23,Growth,Healthcare,France,Referral,10,341.55,7,5,0,
C-10180,KiteWorks 180,2024-03-02,Growth,Media,France,Outbound Sales,4,133.65,9,6,0,
C-10181,BlueLabs 181,2023-12-04,Enterprise,E-commerce,Germany,Paid Ads,142,3342.0,9,1,0,
C-10182,LumenLabs 182,2025-03-07,Business,Education,Canada,Organic Search,73,6891.95,8,6,0,
C-10183,BlueLearn 183,2024-09-12,Starter,Media,United Kingdom,Partner,3,49.3,8,2,0,
C-10184,OrbitLabs 184,2025-07-28,Growth,Healthcare,United States,Organic Search,20,688.05,6,3,0,
C-10185,ApexLogistics 185,2025-06-26,Starter,E-commerce,Australia,Outbound Sales,1,29.0,10,2,0,
C-10186,NovaLearn 186,2025-05-11,Enterprise,Healthcare,Australia,Organic Search,156,3636.0,6,3,0,
C-10187,LumenLearn 187,2024-07-17,Starter,E-commerce,India,Paid Ads,5,69.6,9,4,0,
C-10188,SummitLogistics 188,2025-02-06,Enterprise,Media,India,Referral,41,1221.0,9,0,0,
C-10189,HarborWorks 189,2024-08-09,Starter,Healthcare,India,Organic Search,5,69.6,8,2,0,
C-10190,ApexHealth 190,2024-12-12,Enterprise,Logistics,Australia,Organic Search,370,8130.0,10,2,0,
C-10191,BluePay 191,2025-07-03,Starter,Fintech,Australia,Paid Ads,1,29.0,5,2,0,
C-10192,HarborStudio 192,2025-03-31,Growth,E-commerce,India,Referral,6,202.95,4,12,1,2025-05-13
C-10193,KiteStudio 193,2024-10-31,Growth,Fintech,United States,Organic Search,16,549.45,5,7,0,
C-10194,NovaSystems 194,2025-03-22,Enterprise,Education,France,Organic Search,298,6618.0,8,2,0,
C-10195,HarborLearn 195,2023-06-15,Growth,Logistics,India,Partner,19,653.4,9,2,0,
C-10196,HarborPay 196,2023-12-10,Starter,Media,United Kingdom,Referral,1,29.0,9,3,0,
C-10197,SummitLabs 197,2023-06-26,Business,Media,Canada,Referral,67,6264.05,8,5,0,
C-10198,BlueHealth 198,2025-01-13,Starter,E-commerce,United States,Referral,2,39.15,10,3,0,
C-10199,BlueWorks 199,2024-10-27,Starter,Logistics,France,Organic Search,2,39.15,7,1,0,
C-10200,SummitLearn 200,2023-12-21,Starter,Logistics,Brazil,Partner,2,39.15,10,4,0,
C-10201,HarborStudio 201,2024-02-26,Starter,E-commerce,Germany,Partner,3,49.3,4,3,1,2024-10-02
C-10202,ApexPay 202,2024-05-10,Enterprise,Media,Germany,Outbound Sales,391,8571.0,7,5,0,
C-10203,LumenLearn 203,2025-01-03,Starter,Logistics,United Kingdom,Paid Ads,3,49.3,8,2,0,
C-10204,OrbitWorks 204,2025-05-23,Starter,Logistics,Germany,Organic Search,4,59.45,8,2,0,
C-10205,ApexHealth 205,2024-04-04,Business,Education,United States,Organic Search,28,2182.7,10,0,0,
C-10206,KiteLearn 206,2025-04-16,Growth,Healthcare,Brazil,Paid Ads,20,688.05,4,13,1,2025-09-04
C-10207,HarborLabs 207,2023-11-25,Starter,Education,Brazil,Paid Ads,3,49.3,8,0,0,
C-10208,LumenLabs 208,2025-07-19,Business,Healthcare,United Kingdom,Paid Ads,41,3543.15,5,3,0,
C-10209,BrightlyLogistics 209,2025-09-18,Business,Education,United States,Paid Ads,74,6996.6,7,2,0,
C-10210,PixelCloud 210,2024-07-18,Starter,E-commerce,United States,Organic Search,3,49.3,10,4,0,
C-10211,BrightlyLearn 211,2024-05-31,Business,Healthcare,Canada,Organic Search,34,2810.6,8,2,0,
C-10212,ApexLogistics 212,2024-01-03,Growth,Logistics,Australia,Paid Ads,20,688.05,10,8,0,
C-10213,SummitLogistics 213,2025-07-02,Business,Education,Brazil,Paid Ads,14,717.6,8,4,0,
C-10214,ApexCloud 214,2024-10-04,Business,Logistics,Brazil,Paid Ads,10,299.0,7,4,0,
C-10215,BlueLearn 215,2025-06-03,Starter,Fintech,Australia,Organic Search,5,69.6,6,4,0,
C-10216,KiteCloud 216,2025-06-06,Growth,Fintech,India,Paid Ads,4,133.65,7,3,0,
C-10217,BrightlySystems 217,2025-06-13,Growth,E-commerce,United Kingdom,Paid Ads,6,202.95,8,2,0,
C-10218,HarborLabs 218,2023-11-02,Business,Media,Germany,Paid Ads,36,3019.9,7,6,0,
C-10219,LumenSystems 219,2024-05-18,Starter,Media,India,Paid Ads,4,59.45,3,9,1,2024-12-13
C-10220,PixelSystems 220,2025-09-06,Growth,Education,United Kingdom,Outbound Sales,16,549.45,8,4,0,
C-10221,ApexLogistics 221,2023-01-23,Business,Real Estate,Brazil,Organic Search,13,612.95,7,3,0,
C-10222,OrbitSystems 222,2025-09-11,Starter,Logistics,United Kingdom,Partner,4,59.45,8,0,0,
C-10223,NovaSystems 223,2025-09-07,Starter,Real Estate,Germany,Organic Search,1,29.0,6,5,0,
C-10224,ApexPay 224,2024-11-28,Starter,Media,Germany,Paid Ads,5,69.6,9,2,0,
C-10225,BrightlyLabs 225,2024-04-17,Business,Healthcare,France,Partner,46,4066.4,10,5,0,
C-10226,PixelLabs 226,2023-10-19,Growth,Logistics,France,Outbound Sales,15,514.8,7,3,0,
C-10227,NovaHealth 227,2024-12-07,Starter,Education,United States,Organic Search,4,59.45,5,5,1,2025-07-11
C-10228,KiteCloud 228,2023-04-28,Growth,Logistics,France,Outbound Sales,5,168.3,7,3,0,
C-10229,KiteHealth 229,2023-06-22,Starter,Logistics,United States,Paid Ads,5,69.6,5,2,0,
C-10230,PixelSystems 230,2025-05-06,Enterprise,Media,United Kingdom,Referral,47,1347.0,8,1,0,
C-10231,ApexWorks 231,2024-04-16,Starter,Healthcare,United States,Paid Ads,1,29.0,8,3,0,
C-10232,NovaHealth 232,2023-03-12,Starter,Healthcare,Canada,Paid Ads,2,39.15,5,6,1,2024-04-25
C-10233,OrbitWorks 233,2025-08-27,Business,Media,United States,Referral,73,6891.95,9,1,0,
C-10234,ApexSystems 234,2023-12-10,Growth,E-commerce,Germany,Outbound Sales,14,480.15,10,4,0,
C-10235,KiteHealth 235,2024-02-09,Business,E-commerce,Canada,Paid Ads,31,2496.65,8,2,0,
C-10236,OrbitLabs 236,2024-10-13,Business,Media,India,Paid Ads,79,7519.85,8,5,0,
C-10237,BrightlyWorks 237,2025-03-14,Growth,Healthcare,United States,Organic Search,22,757.35,9,3,0,
C-10238,OrbitHealth 238,2024-11-27,Growth,Real Estate,United States,Partner,6,202.95,10,2,0,
C-10239,BrightlyPay 239,2025-08-28,Growth,Media,Australia,Organic Search,18,618.75,7,5,0,
C-10240,HarborLabs 240,2025-02-06,Enterprise,Logistics,France,Outbound Sales,160,3720.0,10,4,0,
C-10241,LumenHealth 241,2023-03-01,Starter,Healthcare,Australia,Paid Ads,4,59.45,6,9,1,2023-05-15
C-10242,NovaLogistics 242,2023-06-11,Business,Media,Canada,Outbound Sales,21,1450.15,3,2,1,2024-01-18
C-10243,BlueLearn 243,2025-03-12,Business,Healthcare,Brazil,Referral,42,3647.8,10,4,0,
C-10244,PixelCloud 244,2023-11-29,Starter,E-commerce,Brazil,Outbound Sales,3,49.3,2,4,1,2024-01-03
C-10245,BlueLogistics 245,2025-09-14,Business,Real Estate,Brazil,Outbound Sales,61,5636.15,8,4,0,
C-10246,HarborLabs 246,2025-05-04,Starter,Real Estate,Brazil,Referral,2,39.15,7,2,0,
C-10247,HarborPay 247,2025-04-30,Growth,Logistics,Brazil,Partner,24,826.65,6,2,0,
C-10248,LumenLearn 248,2023-03-04,Starter,Real Estate,Canada,Paid Ads,2,39.15,6,5,1,2024-01-16
C-10249,BlueStudio 249,2025-03-26,Starter,Logistics,Germany,Referral,1,29.0,10,3,0,
C-10250,BlueHealth 250,2025-05-08,Growth,Media,Australia,Organic Search,5,168.3,8,4,0,
C-10251,NovaLearn 251,2023-06-08,Starter,Education,Canada,Organic Search,4,59.45,10,2,0,
C-10252,LumenCloud 252,2024-06-23,Business,E-commerce,France,Partner,46,4066.4,9,3,0,
C-10253,LumenPay 253,2025-01-16,Growth,Media,United Kingdom,Paid Ads,6,202.95,6,0,0,
C-10254,HarborHealth 254,2025-09-09,Business,E-commerce,Canada,Referral,20,1345.5,7,6,0,
C-10255,SummitWorks 255,2024-04-22,Growth,Logistics,France,Organic Search,12,410.85,9,0,0,
C-10256,LumenSystems 256,2023-12-16,Growth,Education,Canada,Organic Search,5,168.3,8,2,0,
C-10257,PixelLogistics 257,2024-12-25,Growth,Education,Australia,Organic Search,13,445.5,7,4,0,
C-10258,KiteWorks 258,2024-09-03,Starter,Healthcare,United Kingdom,Organic Search,2,39.15,8,6,0,
C-10259,HarborStudio 259,2025-01-16,Growth,E-commerce,Germany,Paid Ads,18,618.75,8,4,0,
C-10260,ApexPay 260,2025-08-16,Starter,Logistics,United Kingdom,Paid Ads,1,29.0,8,6,0,
C-10261,PixelLogistics 261,2024-07-31,Starter,E-commerce,Germany,Organic Search,2,39.15,7,3,0,
C-10262,SummitCloud 262,2024-03-04,Starter,Real Estate,Brazil,Paid Ads,3,49.3,7,8,1,2024-04-22
C-10263,BlueCloud 263,2023-10-19,Business,Media,Brazil,Outbound Sales,61,5636.15,8,1,0,
C-10264,SummitSystems 264,2023-04-04,Business,Media,Germany,Organic Search,43,3752.45,6,6,0,
C-10265,ApexWorks 265,2024-06-08,Starter,Healthcare,United Kingdom,Referral,2,39.15,9,1,0,
C-10266,LumenLogistics 266,2024-04-02,Business,Healthcare,Germany,Paid Ads,49,4380.35,8,3,0,
C-10267,ApexSystems 267,2024-06-09,Starter,Fintech,Canada,Organic Search,5,69.6,8,3,0,
C-10268,PixelSystems 268,2023-09-21,Growth,Real Estate,Australia,Paid Ads,5,168.3,7,2,0,
C-10269,KiteLabs 269,2023-08-31,Starter,E-commerce,India,Organic Search,2,39.15,4,5,0,
C-10270,BlueLabs 270,2024-04-08,Starter,Healthcare,United Kingdom,Referral,3,49.3,8,4,0,
C-10271,NovaPay 271,2025-07-07,Growth,Fintech,Australia,Paid Ads,12,410.85,10,0,0,
C-10272,PixelLabs 272,2025-09-03,Business,Media,France,Paid Ads,35,2915.25,9,2,0,
C-10273,NovaCloud 273,2025-01-28,Business,Healthcare,Canada,Referral,21,1450.15,10,3,0,
C-10274,KitePay 274,2023-11-02,Growth,Education,India,Organic Search,15,514.8,10,1,0,
C-10275,NovaLearn 275,2024-11-14,Starter,Logistics,United Kingdom,Partner,1,29.0,10,4,0,
C-10276,KiteLogistics 276,2024-06-11,Starter,E-commerce,India,Referral,3,49.3,9,2,0,
C-10277,KiteStudio 277,2025-08-10,Starter,Healthcare,Brazil,Organic Search,1,29.0,8,2,0,
C-10278,OrbitLabs 278,2024-04-26,Growth,Healthcare,France,Organic Search,25,861.3,6,7,0,
C-10279,LumenLogistics 279,2024-04-09,Starter,Fintech,Australia,Referral,5,69.6,7,4,0,
C-10280,LumenStudio 280,2025-07-14,Business,Healthcare,Australia,Paid Ads,69,6473.35,9,5,0,
C-10281,PixelCloud 281,2024-09-26,Starter,Fintech,Australia,Referral,5,69.6,9,2,0,
C-10282,NovaHealth 282,2023-11-11,Growth,Real Estate,United States,Referral,24,826.65,5,3,0,
C-10283,BrightlyLabs 283,2025-07-08,Growth,Healthcare,United States,Partner,23,792.0,7,2,0,
C-10284,LumenStudio 284,2025-05-21,Business,E-commerce,Canada,Paid Ads,64,5950.1,7,0,0,
C-10285,NovaCloud 285,2025-04-18,Starter,E-commerce,Brazil,Outbound Sales,3,49.3,9,6,0,
C-10286,PixelWorks 286,2025-08-05,Starter,Real Estate,Germany,Outbound Sales,1,29.0,7,1,0,
C-10287,LumenLearn 287,2023-07-23,Growth,Real Estate,Germany,Organic Search,15,514.8,10,5,0,
C-10288,SummitSystems 288,2025-06-28,Growth,Education,Germany,Partner,21,722.7,10,2,0,
C-10289,HarborHealth 289,2025-07-10,Starter,Healthcare,Brazil,Partner,1,29.0,7,1,0,
C-10290,BlueLogistics 290,2023-07-09,Growth,Real Estate,Canada,Partner,19,653.4,9,1,0,
C-10291,BlueStudio 291,2023-10-23,Starter,Media,United States,Partner,4,59.45,3,7,1,2024-07-24
C-10292,LumenHealth 292,2024-01-21,Starter,Education,France,Referral,3,49.3,5,9,1,2025-01-08
C-10293,LumenLogistics 293,2023-03-01,Growth,Logistics,Brazil,Organic Search,22,757.35,6,3,0,
C-10294,ApexPay 294,2024-03-14,Starter,Healthcare,France,Partner,1,29.0,9,2,0,
C-10295,OrbitLearn 295,2025-02-06,Business,Healthcare,Canada,Referral,33,2705.95,10,5,0,
C-10296,LumenHealth 296,2023-10-14,Growth,E-commerce,United Kingdom,Organic Search,4,133.65,10,2,0,
C-10297,BrightlyStudio 297,2024-02-16,Growth,Healthcare,India,Partner,23,792.0,6,2,0,
C-10298,ApexWorks 298,2024-11-30,Starter,Healthcare,Brazil,Partner,4,59.45,5,10,1,2025-01-11
C-10299,BrightlyLogistics 299,2025-08-24,Business,E-commerce,Canada,Referral,54,4903.6,8,2,0,
C-10300,KiteLabs 300,2024-01-21,Enterprise,Media,Canada,Organic Search,219,4959.0,7,3,0,
C-10301,KiteCloud 301,2024-12-28,Growth,Logistics,United States,Outbound Sales,5,168.3,8,3,0,
C-10302,KiteLearn 302,2023-10-11,Business,Real Estate,Germany,Organic Search,39,3333.85,5,2,0,
C-10303,KiteLogistics 303,2024-10-17,Growth,Real Estate,United States,Paid Ads,20,688.05,10,4,0,
C-10304,BlueLabs 304,2025-04-02,Starter,E-commerce,United States,Organic Search,3,49.3,9,4,0,
C-10305,BrightlyCloud 305,2024-12-04,Business,Education,United Kingdom,Outbound Sales,40,3438.5,6,4,0,
C-10306,OrbitWorks 306,2024-11-10,Business,Real Estate,Canada,Paid Ads,60,5531.5,8,4,0,
C-10307,SummitWorks 307,2024-03-13,Starter,E-commerce,United States,Organic Search,2,39.15,8,3,0,
C-10308,KiteCloud 308,2025-04-23,Starter,Education,Australia,Partner,5,69.6,7,1,0,
C-10309,LumenHealth 309,2025-06-01,Business,Logistics,United States,Paid Ads,72,6787.3,10,2,0,
C-10310,ApexHealth 310,2024-01-13,Business,Logistics,France,Paid Ads,38,3229.2,10,3,0,
C-10311,OrbitLearn 311,2025-03-21,Enterprise,Real Estate,Australia,Referral,140,3300.0,4,4,0,
C-10312,HarborStudio 312,2024-06-22,Enterprise,Logistics,Germany,Outbound Sales,74,1914.0,8,1,0,
C-10313,HarborCloud 313,2023-07-27,Growth,E-commerce,Germany,Organic Search,6,202.95,7,3,0,
C-10314,BrightlySystems 314,2023-09-27,Business,E-commerce,Brazil,Organic Search,52,4694.3,6,6,0,
C-10315,NovaCloud 315,2024-11-22,Growth,Education,United States,Partner,18,618.75,10,5,0,
C-10316,PixelLogistics 316,2023-01-15,Starter,Healthcare,Australia,Organic Search,5,69.6,4,9,1,2024-05-29
C-10317,KiteCloud 317,2024-08-08,Business,Real Estate,Australia,Outbound Sales,27,2078.05,10,7,0,
C-10318,LumenLogistics 318,2025-04-02,Starter,Logistics,Canada,Organic Search,3,49.3,8,5,0,
C-10319,HarborLearn 319,2023-02-12,Business,Education,Germany,Referral,46,4066.4,8,1,0,
C-10320,PixelLogistics 320,2024-03-24,Growth,Education,Canada,Paid Ads,16,549.45,8,2,0,
C-10321,BlueWorks 321,2025-07-22,Business,Logistics,United Kingdom,Referral,21,1450.15,7,4,0,
C-10322,KiteWorks 322,2024-12-29,Starter,E-commerce,France,Partner,2,39.15,7,3,0,
C-10323,ApexSystems 323,2025-07-30,Growth,Education,Brazil,Partner,4,133.65,8,0,0,
C-10324,PixelSystems 324,2024-06-01,Starter,E-commerce,Brazil,Organic Search,5,69.6,9,7,0,
C-10325,SummitPay 325,2024-11-09,Business,Healthcare,United States,Referral,15,822.25,8,2,0,
C-10326,LumenLogistics 326,2025-09-21,Growth,Healthcare,Canada,Paid Ads,24,826.65,10,3,0,
C-10327,BlueWorks 327,2025-03-26,Starter,Real Estate,United States,Referral,1,29.0,7,4,0,
C-10328,KiteHealth 328,2025-09-20,Business,Real Estate,United Kingdom,Referral,67,6264.05,10,6,0,
C-10329,LumenStudio 329,2024-06-13,Starter,Logistics,India,Outbound Sales,4,59.45,6,3,0,
C-10330,BlueStudio 330,2025-09-20,Starter,Logistics,Australia,Paid Ads,2,39.15,8,3,0,
C-10331,HarborCloud 331,2023-09-14,Business,Healthcare,United Kingdom,Referral,54,4903.6,3,6,1,2024-03-16
C-10332,OrbitLogistics 332,2024-01-05,Business,Education,India,Organic Search,52,4694.3,6,1,0,
C-10333,KiteStudio 333,2025-07-23,Starter,Media,Australia,Paid Ads,1,29.0,10,2,0,
C-10334,BrightlyLabs 334,2023-09-20,Growth,E-commerce,Australia,Referral,3,99.0,4,8,1,2025-02-03
C-10335,NovaLearn 335,2024-03-01,Starter,E-commerce,Brazil,Outbound Sales,3,49.3,10,0,0,
C-10336,BrightlyPay 336,2025-01-17,Starter,Logistics,United States,Partner,5,69.6,9,2,0,
C-10337,BluePay 337,2023-05-20,Growth,E-commerce,India,Referral,11,376.2,2,5,1,2024-02-16
C-10338,PixelLabs 338,2023-10-18,Business,Healthcare,France,Referral,73,6891.95,7,2,0,
C-10339,OrbitHealth 339,2023-09-15,Starter,Real Estate,Australia,Outbound Sales,4,59.45,8,3,0,
C-10340,KiteHealth 340,2025-02-01,Starter,Real Estate,Australia,Organic Search,2,39.15,7,1,0,
C-10341,ApexPay 341,2023-08-01,Starter,E-commerce,United States,Paid Ads,2,39.15,7,4,0,
C-10342,PixelLabs 342,2024-05-21,Starter,Real Estate,Canada,Organic Search,4,59.45,9,3,0,
C-10343,PixelCloud 343,2024-07-04,Starter,Real Estate,United Kingdom,Outbound Sales,1,29.0,7,1,0,
C-10344,NovaWorks 344,2024-06-10,Starter,Fintech,Brazil,Paid Ads,4,59.45,3,7,1,2025-07-12
C-10345,OrbitSystems 345,2025-06-17,Growth,Real Estate,Germany,Outbound Sales,23,792.0,9,3,0,
C-10346,OrbitLabs 346,2025-07-06,Growth,Media,Canada,Organic Search,17,584.1,9,1,0,
C-10347,HarborStudio 347,2024-01-17,Business,E-commerce,United States,Organic Search,71,6682.65,8,3,0,
C-10348,BrightlyWorks 348,2023-03-31,Business,Real Estate,United Kingdom,Paid Ads,58,5322.2,6,4,0,
C-10349,HarborStudio 349,2024-11-10,Starter,Media,Germany,Outbound Sales,2,39.15,8,4,0,
C-10350,BrightlyHealth 350,2023-10-04,Business,Real Estate,India,Paid Ads,17,1031.55,8,3,0,
C-10351,ApexLabs 351,2024-07-18,Growth,Media,India,Organic Search,16,549.45,6,3,0,
C-10352,BlueLogistics 352,2024-05-27,Starter,Healthcare,Australia,Partner,2,39.15,7,2,0,
C-10353,BlueStudio 353,2024-05-01,Growth,Fintech,Canada,Referral,13,445.5,10,2,0,
C-10354,BlueCloud 354,2025-08-19,Growth,Real Estate,United States,Paid Ads,25,861.3,7,4,0,
C-10355,PixelHealth 355,2025-03-28,Growth,Healthcare,India,Organic Search,12,410.85,8,7,0,
C-10356,ApexLogistics 356,2024-01-02,Business,Real Estate,Brazil,Paid Ads,15,822.25,6,4,0,
C-10357,SummitLearn 357,2024-05-20,Business,Education,United States,Outbound Sales,59,5426.85,7,2,0,
C-10358,BrightlyLearn 358,2024-08-05,Starter,Real Estate,United Kingdom,Referral,3,49.3,8,4,0,
C-10359,KiteWorks 359,2023-09-26,Starter,Real Estate,France,Partner,4,59.45,9,1,0,
C-10360,OrbitPay 360,2023-07-02,Growth,Media,Australia,Referral,19,653.4,7,1,0,
C-10361,OrbitStudio 361,2023-08-18,Starter,E-commerce,Australia,Outbound Sales,3,49.3,7,3,0,
C-10362,NovaHealth 362,2024-11-21,Starter,Education,United Kingdom,Organic Search,3,49.3,3,3,1,2025-01-20
C-10363,HarborLogistics 363,2025-01-11,Starter,Media,Germany,Paid Ads,3,49.3,3,12,1,2025-02-21
C-10364,PixelHealth 364,2025-05-15,Growth,E-commerce,Germany,Referral,3,99.0,7,3,0,
C-10365,OrbitLogistics 365,2023-08-12,Starter,Media,United Kingdom,Outbound Sales,5,69.6,4,9,1,2024-11-30
C-10366,HarborLearn 366,2024-07-06,Growth,Logistics,France,Outbound Sales,13,445.5,7,4,0,
C-10367,BlueLearn 367,2024-08-13,Business,Real Estate,Germany,Outbound Sales,44,3857.1,8,6,0,
C-10368,SummitLabs 368,2024-06-28,Starter,Logistics,United Kingdom,Referral,5,69.6,7,3,0,
C-10369,SummitSystems 369,2025-06-17,Starter,E-commerce,United States,Partner,3,49.3,7,0,0,
C-10370,BlueCloud 370,2025-08-24,Starter,Healthcare,India,Partner,5,69.6,6,3,0,
C-10371,HarborLabs 371,2025-08-18,Starter,Media,Canada,Paid Ads,3,49.3,2,2,0,
C-10372,BrightlySystems 372,2025-03-09,Growth,Education,Brazil,Outbound Sales,7,237.6,7,2,0,
C-10373,NovaPay 373,2023-10-10,Starter,Logistics,Australia,Referral,3,49.3,4,8,1,2024-10-27
C-10374,HarborLogistics 374,2025-08-02,Starter,Healthcare,Canada,Organic Search,4,59.45,6,6,0,
C-10375,BlueStudio 375,2025-09-08,Starter,Logistics,United States,Referral,5,69.6,7,1,0,
C-10376,OrbitPay 376,2023-11-20,Starter,Fintech,Germany,Paid Ads,5,69.6,7,4,0,
C-10377,OrbitWorks 377,2024-12-11,Starter,Media,Australia,Organic Search,5,69.6,10,8,0,
C-10378,HarborStudio 378,2024-12-17,Starter,Media,Germany,Organic Search,5,69.6,8,4,0,
C-10379,PixelPay 379,2025-01-19,Starter,Fintech,India,Referral,1,29.0,8,2,0,
C-10380,KiteWorks 380,2025-03-14,Business,Logistics,Canada,Outbound Sales,57,5217.55,7,8,0,
C-10381,SummitPay 381,2025-06-21,Starter,Education,Germany,Referral,1,29.0,7,7,0,
C-10382,PixelStudio 382,2025-05-10,Starter,Real Estate,Germany,Paid Ads,5,69.6,7,3,0,
C-10383,BlueLearn 383,2024-06-30,Starter,Fintech,United Kingdom,Organic Search,3,49.3,7,3,0,
C-10384,OrbitPay 384,2024-07-01,Business,Healthcare,United Kingdom,Referral,42,3647.8,8,2,0,
C-10385,OrbitSystems 385,2025-07-10,Growth,Logistics,Canada,Organic Search,24,826.65,10,4,0,
C-10386,SummitWorks 386,2024-10-24,Business,Real Estate,United States,Paid Ads,42,3647.8,10,2,0,
C-10387,ApexSystems 387,2025-03-27,Starter,Fintech,United Kingdom,Partner,2,39.15,9,1,0,
C-10388,SummitSystems 388,2024-04-23,Growth,Fintech,Brazil,Organic Search,16,549.45,1,6,1,2025-01-16
C-10389,NovaLogistics 389,2024-04-14,Starter,Fintech,Australia,Paid Ads,5,69.6,5,1,0,
C-10390,LumenHealth 390,2024-06-13,Business,Logistics,India,Paid Ads,70,6578.0,8,2,0,
C-10391,BrightlyLogistics 391,2025-05-04,Starter,E-commerce,Australia,Referral,5,69.6,5,3,0,
C-10392,OrbitLogistics 392,2024-03-25,Business,Media,Australia,Partner,32,2601.3,6,4,0,
C-10393,SummitSystems 393,2023-05-15,Growth,Real Estate,France,Paid Ads,3,99.0,6,2,0,
C-10394,LumenLearn 394,2025-06-14,Starter,Real Estate,France,Organic Search,4,59.45,3,6,1,2025-07-20
C-10395,SummitLabs 395,2024-03-06,Starter,Healthcare,Germany,Organic Search,2,39.15,8,3,0,
C-10396,BrightlyWorks 396,2025-01-03,Starter,Media,United Kingdom,Organic Search,1,29.0,9,3,0,
C-10397,OrbitSystems 397,2024-12-11,Business,Logistics,United States,Outbound Sales,19,1240.85,8,1,0,
C-10398,PixelStudio 398,2025-01-29,Growth,E-commerce,United States,Organic Search,10,341.55,6,5,0,
C-10399,SummitPay 399,2025-05-31,Growth,Logistics,France,Outbound Sales,15,514.8,10,4,0,
C-10400,OrbitSystems 400,2024-05-23,Growth,Media,Canada,Paid Ads,5,168.3,7,0,0,
C-10401,ApexHealth 401,2023-12-02,Starter,Media,United Kingdom,Outbound Sales,4,59.45,8,3,0,
C-10402,PixelHealth 402,2024-10-25,Growth,Fintech,Brazil,Paid Ads,8,272.25,8,2,0,
C-10403,NovaLabs 403,2023-11-18,Starter,Healthcare,France,Paid Ads,2,39.15,10,2,0,
C-10404,PixelWorks 404,2024-10-18,Business,Real Estate,United States,Organic Search,69,6473.35,9,3,0,
C-10405,SummitWorks 405,2025-08-08,Starter,Fintech,Canada,Referral,1,29.0,7,1,0,
C-10406,KiteLogistics 406,2024-07-30,Business,E-commerce,Germany,Organic Search,45,3961.75,5,2,0,
C-10407,BrightlySystems 407,2023-05-31,Growth,Real Estate,Germany,Referral,22,757.35,7,2,0,
C-10408,ApexHealth 408,2024-01-02,Growth,Real Estate,United Kingdom,Organic Search,6,202.95,4,1,0,
C-10409,ApexLearn 409,2024-06-24,Enterprise,Fintech,India,Partner,391,8571.0,4,5,0,
C-10410,ApexWorks 410,2025-05-04,Starter,Healthcare,India,Referral,4,59.45,5,2,0,
C-10411,LumenLearn 411,2023-05-14,Growth,Healthcare,United Kingdom,Organic Search,9,306.9,8,2,0,
C-10412,ApexCloud 412,2025-04-28,Growth,Logistics,United Kingdom,Referral,3,99.0,7,3,0,
C-10413,HarborHealth 413,2025-07-10,Business,Logistics,Canada,Paid Ads,55,5008.25,10,2,0,
C-10414,NovaLogistics 414,2023-10-13,Starter,Real Estate,France,Paid Ads,5,69.6,9,3,0,
C-10415,OrbitStudio 415,2025-06-19,Growth,Logistics,Canada,Organic Search,4,133.65,7,1,0,
C-10416,ApexLearn 416,2024-08-03,Growth,Education,India,Paid Ads,20,688.05,7,5,0,
C-10417,NovaSystems 417,2025-08-24,Starter,Real Estate,India,Paid Ads,5,69.6,7,5,0,
C-10418,SummitPay 418,2025-01-09,Starter,Education,Australia,Paid Ads,2,39.15,8,6,0,
C-10419,SummitPay 419,2025-04-13,Starter,Fintech,Canada,Paid Ads,1,29.0,8,3,0,
C-10420,KiteStudio 420,2023-11-26,Growth,Logistics,Brazil,Referral,22,757.35,7,3,0,
C-10421,BlueSystems 421,2025-06-06,Starter,Education,Canada,Referral,4,59.45,7,4,0,
C-10422,BlueHealth 422,2024-07-24,Starter,Real Estate,Germany,Referral,2,39.15,8,5,0,
C-10423,PixelCloud 423,2024-11-29,Enterprise,Media,United States,Paid Ads,363,7983.0,8,3,0,
C-10424,SummitLogistics 424,2025-01-05,Growth,Real Estate,Canada,Outbound Sales,16,549.45,7,4,0,
C-10425,BlueCloud 425,2024-10-21,Starter,Education,France,Organic Search,5,69.6,8,1,0,
C-10426,KiteHealth 426,2023-07-11,Starter,Fintech,Brazil,Organic Search,2,39.15,7,2,0,
C-10427,NovaHealth 427,2024-10-09,Starter,Media,Australia,Organic Search,1,29.0,10,5,0,
C-10428,KiteSystems 428,2025-01-02,Enterprise,Logistics,France,Outbound Sales,191,4371.0,7,3,0,
C-10429,LumenCloud 429,2025-09-16,Starter,Fintech,Germany,Paid Ads,4,59.45,8,3,0,
C-10430,PixelWorks 430,2024-08-05,Growth,Healthcare,Brazil,Organic Search,7,237.6,10,1,0,
C-10431,PixelSystems 431,2024-12-09,Starter,Logistics,Australia,Referral,4,59.45,9,6,0,
C-10432,KiteStudio 432,2025-09-15,Starter,Logistics,France,Outbound Sales,3,49.3,8,5,0,
C-10433,LumenStudio 433,2024-07-10,Starter,Education,Brazil,Organic Search,5,69.6,9,1,0,
C-10434,HarborHealth 434,2023-09-09,Growth,Fintech,United States,Paid Ads,3,99.0,7,2,0,
C-10435,KiteHealth 435,2025-04-16,Growth,Fintech,Germany,Referral,18,618.75,9,4,0,
C-10436,ApexLabs 436,2025-05-03,Growth,Healthcare,Australia,Referral,3,99.0,6,7,1,2025-09-11
C-10437,LumenWorks 437,2024-11-03,Business,E-commerce,United Kingdom,Paid Ads,48,4275.7,8,2,0,
C-10438,HarborSystems 438,2025-06-29,Starter,Real Estate,India,Paid Ads,1,29.0,8,1,0,
C-10439,BlueHealth 439,2025-02-18,Enterprise,Real Estate,France,Paid Ads,80,2040.0,8,5,0,
C-10440,KiteStudio 440,2025-09-23,Growth,Education,Australia,Organic Search,17,584.1,7,6,0,
C-10441,BrightlyCloud 441,2023-05-18,Growth,Logistics,United States,Referral,15,514.8,8,2,0,
C-10442,HarborLearn 442,2024-07-10,Business,Media,United States,Organic Search,52,4694.3,9,1,0,
C-10443,PixelHealth 443,2025-08-20,Starter,Education,Australia,Partner,1,29.0,9,2,0,
C-10444,NovaPay 444,2024-08-17,Business,Fintech,Brazil,Referral,35,2915.25,10,3,0,
C-10445,PixelLearn 445,2025-09-12,Starter,Healthcare,India,Organic Search,5,69.6,7,1,0,
C-10446,PixelWorks 446,2024-07-21,Growth,Logistics,United Kingdom,Referral,6,202.95,6,5,0,
C-10447,BrightlyWorks 447,2023-10-03,Starter,E-commerce,United States,Organic Search,2,39.15,5,10,1,2024-07-13
C-10448,ApexStudio 448,2024-11-02,Growth,Media,France,Referral,23,792.0,9,1,0,
C-10449,LumenCloud 449,2025-07-23,Growth,Education,United States,Referral,16,549.45,8,3,0,
C-10450,PixelCloud 450,2024-04-07,Starter,Fintech,United States,Referral,5,69.6,6,13,1,2024-12-21
C-10451,BrightlyWorks 451,2024-03-09,Growth,Real Estate,India,Outbound Sales,7,237.6,8,4,0,
C-10452,BlueLogistics 452,2023-11-22,Starter,Healthcare,Canada,Partner,1,29.0,4,7,1,2024-12-01
C-10453,LumenHealth 453,2025-06-19,Business,E-commerce,France,Partner,18,1136.2,6,4,0,
C-10454,OrbitLabs 454,2024-07-26,Business,Fintech,Canada,Organic Search,14,717.6,5,4,0,
C-10455,PixelSystems 455,2025-07-17,Starter,E-commerce,United Kingdom,Partner,4,59.45,7,4,0,
C-10456,ApexWorks 456,2024-10-09,Enterprise,Education,Brazil,Organic Search,153,3573.0,10,2,0,
C-10457,BrightlyStudio 457,2024-11-29,Growth,Logistics,Canada,Paid Ads,21,722.7,7,3,0,
C-10458,OrbitPay 458,2025-01-16,Enterprise,Fintech,France,Organic Search,341,7521.0,10,2,0,
C-10459,NovaLearn 459,2023-06-13,Starter,Real Estate,Australia,Paid Ads,5,69.6,6,9,1,2024-04-12
C-10460,HarborLearn 460,2024-10-27,Starter,Media,United Kingdom,Outbound Sales,2,39.15,2,6,1,2025-09-27
C-10461,LumenSystems 461,2025-06-13,Starter,E-commerce,Brazil,Organic Search,4,59.45,8,3,0,
C-10462,NovaLearn 462,2023-06-27,Starter,Real Estate,Germany,Organic Search,3,49.3,10,1,0,
C-10463,BrightlyLogistics 463,2025-07-14,Growth,Healthcare,United States,Referral,21,722.7,7,4,0,
C-10464,KiteLogistics 464,2024-12-25,Starter,Healthcare,Brazil,Organic Search,5,69.6,8,2,0,
C-10465,ApexLabs 465,2024-05-31,Growth,Real Estate,France,Paid Ads,13,445.5,6,5,0,
C-10466,PixelHealth 466,2024-07-10,Starter,Media,United States,Outbound Sales,3,49.3,9,4,0,
C-10467,SummitCloud 467,2023-08-09,Growth,Education,France,Partner,12,410.85,7,6,0,
C-10468,BrightlySystems 468,2024-10-17,Growth,Healthcare,Canada,Organic Search,7,237.6,4,9,1,2025-03-01
C-10469,BluePay 469,2025-06-08,Enterprise,Media,Brazil,Paid Ads,52,1452.0,9,2,0,
C-10470,LumenLabs 470,2025-05-26,Business,E-commerce,India,Organic Search,57,5217.55,9,2,0,
C-10471,PixelLogistics 471,2025-08-07,Starter,Media,United Kingdom,Outbound Sales,4,59.45,8,7,0,
C-10472,ApexLabs 472,2025-09-01,Business,Media,Germany,Paid Ads,29,2287.35,6,5,0,
C-10473,LumenHealth 473,2024-12-08,Starter,Media,United States,Paid Ads,1,29.0,7,9,1,2025-08-24
C-10474,NovaLabs 474,2024-04-26,Business,Fintech,India,Partner,22,1554.8,7,9,1,2025-08-10
C-10475,SummitSystems 475,2025-04-06,Business,Media,India,Outbound Sales,67,6264.05,9,5,0,
C-10476,SummitSystems 476,2025-03-11,Business,Media,India,Organic Search,69,6473.35,6,3,0,
C-10477,SummitSystems 477,2023-01-21,Growth,Media,France,Paid Ads,3,99.0,8,3,0,
C-10478,SummitLearn 478,2024-04-05,Growth,Media,United Kingdom,Paid Ads,9,306.9,9,1,0,
C-10479,KiteStudio 479,2025-04-24,Starter,Fintech,United States,Paid Ads,4,59.45,7,3,0,
C-10480,SummitWorks 480,2024-12-06,Growth,E-commerce,Germany,Paid Ads,20,688.05,8,3,0,
C-10481,BrightlyLabs 481,2024-10-21,Starter,Healthcare,Australia,Referral,2,39.15,8,1,0,
C-10482,NovaHealth 482,2025-04-06,Growth,Real Estate,United States,Paid Ads,10,341.55,9,3,0,
C-10483,PixelHealth 483,2025-07-16,Starter,Real Estate,United Kingdom,Partner,1,29.0,7,2,0,
C-10484,SummitWorks 484,2025-09-22,Business,Logistics,India,Paid Ads,77,7310.55,8,3,0,
C-10485,OrbitWorks 485,2023-09-27,Growth,Real Estate,Germany,Paid Ads,17,584.1,8,4,0,
C-10486,BlueLearn 486,2025-08-28,Enterprise,Education,Canada,Outbound Sales,68,1788.0,8,4,0,
C-10487,BrightlyPay 487,2025-06-16,Starter,Education,India,Referral,2,39.15,8,3,0,
C-10488,PixelLogistics 488,2025-09-04,Business,Real Estate,India,Organic Search,56,5112.9,6,2,0,
C-10489,ApexLabs 489,2024-07-20,Starter,E-commerce,Germany,Referral,3,49.3,7,2,0,
C-10490,PixelCloud 490,2024-08-26,Growth,Real Estate,Canada,Partner,20,688.05,7,2,0,
C-10491,BrightlyLogistics 491,2025-08-31,Growth,Healthcare,Australia,Paid Ads,9,306.9,7,4,0,
C-10492,BlueHealth 492,2023-12-22,Starter,Fintech,Brazil,Partner,3,49.3,4,12,1,2024-05-08
C-10493,PixelStudio 493,2023-05-08,Starter,Logistics,India,Partner,4,59.45,10,0,0,
C-10494,LumenStudio 494,2023-11-28,Growth,Media,Australia,Partner,14,480.15,6,10,1,2024-10-05
C-10495,LumenStudio 495,2025-06-09,Starter,Media,United States,Organic Search,1,29.0,10,1,0,
C-10496,BlueSystems 496,2024-01-14,Growth,Logistics,Australia,Outbound Sales,8,272.25,8,0,0,
C-10497,KiteHealth 497,2024-07-18,Starter,Healthcare,India,Organic Search,1,29.0,4,7,1,2024-08-31
C-10498,OrbitLogistics 498,2025-07-29,Starter,Logistics,Brazil,Referral,2,39.15,9,4,0,
C-10499,HarborLabs 499,2025-03-19,Starter,Real Estate,United Kingdom,Organic Search,4,59.45,8,2,0,
C-10500,PixelLabs 500,2024-09-22,Starter,Media,Germany,Organic Search,1,29.0,8,1,0,
C-10501,HarborCloud 501,2024-09-17,Business,Logistics,United Kingdom,Outbound Sales,24,1764.1,3,3,0,
C-10502,NovaHealth 502,2024-12-27,Starter,Healthcare,Australia,Paid Ads,3,49.3,9,4,0,
C-10503,HarborLearn 503,2023-10-29,Starter,Media,United States,Outbound Sales,4,59.45,9,4,0,
C-10504,BlueLearn 504,2025-02-28,Growth,Healthcare,France,Paid Ads,10,341.55,6,0,0,
C-10505,PixelPay 505,2024-08-11,Business,Logistics,Brazil,Outbound Sales,74,6996.6,6,5,1,2025-09-14
C-10506,NovaHealth 506,2024-07-16,Starter,Media,France,Paid Ads,2,39.15,7,3,0,
C-10507,OrbitHealth 507,2025-06-15,Starter,Media,France,Paid Ads,5,69.6,4,3,0,
C-10508,BrightlyStudio 508,2023-02-16,Business,E-commerce,Canada,Partner,72,6787.3,10,1,0,
C-10509,BlueHealth 509,2025-07-09,Growth,Media,Germany,Organic Search,17,584.1,9,2,0,
C-10510,KiteSystems 510,2023-04-12,Business,Healthcare,India,Organic Search,27,2078.05,9,2,0,
C-10511,BrightlyPay 511,2024-05-21,Starter,Real Estate,Australia,Organic Search,3,49.3,4,2,0,
C-10512,BrightlyCloud 512,2024-04-06,Growth,Fintech,United Kingdom,Paid Ads,15,514.8,5,3,0,
C-10513,LumenWorks 513,2024-06-14,Starter,Healthcare,France,Paid Ads,1,29.0,10,6,0,
C-10514,BlueCloud 514,2024-08-16,Growth,Healthcare,India,Referral,18,618.75,8,6,0,
C-10515,ApexLabs 515,2024-09-28,Business,Real Estate,India,Outbound Sales,68,6368.7,7,3,0,
C-10516,LumenHealth 516,2025-09-15,Enterprise,Media,United Kingdom,Organic Search,101,2481.0,7,3,0,
C-10517,PixelLogistics 517,2023-04-21,Starter,Logistics,France,Referral,5,69.6,5,3,0,
C-10518,HarborWorks 518,2023-08-01,Business,E-commerce,India,Partner,52,4694.3,7,8,0,
C-10519,HarborHealth 519,2025-01-17,Starter,Real Estate,India,Referral,2,39.15,9,2,0,
C-10520,NovaStudio 520,2024-07-19,Business,E-commerce,United States,Paid Ads,33,2705.95,8,6,0,
C-10521,KiteHealth 521,2025-06-11,Starter,Healthcare,United States,Organic Search,3,49.3,7,2,0,
C-10522,KiteHealth 522,2024-01-17,Starter,E-commerce,Brazil,Paid Ads,3,49.3,3,4,1,2024-07-12
C-10523,KiteCloud 523,2024-08-02,Business,Fintech,Australia,Organic Search,71,6682.65,9,1,0,
C-10524,OrbitLabs 524,2023-05-25,Starter,Fintech,India,Referral,3,49.3,8,5,0,
C-10525,ApexCloud 525,2024-05-01,Starter,Media,United States,Organic Search,4,59.45,7,1,0,
C-10526,NovaLearn 526,2024-09-01,Starter,Media,France,Paid Ads,4,59.45,6,3,0,
C-10527,LumenLogistics 527,2023-04-13,Business,Logistics,India,Referral,42,3647.8,7,5,1,2024-04-03
C-10528,HarborPay 528,2025-04-19,Business,E-commerce,India,Organic Search,15,822.25,10,3,0,
C-10529,OrbitSystems 529,2024-08-07,Starter,Media,United States,Referral,5,69.6,7,5,0,
C-10530,BlueHealth 530,2024-04-06,Business,Education,United Kingdom,Paid Ads,17,1031.55,7,3,0,
C-10531,ApexWorks 531,2025-01-17,Growth,Healthcare,Brazil,Referral,13,445.5,6,2,0,
C-10532,NovaStudio 532,2024-10-31,Enterprise,Logistics,United States,Organic Search,237,5337.0,8,5,0,
C-10533,ApexLabs 533,2023-10-28,Starter,Healthcare,Canada,Organic Search,1,29.0,4,2,0,
C-10534,OrbitLabs 534,2025-05-21,Business,Education,France,Referral,20,1345.5,8,2,0,
C-10535,BlueLogistics 535,2024-05-14,Growth,Media,Brazil,Referral,18,618.75,8,1,0,
C-10536,PixelPay 536,2025-01-16,Starter,Education,Canada,Paid Ads,1,29.0,8,3,0,
C-10537,HarborLearn 537,2024-08-04,Starter,Fintech,United Kingdom,Organic Search,3,49.3,9,3,0,
C-10538,LumenLearn 538,2024-01-13,Enterprise,E-commerce,India,Organic Search,157,3657.0,8,2,0,
C-10539,ApexStudio 539,2023-10-23,Starter,Healthcare,Brazil,Organic Search,3,49.3,9,4,0,
C-10540,PixelPay 540,2024-09-24,Growth,Real Estate,Canada,Paid Ads,19,653.4,9,4,0,
C-10541,BlueCloud 541,2025-04-25,Starter,Healthcare,France,Outbound Sales,2,39.15,7,3,0,
C-10542,BrightlyStudio 542,2024-06-11,Growth,Media,Canada,Paid Ads,17,584.1,9,6,0,
C-10543,KiteSystems 543,2023-02-24,Growth,Logistics,Australia,Paid Ads,5,168.3,8,5,0,
C-10544,HarborWorks 544,2025-03-09,Starter,E-commerce,India,Outbound Sales,1,29.0,9,6,0,
C-10545,BlueHealth 545,2024-07-14,Starter,Real Estate,Australia,Partner,2,39.15,7,4,0,
C-10546,BrightlyStudio 546,2025-01-26,Business,Fintech,Australia,Organic Search,41,3543.15,8,0,0,
C-10547,SummitLogistics 547,2025-08-04,Business,E-commerce,France,Paid Ads,38,3229.2,4,1,0,
C-10548,LumenPay 548,2023-08-03,Growth,Fintech,Brazil,Paid Ads,22,757.35,10,0,0,
C-10549,LumenPay 549,2023-11-24,Starter,Healthcare,France,Paid Ads,1,29.0,7,4,0,
C-10550,HarborSystems 550,2023-08-24,Starter,Healthcare,Brazil,Referral,1,29.0,7,5,0,
C-10551,NovaHealth 551,2024-07-31,Starter,Real Estate,France,Organic Search,4,59.45,8,2,0,
C-10552,OrbitPay 552,2023-03-29,Growth,E-commerce,France,Organic Search,11,376.2,10,1,0,
C-10553,KiteCloud 553,2024-05-15,Starter,Education,Germany,Paid Ads,5,69.6,5,6,1,2024-07-21
C-10554,BrightlyLogistics 554,2025-02-08,Starter,Healthcare,Brazil,Referral,4,59.45,8,3,0,
C-10555,BlueWorks 555,2024-06-23,Business,Education,Canada,Organic Search,69,6473.35,7,2,0,
C-10556,SummitCloud 556,2024-04-09,Business,Media,Canada,Organic Search,10,299.0,3,11,1,2025-07-30
C-10557,SummitLearn 557,2025-09-17,Business,Media,Australia,Organic Search,69,6473.35,8,3,0,
C-10558,BrightlyHealth 558,2025-06-24,Starter,Media,United Kingdom,Organic Search,2,39.15,10,3,0,
C-10559,PixelLearn 559,2024-04-21,Business,Fintech,United Kingdom,Outbound Sales,27,2078.05,6,8,1,2025-09-26
C-10560,ApexWorks 560,2024-10-30,Growth,Healthcare,Brazil,Referral,10,341.55,8,3,0,
C-10561,NovaHealth 561,2023-04-24,Starter,Logistics,United Kingdom,Organic Search,2,39.15,10,4,0,
C-10562,KiteLearn 562,2023-08-04,Business,Media,Australia,Partner,62,5740.8,8,5,0,
C-10563,BlueLogistics 563,2025-09-08,Starter,Media,Germany,Paid Ads,5,69.6,9,5,0,
C-10564,PixelWorks 564,2024-12-13,Starter,Media,United Kingdom,Organic Search,3,49.3,6,1,0,
C-10565,NovaStudio 565,2024-06-18,Growth,Media,United States,Organic Search,20,688.05,7,4,0,
C-10566,KiteWorks 566,2023-07-10,Starter,Education,France,Outbound Sales,5,69.6,1,8,1,2024-11-26
C-10567,ApexCloud 567,2024-12-17,Starter,Healthcare,Brazil,Referral,3,49.3,5,8,1,2025-09-10
C-10568,BlueLogistics 568,2024-10-28,Starter,E-commerce,Canada,Organic Search,4,59.45,9,5,0,
C-10569,OrbitStudio 569,2024-09-30,Business,Logistics,Canada,Organic Search,50,4485.0,9,6,0,
C-10570,BlueLearn 570,2025-05-16,Starter,Fintech,Brazil,Organic Search,4,59.45,8,3,0,
C-10571,BlueSystems 571,2025-03-31,Growth,Media,Australia,Referral,13,445.5,10,5,0,
C-10572,BlueCloud 572,2024-09-27,Growth,Healthcare,India,Organic Search,16,549.45,8,3,0,
C-10573,LumenWorks 573,2024-04-28,Starter,Fintech,Germany,Partner,4,59.45,7,6,1,2024-08-16
C-10574,KiteStudio 574,2023-12-28,Starter,Fintech,Canada,Organic Search,5,69.6,9,5,0,
C-10575,OrbitStudio 575,2023-11-10,Starter,Fintech,Australia,Paid Ads,2,39.15,4,10,1,2024-10-04
C-10576,PixelLogistics 576,2024-11-16,Enterprise,E-commerce,India,Paid Ads,48,1368.0,9,1,0,
C-10577,ApexHealth 577,2025-03-02,Growth,Fintech,India,Paid Ads,14,480.15,8,1,0,
C-10578,NovaPay 578,2025-07-28,Enterprise,E-commerce,United States,Paid Ads,202,4602.0,8,6,0,
C-10579,LumenLogistics 579,2024-06-07,Growth,Logistics,United Kingdom,Organic Search,8,272.25,10,1,0,
C-10580,BrightlySystems 580,2024-11-13,Growth,Logistics,France,Partner,21,722.7,9,3,0,
C-10581,ApexCloud 581,2024-10-20,Starter,Education,Brazil,Organic Search,5,69.6,8,3,0,
C-10582,NovaCloud 582,2024-12-14,Business,Media,Germany,Referral,33,2705.95,9,4,0,
C-10583,ApexStudio 583,2025-09-13,Starter,Fintech,United Kingdom,Outbound Sales,5,69.6,10,4,0,
C-10584,OrbitLogistics 584,2024-11-19,Business,Logistics,Germany,Partner,29,2287.35,9,5,0,
C-10585,NovaCloud 585,2025-07-24,Business,Real Estate,Brazil,Referral,55,5008.25,7,2,0,
C-10586,HarborHealth 586,2024-09-13,Starter,Fintech,Canada,Paid Ads,5,69.6,7,1,0,
C-10587,LumenSystems 587,2024-12-31,Growth,Media,France,Organic Search,22,757.35,8,4,0,
C-10588,PixelCloud 588,2025-01-16,Starter,Fintech,India,Organic Search,2,39.15,6,0,0,
C-10589,BrightlyPay 589,2024-04-19,Business,Fintech,India,Organic Search,16,926.9,7,1,0,
C-10590,NovaLabs 590,2024-07-23,Growth,Media,United Kingdom,Organic Search,24,826.65,9,3,0,
C-10591,BlueLearn 591,2023-04-06,Growth,Logistics,France,Referral,22,757.35,6,4,0,
C-10592,NovaWorks 592,2024-08-03,Starter,Real Estate,Australia,Outbound Sales,4,59.45,8,2,0,
C-10593,PixelLabs 593,2025-02-10,Starter,Media,United Kingdom,Outbound Sales,5,69.6,7,5,0,
C-10594,KiteSystems 594,2025-04-09,Starter,Logistics,Brazil,Organic Search,5,69.6,7,2,0,
C-10595,PixelStudio 595,2024-09-06,Growth,Media,India,Referral,20,688.05,6,2,0,
C-10596,BrightlyStudio 596,2024-01-05,Growth,Education,France,Organic Search,5,168.3,7,6,0,
C-10597,SummitSystems 597,2025-07-19,Starter,E-commerce,United States,Outbound Sales,2,39.15,9,5,0,
C-10598,ApexLogistics 598,2024-06-15,Starter,Fintech,United States,Paid Ads,3,49.3,8,1,0,
C-10599,NovaWorks 599,2023-12-08,Starter,Education,Canada,Referral,3,49.3,7,4,0,
C-10600,KitePay 600,2024-03-03,Growth,Fintech,Canada,Referral,24,826.65,8,3,0,
C-10601,BrightlyLogistics 601,2024-05-29,Enterprise,Logistics,United Kingdom,Referral,142,3342.0,9,2,0,
C-10602,LumenLabs 602,2025-07-01,Growth,E-commerce,United Kingdom,Referral,11,376.2,3,5,0,
C-10603,OrbitLabs 603,2024-01-29,Starter,Fintech,India,Paid Ads,2,39.15,6,3,0,
C-10604,OrbitWorks 604,2024-01-28,Starter,Logistics,Brazil,Partner,2,39.15,8,3,0,
C-10605,KiteHealth 605,2023-05-14,Business,Media,France,Paid Ads,78,7415.2,7,2,0,
C-10606,SummitLogistics 606,2023-10-26,Starter,Education,Canada,Referral,3,49.3,5,6,1,2024-04-26
C-10607,BlueLogistics 607,2025-09-15,Starter,Education,United States,Organic Search,3,49.3,6,1,0,
C-10608,HarborLearn 608,2025-06-21,Growth,Real Estate,India,Organic Search,21,722.7,10,2,0,
C-10609,SummitHealth 609,2024-02-25,Growth,Education,United Kingdom,Referral,6,202.95,7,6,0,
C-10610,BrightlyStudio 610,2025-09-16,Starter,Real Estate,Brazil,Organic Search,2,39.15,8,5,0,
C-10611,ApexStudio 611,2023-01-18,Business,Healthcare,Canada,Referral,10,299.0,5,5,1,2023-08-21
C-10612,NovaSystems 612,2024-05-07,Business,Media,Germany,Outbound Sales,14,717.6,9,2,0,
C-10613,BrightlyLabs 613,2025-07-21,Starter,E-commerce,Australia,Outbound Sales,5,69.6,10,4,0,
C-10614,LumenCloud 614,2024-03-11,Starter,Media,Australia,Paid Ads,3,49.3,2,13,1,2024-06-02
C-10615,SummitSystems 615,2024-12-18,Growth,E-commerce,Germany,Outbound Sales,25,861.3,8,5,0,
C-10616,LumenCloud 616,2024-06-06,Growth,Logistics,Brazil,Referral,13,445.5,8,0,0,
C-10617,NovaStudio 617,2025-09-24,Starter,Logistics,Australia,Referral,1,29.0,9,4,0,
C-10618,OrbitLabs 618,2025-02-07,Growth,Healthcare,Germany,Paid Ads,15,514.8,9,4,0,
C-10619,HarborLearn 619,2023-12-16,Starter,Logistics,Germany,Referral,4,59.45,8,4,0,
C-10620,LumenLearn 620,2023-07-31,Growth,Real Estate,United Kingdom,Organic Search,3,99.0,9,2,0,
C-10621,BluePay 621,2024-01-12,Starter,Media,France,Outbound Sales,5,69.6,6,5,1,2024-09-20
C-10622,HarborLabs 622,2024-11-20,Starter,Fintech,India,Paid Ads,2,39.15,9,6,0,
C-10623,HarborHealth 623,2025-01-08,Business,Real Estate,Germany,Paid Ads,63,5845.45,8,1,0,
C-10624,PixelLabs 624,2025-06-03,Starter,Fintech,Germany,Referral,2,39.15,7,4,0,
C-10625,KiteLearn 625,2025-07-01,Starter,Education,Brazil,Organic Search,2,39.15,10,3,0,
C-10626,PixelCloud 626,2023-01-13,Starter,Fintech,United Kingdom,Referral,4,59.45,5,9,1,2024-04-14
C-10627,BrightlyLogistics 627,2023-11-18,Starter,Fintech,United Kingdom,Organic Search,5,69.6,0,6,1,2023-12-23
C-10628,HarborSystems 628,2024-08-26,Starter,Real Estate,Australia,Outbound Sales,2,39.15,8,2,0,
C-10629,LumenSystems 629,2025-07-26,Growth,Education,Canada,Organic Search,10,341.55,6,0,0,
C-10630,SummitCloud 630,2025-07-27,Starter,Logistics,Australia,Outbound Sales,5,69.6,7,1,0,
C-10631,OrbitPay 631,2024-09-11,Starter,E-commerce,France,Referral,1,29.0,6,2,0,
C-10632,PixelLearn 632,2025-03-23,Starter,Logistics,Germany,Organic Search,4,59.45,5,4,0,
C-10633,HarborPay 633,2024-06-21,Growth,Media,Australia,Outbound Sales,20,688.05,8,4,0,
C-10634,ApexHealth 634,2023-06-03,Starter,Media,Germany,Organic Search,5,69.6,6,10,0,
C-10635,LumenLabs 635,2025-04-04,Starter,Healthcare,France,Outbound Sales,1,29.0,8,4,0,
C-10636,BrightlySystems 636,2025-05-23,Starter,Media,United Kingdom,Referral,5,69.6,7,1,0,
C-10637,LumenLogistics 637,2025-08-17,Starter,E-commerce,Brazil,Paid Ads,2,39.15,10,2,0,
C-10638,SummitStudio 638,2024-08-20,Growth,Media,India,Referral,3,99.0,8,4,0,
C-10639,SummitLabs 639,2025-02-12,Starter,Fintech,Brazil,Referral,4,59.45,8,2,0,
C-10640,KiteLogistics 640,2024-11-05,Starter,E-commerce,India,Outbound Sales,4,59.45,10,5,0,
C-10641,OrbitWorks 641,2024-05-19,Business,Real Estate,Germany,Partner,24,1764.1,6,4,0,
C-10642,ApexLabs 642,2025-04-16,Starter,Logistics,United Kingdom,Organic Search,1,29.0,8,5,0,
C-10643,ApexHealth 643,2024-09-14,Growth,Education,United States,Outbound Sales,5,168.3,5,1,0,
C-10644,HarborLogistics 644,2024-06-28,Growth,Media,India,Referral,15,514.8,8,2,0,
C-10645,BrightlyCloud 645,2024-08-15,Growth,Education,Brazil,Outbound Sales,21,722.7,10,3,0,
C-10646,HarborHealth 646,2023-03-24,Growth,Logistics,United Kingdom,Referral,3,99.0,4,9,1,2024-09-13
C-10647,LumenLogistics 647,2025-07-04,Growth,Healthcare,Brazil,Paid Ads,10,341.55,8,3,0,
C-10648,PixelStudio 648,2024-08-19,Growth,Logistics,Canada,Referral,9,306.9,7,2,0,
C-10649,OrbitHealth 649,2025-07-31,Growth,Media,Brazil,Paid Ads,3,99.0,4,1,0,
C-10650,PixelWorks 650,2025-07-27,Business,Real Estate,Germany,Referral,41,3543.15,9,1,0,
C-10651,ApexStudio 651,2024-11-20,Growth,Real Estate,India,Paid Ads,20,688.05,5,1,0,
C-10652,BrightlyWorks 652,2025-04-05,Growth,Healthcare,France,Paid Ads,19,653.4,10,3,0,
C-10653,SummitLearn 653,2023-02-11,Business,Media,United States,Paid Ads,49,4380.35,5,2,0,
C-10654,SummitHealth 654,2025-02-10,Starter,Education,India,Referral,4,59.45,6,4,1,2025-09-11
C-10655,BlueHealth 655,2023-02-11,Starter,E-commerce,Brazil,Organic Search,4,59.45,3,4,1,2024-06-05
C-10656,OrbitWorks 656,2024-12-06,Business,Logistics,Germany,Referral,34,2810.6,6,2,0,
C-10657,BlueLogistics 657,2024-08-17,Starter,Real Estate,France,Paid Ads,5,69.6,10,6,0,
C-10658,HarborCloud 658,2024-12-08,Starter,Real Estate,France,Organic Search,2,39.15,6,2,0,
C-10659,BlueStudio 659,2024-08-25,Starter,Real Estate,France,Referral,2,39.15,8,14,1,2024-10-03
C-10660,LumenSystems 660,2025-06-15,Starter,Fintech,Canada,Organic Search,2,39.15,5,2,0,
C-10661,NovaHealth 661,2024-03-13,Starter,Education,Brazil,Referral,2,39.15,7,4,0,
C-10662,HarborLogistics 662,2025-03-17,Starter,E-commerce,United States,Organic Search,5,69.6,10,3,0,
C-10663,KiteSystems 663,2024-02-14,Starter,Logistics,Germany,Organic Search,1,29.0,10,4,0,
C-10664,HarborLogistics 664,2025-06-29,Starter,Healthcare,France,Paid Ads,4,59.45,8,1,0,
C-10665,HarborHealth 665,2023-12-20,Growth,Media,United States,Paid Ads,9,306.9,9,3,0,
C-10666,KiteStudio 666,2025-09-26,Business,Education,Canada,Paid Ads,53,4798.95,8,2,0,
C-10667,LumenLearn 667,2024-07-06,Growth,Healthcare,Australia,Outbound Sales,19,653.4,4,6,0,
C-10668,SummitLearn 668,2024-10-23,Starter,Real Estate,United States,Referral,2,39.15,8,2,0,
C-10669,PixelLogistics 669,2024-11-30,Starter,E-commerce,Germany,Outbound Sales,5,69.6,5,3,0,
C-10670,ApexCloud 670,2025-05-18,Growth,Media,Canada,Organic Search,24,826.65,8,7,0,
C-10671,LumenLearn 671,2023-05-16,Growth,Fintech,United States,Paid Ads,25,861.3,9,1,0,
C-10672,NovaLearn 672,2025-07-03,Business,Education,United Kingdom,Paid Ads,58,5322.2,10,2,0,
C-10673,HarborStudio 673,2023-08-05,Business,Education,United Kingdom,Outbound Sales,47,4171.05,5,5,0,
C-10674,BlueLabs 674,2023-12-07,Business,Education,India,Paid Ads,42,3647.8,10,5,0,
C-10675,BrightlyCloud 675,2025-05-19,Growth,Education,Brazil,Paid Ads,18,618.75,8,7,0,
C-10676,OrbitSystems 676,2024-09-22,Starter,E-commerce,Canada,Paid Ads,2,39.15,7,4,0,
C-10677,SummitLabs 677,2024-06-24,Growth,Healthcare,Australia,Organic Search,25,861.3,10,5,0,
C-10678,ApexCloud 678,2024-11-26,Growth,Education,United Kingdom,Paid Ads,12,410.85,8,3,0,
C-10679,LumenWorks 679,2024-03-19,Growth,Real Estate,Brazil,Paid Ads,16,549.45,9,0,0,
C-10680,SummitWorks 680,2025-03-24,Growth,Education,United States,Organic Search,6,202.95,9,4,0,
C-10681,HarborHealth 681,2024-03-02,Business,Real Estate,Canada,Partner,67,6264.05,8,2,0,
C-10682,ApexPay 682,2025-05-06,Growth,Healthcare,Australia,Paid Ads,18,618.75,7,3,0,
C-10683,KiteLabs 683,2024-05-28,Business,Education,Canada,Paid Ads,60,5531.5,8,4,0,
C-10684,PixelHealth 684,2023-03-31,Growth,Media,United States,Paid Ads,14,480.15,9,4,0,
C-10685,HarborLogistics 685,2025-08-20,Growth,Healthcare,India,Referral,16,549.45,8,4,0,
C-10686,HarborCloud 686,2025-04-05,Business,Logistics,Germany,Partner,34,2810.6,6,3,0,
C-10687,ApexHealth 687,2025-06-24,Starter,Fintech,Germany,Referral,4,59.45,7,2,0,
C-10688,SummitPay 688,2023-11-12,Growth,Education,Australia,Organic Search,19,653.4,6,5,0,
C-10689,BrightlyHealth 689,2023-12-05,Business,Logistics,Canada,Outbound Sales,29,2287.35,7,3,0,
C-10690,SummitWorks 690,2023-01-30,Enterprise,Real Estate,Germany,Referral,368,8088.0,9,4,0,
C-10691,PixelSystems 691,2025-09-12,Growth,Media,Canada,Partner,13,445.5,10,3,0,
C-10692,LumenHealth 692,2025-07-04,Starter,Education,Germany,Referral,2,39.15,8,0,0,
C-10693,PixelLabs 693,2023-04-23,Starter,Media,Brazil,Paid Ads,3,49.3,6,7,1,2024-01-01
C-10694,BrightlyCloud 694,2023-04-27,Business,Logistics,Canada,Organic Search,64,5950.1,5,7,1,2023-09-11
C-10695,NovaLogistics 695,2025-06-04,Growth,Fintech,France,Partner,23,792.0,6,7,0,
C-10696,LumenLearn 696,2024-06-01,Business,Fintech,Brazil,Paid Ads,14,717.6,9,5,0,
C-10697,ApexLogistics 697,2025-02-15,Starter,Real Estate,France,Partner,2,39.15,9,2,0,
C-10698,HarborStudio 698,2024-10-25,Starter,Logistics,India,Referral,4,59.45,5,7,1,2025-05-21
C-10699,KiteWorks 699,2023-10-04,Starter,Media,Canada,Referral,4,59.45,8,3,0,
C-10700,ApexLogistics 700,2023-03-29,Enterprise,Education,Germany,Organic Search,79,2019.0,9,3,0,
C-10701,BrightlyStudio 701,2025-03-14,Starter,E-commerce,Canada,Organic Search,1,29.0,9,5,0,
C-10702,BlueSystems 702,2023-11-11,Starter,Education,Germany,Paid Ads,1,29.0,9,3,0,
C-10703,ApexSystems 703,2023-07-28,Growth,Logistics,Australia,Outbound Sales,13,445.5,10,1,0,
C-10704,BlueCloud 704,2024-10-27,Business,Real Estate,India,Paid Ads,14,717.6,3,5,0,
C-10705,LumenLabs 705,2025-09-20,Starter,Healthcare,United Kingdom,Outbound Sales,4,59.45,6,2,0,
C-10706,OrbitSystems 706,2025-02-21,Starter,Logistics,Canada,Organic Search,1,29.0,4,2,0,
C-10707,KitePay 707,2025-04-22,Growth,Logistics,United States,Paid Ads,16,549.45,9,0,0,
C-10708,ApexHealth 708,2024-11-05,Business,Healthcare,United States,Paid Ads,15,822.25,8,2,0,
C-10709,LumenLearn 709,2023-09-18,Starter,Logistics,France,Referral,3,49.3,5,8,1,2025-01-03
C-10710,LumenSystems 710,2023-08-22,Growth,Media,United Kingdom,Paid Ads,21,722.7,9,2,0,
C-10711,HarborStudio 711,2024-11-12,Growth,Fintech,India,Outbound Sales,9,306.9,10,3,0,
C-10712,LumenWorks 712,2024-11-28,Starter,Media,Australia,Referral,4,59.45,7,2,0,
C-10713,ApexCloud 713,2024-09-28,Starter,E-commerce,India,Organic Search,2,39.15,7,3,0,
C-10714,ApexLogistics 714,2025-09-07,Business,Media,United States,Referral,30,2392.0,7,1,0,
C-10715,NovaSystems 715,2023-02-06,Starter,Logistics,Canada,Paid Ads,4,59.45,10,0,0,
C-10716,BrightlyHealth 716,2025-05-05,Growth,E-commerce,Brazil,Organic Search,4,133.65,7,2,0,
C-10717,OrbitLabs 717,2025-04-01,Business,Real Estate,United States,Outbound Sales,14,717.6,9,3,0,
C-10718,SummitSystems 718,2025-08-18,Starter,Education,France,Outbound Sales,5,69.6,9,4,0,
C-10719,PixelLabs 719,2025-08-19,Starter,E-commerce,Brazil,Organic Search,4,59.45,10,2,0,
C-10720,BrightlyHealth 720,2023-11-21,Growth,E-commerce,France,Partner,19,653.4,5,7,1,2025-01-08
C-10721,SummitPay 721,2023-09-05,Business,Fintech,France,Referral,25,1868.75,10,4,0,
C-10722,PixelCloud 722,2024-07-01,Starter,Real Estate,Germany,Referral,1,29.0,6,6,1,2025-05-30
C-10723,BrightlyHealth 723,2024-11-26,Enterprise,Media,Australia,Paid Ads,318,7038.0,9,3,0,
C-10724,BlueSystems 724,2024-06-06,Business,E-commerce,Germany,Organic Search,76,7205.9,9,1,0,
C-10725,ApexPay 725,2025-07-19,Growth,E-commerce,United Kingdom,Organic Search,19,653.4,7,1,0,
C-10726,PixelSystems 726,2025-06-16,Growth,Healthcare,United States,Referral,14,480.15,6,4,0,
C-10727,BrightlySystems 727,2023-06-13,Starter,Logistics,Canada,Referral,3,49.3,5,2,0,
C-10728,LumenLearn 728,2025-05-20,Business,Fintech,France,Referral,64,5950.1,8,4,0,
C-10729,HarborLogistics 729,2025-09-13,Growth,Media,India,Paid Ads,8,272.25,7,3,0,
C-10730,KitePay 730,2025-05-15,Growth,Media,Canada,Organic Search,19,653.4,8,6,0,
C-10731,SummitLogistics 731,2024-08-09,Business,E-commerce,Brazil,Paid Ads,38,3229.2,8,7,0,
C-10732,OrbitWorks 732,2025-05-17,Growth,Media,United States,Partner,18,618.75,9,5,0,
C-10733,LumenLabs 733,2024-04-03,Growth,Real Estate,United Kingdom,Organic Search,16,549.45,7,5,0,
C-10734,BrightlyStudio 734,2025-04-18,Enterprise,E-commerce,France,Referral,86,2166.0,5,4,0,
C-10735,HarborLabs 735,2025-01-25,Starter,Education,India,Outbound Sales,2,39.15,4,3,1,2025-05-26
C-10736,SummitPay 736,2023-10-22,Starter,E-commerce,Germany,Paid Ads,2,39.15,6,8,1,2024-01-14
C-10737,SummitLabs 737,2023-10-26,Enterprise,Real Estate,Brazil,Referral,103,2523.0,8,4,0,
C-10738,HarborSystems 738,2024-12-04,Starter,Real Estate,Canada,Partner,1,29.0,10,3,0,
C-10739,LumenCloud 739,2024-07-08,Starter,Healthcare,Australia,Paid Ads,3,49.3,9,2,0,
C-10740,PixelLabs 740,2023-12-23,Business,Logistics,United Kingdom,Organic Search,80,7624.5,7,2,0,
C-10741,BlueWorks 741,2024-10-01,Starter,Education,Brazil,Outbound Sales,2,39.15,8,2,0,
C-10742,SummitSystems 742,2025-05-28,Growth,Real Estate,Canada,Outbound Sales,21,722.7,10,2,0,
C-10743,LumenHealth 743,2023-12-20,Growth,Fintech,Brazil,Outbound Sales,19,653.4,8,3,0,
C-10744,NovaLabs 744,2025-05-15,Starter,Fintech,India,Paid Ads,3,49.3,8,0,0,
C-10745,ApexStudio 745,2024-01-20,Starter,Real Estate,India,Referral,1,29.0,8,7,0,
C-10746,HarborPay 746,2023-05-01,Starter,Education,Australia,Paid Ads,3,49.3,4,7,1,2024-06-01
C-10747,LumenHealth 747,2025-07-04,Starter,Logistics,United States,Organic Search,3,49.3,8,4,0,
C-10748,HarborLabs 748,2023-09-10,Business,Logistics,Brazil,Paid Ads,18,1136.2,10,1,0,
C-10749,KiteSystems 749,2023-08-02,Growth,Logistics,Australia,Partner,14,480.15,9,2,0,
C-10750,ApexStudio 750,2024-11-08,Starter,Healthcare,France,Referral,2,39.15,9,2,0,
C-10751,PixelHealth 751,2023-11-12,Enterprise,Education,United Kingdom,Organic Search,116,2796.0,8,2,0,
C-10752,SummitCloud 752,2025-01-08,Starter,Media,France,Outbound Sales,3,49.3,7,9,1,2025-03-24
C-10753,HarborLearn 753,2024-11-09,Business,Fintech,Brazil,Partner,77,7310.55,8,4,0,
C-10754,KiteHealth 754,2024-05-01,Growth,Education,United Kingdom,Organic Search,4,133.65,6,6,1,2025-05-23
C-10755,LumenWorks 755,2025-05-01,Growth,Healthcare,Canada,Referral,22,757.35,7,6,0,
C-10756,PixelLabs 756,2024-01-05,Starter,Fintech,Canada,Outbound Sales,5,69.6,9,4,0,
C-10757,BrightlyCloud 757,2023-11-22,Growth,Logistics,United States,Paid Ads,12,410.85,6,2,0,
C-10758,LumenStudio 758,2023-10-27,Starter,E-commerce,Canada,Referral,2,39.15,9,2,0,
C-10759,BrightlyLogistics 759,2023-01-20,Business,Media,India,Outbound Sales,12,508.3,10,4,0,
C-10760,ApexWorks 760,2025-04-26,Business,E-commerce,Germany,Referral,45,3961.75,5,2,0,
C-10761,ApexSystems 761,2024-05-07,Growth,Fintech,United Kingdom,Outbound Sales,13,445.5,5,7,1,2024-12-27
C-10762,HarborLearn 762,2025-09-25,Starter,Healthcare,Brazil,Organic Search,3,49.3,9,5,0,
C-10763,KiteLogistics 763,2025-08-31,Starter,Fintech,Germany,Referral,2,39.15,9,4,0,
C-10764,BlueLabs 764,2024-09-28,Starter,E-commerce,Australia,Referral,4,59.45,6,3,0,
C-10765,OrbitHealth 765,2025-05-05,Starter,E-commerce,India,Organic Search,4,59.45,7,4,0,
C-10766,BluePay 766,2023-01-25,Starter,Healthcare,United Kingdom,Partner,2,39.15,6,6,1,2024-04-06
C-10767,ApexLogistics 767,2024-08-14,Starter,Media,United Kingdom,Organic Search,1,29.0,7,5,1,2025-01-06
C-10768,LumenPay 768,2024-03-05,Growth,Healthcare,Canada,Organic Search,24,826.65,6,10,1,2025-07-31
C-10769,LumenSystems 769,2024-09-18,Growth,Fintech,United Kingdom,Organic Search,6,202.95,10,5,0,
C-10770,BlueHealth 770,2023-01-22,Starter,Education,United States,Organic Search,5,69.6,8,2,0,
C-10771,BlueSystems 771,2025-09-20,Growth,Media,Germany,Referral,14,480.15,8,3,0,
C-10772,SummitStudio 772,2024-04-20,Starter,Real Estate,Germany,Paid Ads,1,29.0,6,8,0,
C-10773,SummitPay 773,2024-11-16,Growth,Fintech,United States,Paid Ads,19,653.4,9,7,0,
C-10774,ApexSystems 774,2025-04-16,Business,Healthcare,Australia,Paid Ads,42,3647.8,9,3,0,
C-10775,KiteSystems 775,2023-07-23,Starter,Media,Germany,Partner,3,49.3,8,2,0,
C-10776,LumenHealth 776,2023-10-21,Starter,Media,India,Paid Ads,2,39.15,10,2,0,
C-10777,KiteHealth 777,2024-11-11,Business,Real Estate,Australia,Paid Ads,30,2392.0,10,3,0,
C-10778,SummitLearn 778,2024-10-12,Starter,Media,India,Outbound Sales,1,29.0,9,5,0,
C-10779,LumenWorks 779,2025-06-12,Business,Real Estate,Germany,Organic Search,74,6996.6,7,2,0,
C-10780,OrbitCloud 780,2025-02-20,Starter,Healthcare,India,Organic Search,2,39.15,8,6,0,
C-10781,HarborLearn 781,2024-04-01,Growth,E-commerce,United Kingdom,Referral,14,480.15,6,5,0,
C-10782,NovaLabs 782,2025-04-17,Growth,Real Estate,Germany,Outbound Sales,23,792.0,7,3,0,
C-10783,ApexLearn 783,2024-03-30,Growth,E-commerce,India,Referral,7,237.6,8,3,0,
C-10784,KiteWorks 784,2024-09-26,Business,Healthcare,Australia,Paid Ads,66,6159.4,3,6,1,2025-01-07
C-10785,SummitLearn 785,2025-04-05,Growth,Media,Germany,Partner,5,168.3,8,1,0,
C-10786,KiteLabs 786,2024-07-11,Growth,Media,United States,Outbound Sales,7,237.6,9,3,0,
C-10787,BrightlyLearn 787,2024-11-02,Growth,Healthcare,Australia,Outbound Sales,10,341.55,10,5,0,
C-10788,PixelHealth 788,2024-05-08,Starter,Fintech,France,Partner,4,59.45,9,1,0,
C-10789,HarborSystems 789,2025-08-07,Starter,Logistics,France,Paid Ads,4,59.45,7,1,0,
C-10790,SummitStudio 790,2024-06-24,Starter,Media,India,Organic Search,3,49.3,5,5,1,2025-09-10
C-10791,BlueWorks 791,2024-10-15,Growth,Media,United States,Paid Ads,24,826.65,4,4,1,2024-12-15
C-10792,PixelCloud 792,2025-02-21,Growth,E-commerce,Australia,Paid Ads,5,168.3,5,4,0,
C-10793,HarborWorks 793,2024-04-14,Starter,Healthcare,France,Organic Search,5,69.6,6,4,0,
C-10794,HarborLearn 794,2024-05-22,Starter,Education,Brazil,Outbound Sales,4,59.45,8,7,0,
C-10795,BlueSystems 795,2023-07-05,Starter,Logistics,Canada,Organic Search,5,69.6,8,0,0,
C-10796,NovaPay 796,2025-02-13,Growth,Education,Germany,Referral,7,237.6,5,2,0,
C-10797,KitePay 797,2025-01-14,Growth,Healthcare,Canada,Outbound Sales,3,99.0,9,4,0,
C-10798,PixelLabs 798,2025-08-18,Growth,E-commerce,Canada,Organic Search,8,272.25,10,1,0,
C-10799,PixelCloud 799,2025-08-26,Starter,Media,Germany,Partner,3,49.3,7,1,0,
C-10800,NovaLearn 800,2024-03-06,Business,Fintech,United Kingdom,Paid Ads,10,299.0,9,1,0,
C-10801,ApexWorks 801,2025-05-18,Business,Fintech,Canada,Outbound Sales,20,1345.5,10,1,0,
C-10802,PixelLearn 802,2024-11-24,Starter,Education,France,Referral,4,59.45,8,1,0,
C-10803,ApexHealth 803,2023-10-27,Growth,Real Estate,France,Paid Ads,22,757.35,8,2,0,
C-10804,OrbitPay 804,2025-03-29,Starter,Media,India,Referral,1,29.0,6,4,1,2025-08-07
C-10805,ApexSystems 805,2025-08-31,Growth,Real Estate,Australia,Paid Ads,3,99.0,7,1,0,
C-10806,SummitHealth 806,2024-07-24,Enterprise,Healthcare,Germany,Partner,104,2544.0,9,2,0,
C-10807,LumenSystems 807,2025-09-15,Starter,E-commerce,Brazil,Outbound Sales,4,59.45,9,2,0,
C-10808,SummitLabs 808,2025-03-03,Growth,Education,United Kingdom,Outbound Sales,3,99.0,8,2,0,
C-10809,PixelLogistics 809,2024-04-13,Business,Logistics,United Kingdom,Paid Ads,17,1031.55,9,1,0,
C-10810,HarborLearn 810,2024-01-21,Business,Media,Brazil,Paid Ads,74,6996.6,5,2,0,
C-10811,PixelLogistics 811,2024-10-29,Business,Education,Germany,Organic Search,24,1764.1,9,2,0,
C-10812,PixelStudio 812,2025-03-29,Starter,Real Estate,Australia,Paid Ads,2,39.15,7,2,0,
C-10813,ApexLearn 813,2024-11-21,Growth,Healthcare,Australia,Organic Search,20,688.05,8,2,0,
C-10814,ApexCloud 814,2025-07-17,Starter,Logistics,Australia,Organic Search,5,69.6,7,1,0,
C-10815,BrightlyHealth 815,2024-08-13,Growth,Real Estate,United States,Paid Ads,8,272.25,5,5,1,2025-02-24
C-10816,ApexLabs 816,2025-04-23,Starter,Real Estate,Brazil,Organic Search,4,59.45,8,4,0,
C-10817,SummitSystems 817,2025-04-22,Starter,Media,United States,Organic Search,4,59.45,7,2,0,
C-10818,LumenLogistics 818,2024-11-20,Starter,Education,Australia,Partner,2,39.15,8,3,0,
C-10819,BrightlyWorks 819,2025-07-26,Growth,Logistics,France,Outbound Sales,24,826.65,7,4,0,
C-10820,ApexLearn 820,2023-12-10,Growth,Education,Australia,Paid Ads,22,757.35,4,8,1,2024-05-09
C-10821,PixelStudio 821,2025-04-19,Enterprise,Fintech,France,Organic Search,391,8571.0,7,1,0,
C-10822,OrbitSystems 822,2023-10-07,Growth,E-commerce,Germany,Outbound Sales,5,168.3,7,1,0,
C-10823,PixelLabs 823,2023-07-16,Business,Real Estate,Australia,Paid Ads,11,403.65,5,6,1,2024-06-21
C-10824,PixelSystems 824,2025-09-02,Growth,Education,United States,Paid Ads,5,168.3,9,1,0,
C-10825,HarborPay 825,2025-07-12,Starter,Healthcare,United Kingdom,Organic Search,3,49.3,4,8,1,2025-09-18
C-10826,SummitHealth 826,2025-04-04,Growth,Logistics,United States,Referral,24,826.65,7,4,0,
C-10827,BrightlyHealth 827,2024-10-26,Starter,Real Estate,United States,Partner,5,69.6,6,4,0,
C-10828,HarborLabs 828,2025-07-27,Growth,Fintech,United States,Organic Search,19,653.4,8,2,0,
C-10829,BlueCloud 829,2025-06-07,Starter,Real Estate,United Kingdom,Paid Ads,4,59.45,7,5,1,2025-07-25
C-10830,KiteLearn 830,2024-06-17,Growth,Healthcare,United States,Paid Ads,6,202.95,10,4,0,
C-10831,ApexLabs 831,2025-01-07,Starter,Fintech,Germany,Referral,4,59.45,9,4,0,
C-10832,BrightlySystems 832,2024-06-08,Starter,E-commerce,Germany,Organic Search,3,49.3,9,1,0,
C-10833,SummitCloud 833,2025-01-22,Business,Healthcare,Canada,Paid Ads,56,5112.9,8,1,0,
C-10834,BlueWorks 834,2023-07-29,Starter,Fintech,Canada,Organic Search,4,59.45,9,5,0,
C-10835,BrightlySystems 835,2025-04-14,Growth,E-commerce,India,Partner,3,99.0,8,4,0,
C-10836,HarborStudio 836,2024-08-03,Growth,Real Estate,Brazil,Referral,3,99.0,3,6,1,2025-03-15
C-10837,ApexLearn 837,2024-01-23,Starter,Media,Germany,Partner,3,49.3,6,8,1,2025-04-07
C-10838,BrightlySystems 838,2025-04-08,Starter,Healthcare,United States,Referral,1,29.0,7,2,0,
C-10839,OrbitHealth 839,2023-05-11,Starter,Education,Canada,Paid Ads,1,29.0,10,3,0,
C-10840,BlueLogistics 840,2024-01-04,Growth,Logistics,Australia,Outbound Sales,14,480.15,10,3,0,
C-10841,KiteCloud 841,2024-11-22,Growth,Real Estate,Australia,Outbound Sales,9,306.9,8,4,0,
C-10842,KiteCloud 842,2025-08-28,Starter,Healthcare,France,Outbound Sales,1,29.0,7,3,0,
C-10843,BrightlyCloud 843,2023-09-11,Growth,Logistics,Germany,Organic Search,17,584.1,10,3,0,
C-10844,BlueCloud 844,2025-03-24,Starter,Healthcare,Australia,Paid Ads,2,39.15,9,1,0,
C-10845,BrightlyCloud 845,2023-05-30,Growth,Fintech,United Kingdom,Partner,22,757.35,4,4,0,
C-10846,NovaStudio 846,2025-03-21,Growth,Healthcare,Germany,Outbound Sales,14,480.15,8,3,0,
C-10847,BrightlyLearn 847,2025-08-22,Starter,Real Estate,United Kingdom,Referral,3,49.3,10,5,0,
C-10848,SummitStudio 848,2024-08-30,Business,Logistics,India,Referral,40,3438.5,7,5,0,
C-10849,LumenPay 849,2025-06-16,Growth,Education,United Kingdom,Partner,4,133.65,5,3,0,
C-10850,SummitLabs 850,2023-11-14,Starter,Healthcare,Australia,Organic Search,1,29.0,7,8,1,2024-11-13
C-10851,KiteSystems 851,2025-01-18,Enterprise,Healthcare,United States,Paid Ads,43,1263.0,9,0,0,
C-10852,BlueHealth 852,2024-12-14,Starter,Healthcare,India,Organic Search,2,39.15,6,5,1,2025-05-29
C-10853,PixelSystems 853,2024-08-20,Enterprise,Real Estate,Brazil,Organic Search,48,1368.0,7,8,1,2024-10-02
C-10854,BlueSystems 854,2025-09-24,Growth,Education,United States,Outbound Sales,14,480.15,10,5,0,
C-10855,HarborLearn 855,2025-09-20,Growth,Real Estate,Australia,Referral,7,237.6,8,3,0,
C-10856,OrbitPay 856,2023-12-25,Enterprise,Logistics,France,Partner,243,5463.0,9,2,0,
C-10857,KitePay 857,2025-09-23,Business,Healthcare,United Kingdom,Paid Ads,58,5322.2,6,3,0,
C-10858,ApexCloud 858,2025-03-25,Growth,Fintech,Australia,Organic Search,22,757.35,6,2,0,
C-10859,NovaStudio 859,2023-10-26,Starter,Education,Germany,Referral,3,49.3,7,2,0,
C-10860,SummitLogistics 860,2025-08-30,Business,E-commerce,India,Outbound Sales,76,7205.9,10,4,0,
C-10861,BluePay 861,2024-11-02,Growth,Logistics,Brazil,Referral,24,826.65,6,6,0,
C-10862,BrightlyStudio 862,2024-09-05,Starter,Healthcare,Germany,Organic Search,2,39.15,3,4,1,2025-07-05
C-10863,HarborCloud 863,2025-02-07,Growth,E-commerce,United States,Referral,16,549.45,10,1,0,
C-10864,LumenHealth 864,2024-04-04,Growth,Education,Australia,Referral,22,757.35,7,3,0,
C-10865,ApexWorks 865,2025-08-12,Starter,Healthcare,France,Referral,5,69.6,5,6,0,
C-10866,NovaStudio 866,2024-08-09,Business,Media,Canada,Organic Search,17,1031.55,9,4,0,
C-10867,NovaCloud 867,2023-07-11,Enterprise,Education,Canada,Outbound Sales,275,6135.0,9,2,0,
C-10868,BrightlySystems 868,2025-02-12,Business,Fintech,United Kingdom,Organic Search,59,5426.85,10,1,0,
C-10869,NovaHealth 869,2025-03-18,Starter,Healthcare,Canada,Referral,2,39.15,10,4,0,
C-10870,ApexLabs 870,2025-09-26,Growth,Education,India,Referral,3,99.0,5,4,0,
C-10871,LumenLearn 871,2025-05-30,Starter,Real Estate,France,Organic Search,3,49.3,9,2,0,
C-10872,LumenLearn 872,2025-05-05,Business,Real Estate,Australia,Paid Ads,72,6787.3,10,1,0,
C-10873,LumenStudio 873,2023-12-11,Starter,Fintech,Brazil,Referral,4,59.45,9,2,0,
C-10874,SummitLogistics 874,2025-01-06,Business,Healthcare,India,Paid Ads,28,2182.7,8,3,0,
C-10875,LumenCloud 875,2023-02-11,Starter,Healthcare,India,Organic Search,3,49.3,3,7,1,2023-05-29
C-10876,BrightlyLearn 876,2024-04-12,Starter,Real Estate,India,Paid Ads,1,29.0,4,10,1,2024-09-20
C-10877,ApexCloud 877,2024-01-09,Growth,Real Estate,Brazil,Referral,7,237.6,8,1,0,
C-10878,BlueLearn 878,2025-05-26,Growth,Healthcare,United Kingdom,Organic Search,4,133.65,8,1,0,
C-10879,LumenSystems 879,2024-09-04,Growth,Fintech,Australia,Organic Search,10,341.55,9,1,0,
C-10880,HarborLabs 880,2024-07-23,Starter,Fintech,Canada,Organic Search,3,49.3,4,9,1,2025-02-19
C-10881,LumenLabs 881,2024-06-12,Starter,Fintech,France,Outbound Sales,5,69.6,6,1,0,
C-10882,HarborHealth 882,2025-06-07,Growth,Education,Germany,Outbound Sales,23,792.0,3,5,0,
C-10883,SummitLearn 883,2024-05-22,Starter,E-commerce,India,Referral,5,69.6,7,0,0,
C-10884,BrightlyWorks 884,2025-02-24,Growth,Media,Australia,Referral,6,202.95,7,6,0,
C-10885,ApexPay 885,2023-12-12,Starter,Education,United States,Paid Ads,2,39.15,8,2,0,
C-10886,LumenPay 886,2024-09-17,Starter,Real Estate,Brazil,Partner,1,29.0,5,1,0,
C-10887,ApexLabs 887,2025-01-14,Starter,E-commerce,India,Organic Search,5,69.6,7,5,0,
C-10888,BlueLabs 888,2024-04-30,Business,Media,Australia,Organic Search,23,1659.45,8,3,0,
C-10889,BrightlySystems 889,2023-10-08,Starter,Healthcare,Australia,Referral,2,39.15,7,3,0,
C-10890,ApexSystems 890,2025-07-07,Starter,Media,India,Partner,2,39.15,8,2,0,
C-10891,PixelLogistics 891,2025-02-08,Growth,E-commerce,Canada,Paid Ads,18,618.75,8,3,0,
C-10892,NovaLogistics 892,2025-08-09,Starter,Fintech,Brazil,Organic Search,4,59.45,10,4,0,
C-10893,NovaPay 893,2025-01-09,Starter,Logistics,Australia,Referral,2,39.15,9,2,0,
C-10894,ApexStudio 894,2025-03-16,Growth,Logistics,United Kingdom,Referral,13,445.5,8,2,0,
C-10895,OrbitLearn 895,2024-12-20,Business,E-commerce,France,Organic Search,45,3961.75,5,0,0,
C-10896,BrightlyLabs 896,2025-02-10,Growth,Healthcare,Brazil,Outbound Sales,16,549.45,8,4,0,
C-10897,SummitSystems 897,2025-05-20,Starter,Fintech,Australia,Paid Ads,5,69.6,5,1,0,
C-10898,OrbitWorks 898,2023-03-25,Starter,Fintech,United Kingdom,Referral,4,59.45,10,2,0,
C-10899,PixelCloud 899,2024-12-05,Growth,Real Estate,United States,Referral,8,272.25,3,6,1,2025-02-17
C-10900,BrightlyLogistics 900,2025-08-15,Enterprise,Education,United Kingdom,Organic Search,116,2796.0,6,5,0,
C-10901,OrbitLearn 901,2025-08-21,Starter,Real Estate,Australia,Outbound Sales,4,59.45,9,4,0,
C-10902,SummitLearn 902,2024-05-30,Starter,Real Estate,Brazil,Paid Ads,1,29.0,3,8,1,2024-10-07
C-10903,NovaWorks 903,2023-05-12,Starter,E-commerce,India,Paid Ads,3,49.3,7,4,0,
C-10904,LumenWorks 904,2024-09-13,Business,Education,Brazil,Referral,49,4380.35,10,3,0,
C-10905,SummitHealth 905,2024-01-21,Starter,Media,Brazil,Referral,2,39.15,10,3,0,
C-10906,HarborCloud 906,2024-11-29,Starter,Education,India,Paid Ads,5,69.6,7,6,0,
C-10907,BrightlySystems 907,2025-06-09,Starter,E-commerce,Brazil,Partner,2,39.15,10,4,0,
C-10908,LumenStudio 908,2024-06-04,Growth,Logistics,Germany,Organic Search,9,306.9,8,5,0,
C-10909,BlueSystems 909,2024-06-26,Starter,Fintech,Australia,Outbound Sales,4,59.45,5,2,0,
C-10910,HarborSystems 910,2025-01-20,Growth,Real Estate,United Kingdom,Organic Search,4,133.65,8,2,0,
C-10911,HarborSystems 911,2025-01-21,Starter,Real Estate,Brazil,Referral,4,59.45,7,4,0,
C-10912,ApexPay 912,2024-08-16,Starter,Education,United Kingdom,Paid Ads,4,59.45,7,6,1,2025-03-13
C-10913,LumenSystems 913,2023-11-22,Starter,Education,France,Organic Search,1,29.0,4,8,1,2025-02-01
C-10914,OrbitLabs 914,2025-06-01,Growth,Education,Australia,Paid Ads,8,272.25,8,5,0,
C-10915,OrbitPay 915,2024-03-15,Growth,Logistics,India,Paid Ads,11,376.2,8,5,0,
C-10916,LumenLearn 916,2024-11-26,Growth,Media,Canada,Paid Ads,13,445.5,8,1,0,
C-10917,OrbitLogistics 917,2023-09-29,Growth,Fintech,India,Paid Ads,3,99.0,10,3,0,
C-10918,ApexLearn 918,2025-01-08,Growth,Media,Australia,Referral,4,133.65,6,5,0,
C-10919,SummitStudio 919,2025-01-23,Business,Real Estate,India,Organic Search,53,4798.95,7,4,0,
C-10920,ApexWorks 920,2025-03-23,Starter,E-commerce,United States,Organic Search,2,39.15,8,3,0,
C-10921,HarborCloud 921,2023-07-27,Growth,E-commerce,India,Organic Search,13,445.5,7,5,0,
C-10922,LumenLabs 922,2024-10-26,Starter,Education,France,Organic Search,3,49.3,6,10,1,2025-07-12
C-10923,KiteHealth 923,2023-08-08,Growth,Healthcare,Germany,Paid Ads,18,618.75,8,2,0,
C-10924,BlueWorks 924,2023-10-13,Starter,Media,Canada,Outbound Sales,3,49.3,6,7,1,2024-07-21
C-10925,PixelPay 925,2024-04-13,Starter,Logistics,United Kingdom,Outbound Sales,2,39.15,9,1,0,
C-10926,HarborLabs 926,2025-07-05,Business,Logistics,United States,Referral,63,5845.45,6,4,0,
C-10927,OrbitHealth 927,2025-02-19,Starter,Fintech,United Kingdom,Partner,5,69.6,10,4,0,
C-10928,BluePay 928,2024-12-01,Starter,Media,India,Organic Search,3,49.3,7,7,0,
C-10929,HarborStudio 929,2024-11-14,Growth,Healthcare,Brazil,Organic Search,18,618.75,5,3,0,
C-10930,LumenWorks 930,2024-01-27,Business,Media,United States,Referral,47,4171.05,7,1,0,
C-10931,BluePay 931,2023-09-24,Starter,Real Estate,United Kingdom,Organic Search,5,69.6,9,1,0,
C-10932,PixelLearn 932,2025-05-08,Growth,Healthcare,France,Referral,15,514.8,6,7,0,
C-10933,OrbitLearn 933,2025-09-01,Growth,Education,Germany,Paid Ads,21,722.7,7,0,0,
C-10934,BrightlySystems 934,2025-09-01,Starter,Healthcare,Canada,Referral,2,39.15,8,4,0,
C-10935,PixelPay 935,2024-03-01,Growth,Education,Canada,Organic Search,6,202.95,8,4,0,
C-10936,LumenSystems 936,2023-09-08,Growth,Healthcare,Australia,Paid Ads,22,757.35,9,3,0,
C-10937,HarborPay 937,2025-07-25,Business,Real Estate,United Kingdom,Organic Search,20,1345.5,7,2,0,
C-10938,SummitWorks 938,2025-04-07,Growth,E-commerce,Australia,Referral,18,618.75,5,3,0,
C-10939,KiteLearn 939,2024-08-06,Growth,Media,Germany,Organic Search,10,341.55,9,5,0,
C-10940,NovaSystems 940,2025-03-19,Enterprise,Healthcare,Canada,Organic Search,339,7479.0,9,2,0,
C-10941,BlueLabs 941,2024-08-09,Starter,Media,India,Paid Ads,4,59.45,7,6,1,2025-04-10
C-10942,ApexLearn 942,2024-02-28,Growth,E-commerce,India,Paid Ads,20,688.05,8,2,0,
C-10943,NovaSystems 943,2025-06-01,Starter,Media,Canada,Organic Search,3,49.3,9,4,0,
C-10944,BlueSystems 944,2024-08-10,Growth,E-commerce,Brazil,Paid Ads,17,584.1,8,1,0,
C-10945,OrbitStudio 945,2025-04-15,Growth,Logistics,United Kingdom,Paid Ads,14,480.15,6,2,0,
C-10946,BrightlyHealth 946,2024-10-18,Starter,Fintech,Brazil,Paid Ads,1,29.0,7,3,0,
C-10947,HarborCloud 947,2023-01-26,Starter,Education,India,Partner,3,49.3,9,0,0,
C-10948,HarborLearn 948,2024-03-27,Starter,E-commerce,France,Organic Search,3,49.3,3,11,1,2024-05-14
C-10949,ApexHealth 949,2024-09-11,Business,Fintech,United Kingdom,Referral,35,2915.25,6,3,0,
C-10950,SummitStudio 950,2024-03-11,Starter,Education,Australia,Paid Ads,3,49.3,2,7,1,2025-01-23
C-10951,BlueHealth 951,2023-12-05,Starter,Healthcare,Germany,Organic Search,5,69.6,9,0,0,
C-10952,NovaWorks 952,2025-07-23,Starter,Logistics,France,Partner,3,49.3,8,2,0,
C-10953,KiteSystems 953,2025-05-03,Starter,Healthcare,Canada,Organic Search,4,59.45,10,1,0,
C-10954,SummitLearn 954,2024-11-07,Business,Media,Germany,Organic Search,28,2182.7,8,7,0,
C-10955,LumenLearn 955,2024-04-30,Growth,Real Estate,India,Paid Ads,12,410.85,6,2,0,
C-10956,NovaLabs 956,2024-11-16,Business,E-commerce,Brazil,Organic Search,80,7624.5,8,0,0,
C-10957,KiteLogistics 957,2025-04-30,Growth,Education,India,Organic Search,16,549.45,8,1,0,
C-10958,ApexLogistics 958,2024-09-13,Starter,E-commerce,France,Organic Search,1,29.0,10,0,0,
C-10959,NovaWorks 959,2024-09-27,Starter,Logistics,India,Referral,2,39.15,5,6,1,2024-11-13
C-10960,BlueLogistics 960,2025-08-01,Starter,E-commerce,United Kingdom,Organic Search,1,29.0,7,2,0,
C-10961,SummitLearn 961,2024-02-20,Business,Media,France,Referral,29,2287.35,8,4,0,
C-10962,PixelCloud 962,2024-06-12,Business,Media,France,Partner,47,4171.05,7,2,0,
C-10963,BrightlyWorks 963,2024-01-06,Starter,Logistics,United Kingdom,Organic Search,1,29.0,9,3,0,
C-10964,HarborHealth 964,2023-12-13,Starter,Media,Canada,Organic Search,4,59.45,7,2,1,2025-02-20
C-10965,BrightlySystems 965,2024-05-13,Starter,Media,India,Outbound Sales,3,49.3,9,2,0,
C-10966,HarborCloud 966,2024-09-18,Growth,Logistics,United States,Outbound Sales,12,410.85,9,6,0,
C-10967,KiteLabs 967,2024-04-12,Growth,Healthcare,Australia,Referral,5,168.3,9,6,0,
C-10968,NovaHealth 968,2023-03-10,Growth,Education,Canada,Referral,25,861.3,9,5,0,
C-10969,ApexSystems 969,2024-10-23,Starter,Media,United Kingdom,Partner,4,59.45,8,6,0,
C-10970,SummitSystems 970,2023-06-11,Growth,Logistics,United States,Partner,4,133.65,6,2,0,
C-10971,BlueLearn 971,2023-01-27,Growth,E-commerce,United States,Paid Ads,17,584.1,8,8,0,
C-10972,PixelHealth 972,2025-08-30,Business,Logistics,United Kingdom,Organic Search,40,3438.5,6,5,0,
C-10973,NovaLearn 973,2025-03-27,Business,Media,United Kingdom,Partner,19,1240.85,6,4,0,
C-10974,KiteLogistics 974,2025-01-25,Business,Fintech,Canada,Organic Search,71,6682.65,7,2,0,
C-10975,ApexLearn 975,2024-10-10,Starter,Healthcare,India,Paid Ads,5,69.6,7,4,0,
C-10976,ApexHealth 976,2025-05-29,Starter,E-commerce,United Kingdom,Referral,2,39.15,8,4,0,
C-10977,BrightlyStudio 977,2024-06-25,Growth,Logistics,Germany,Partner,14,480.15,3,7,1,2025-07-13
C-10978,KiteLearn 978,2025-05-08,Starter,Real Estate,Brazil,Partner,4,59.45,7,4,0,
C-10979,KiteCloud 979,2024-04-19,Starter,Logistics,Canada,Outbound Sales,2,39.15,10,5,0,
C-10980,BlueStudio 980,2025-01-04,Growth,Education,Brazil,Referral,16,549.45,7,3,0,
C-10981,LumenPay 981,2024-01-31,Enterprise,Media,India,Referral,260,5820.0,7,6,0,
C-10982,BrightlyLogistics 982,2024-03-05,Starter,Media,United States,Referral,1,29.0,9,3,0,
C-10983,ApexPay 983,2024-11-22,Growth,Fintech,Australia,Paid Ads,15,514.8,7,2,0,
C-10984,ApexStudio 984,2024-04-28,Starter,Fintech,Canada,Outbound Sales,4,59.45,5,8,1,2025-01-01
C-10985,NovaHealth 985,2024-11-06,Growth,Media,Australia,Organic Search,6,202.95,7,1,0,
C-10986,ApexLearn 986,2024-09-29,Starter,Fintech,Canada,Outbound Sales,1,29.0,8,4,0,
C-10987,BlueHealth 987,2025-06-15,Growth,Real Estate,Germany,Organic Search,19,653.4,10,1,0,
C-10988,PixelStudio 988,2025-07-05,Starter,Real Estate,Canada,Paid Ads,4,59.45,7,5,0,
C-10989,BlueWorks 989,2025-09-23,Business,Logistics,Australia,Organic Search,16,926.9,9,4,0,
C-10990,BrightlyPay 990,2025-02-07,Business,E-commerce,United States,Referral,50,4485.0,8,7,0,
C-10991,OrbitPay 991,2025-01-29,Business,Real Estate,Brazil,Outbound Sales,21,1450.15,7,4,0,
C-10992,LumenWorks 992,2024-09-23,Growth,Media,Canada,Outbound Sales,3,99.0,8,5,0,
C-10993,BlueLearn 993,2024-06-12,Starter,Real Estate,Germany,Partner,3,49.3,8,4,0,
C-10994,LumenCloud 994,2024-03-30,Enterprise,Fintech,India,Paid Ads,153,3573.0,7,2,0,
C-10995,OrbitHealth 995,2024-11-03,Business,Media,Germany,Referral,58,5322.2,6,5,0,
C-10996,NovaWorks 996,2024-06-13,Starter,Healthcare,United States,Organic Search,3,49.3,3,8,1,2025-03-12
C-10997,BlueLabs 997,2024-02-29,Starter,Healthcare,Germany,Paid Ads,3,49.3,3,7,1,2024-08-21
C-10998,PixelCloud 998,2023-06-12,Starter,Real Estate,United Kingdom,Referral,1,29.0,8,4,0,
C-10999,OrbitLabs 999,2024-04-10,Starter,Real Estate,France,Outbound Sales,5,69.6,6,8,1,2024-11-11
C-11000,BluePay 1000,2025-08-26,Growth,Education,France,Outbound Sales,18,618.75,7,6,0,
C-11001,NovaSystems 1001,2024-10-01,Growth,E-commerce,France,Organic Search,5,168.3,9,0,0,
C-11002,HarborLabs 1002,2024-11-15,Starter,Logistics,Germany,Paid Ads,3,49.3,9,2,0,
C-11003,ApexCloud 1003,2024-04-01,Growth,Fintech,France,Referral,16,549.45,6,2,0,
C-11004,KiteLabs 1004,2025-03-27,Starter,E-commerce,Brazil,Referral,1,29.0,9,2,0,
C-11005,ApexLogistics 1005,2024-12-10,Starter,Media,Germany,Paid Ads,5,69.6,9,3,0,
C-11006,PixelLabs 1006,2025-06-22,Growth,Logistics,Brazil,Paid Ads,24,826.65,8,1,0,
C-11007,LumenLearn 1007,2024-05-19,Business,Media,India,Organic Search,45,3961.75,10,2,0,
C-11008,BrightlyPay 1008,2024-11-13,Growth,Fintech,United States,Organic Search,4,133.65,7,4,0,
C-11009,OrbitHealth 1009,2025-05-29,Starter,Healthcare,United Kingdom,Partner,1,29.0,10,1,0,
C-11010,HarborPay 1010,2025-06-30,Growth,Logistics,India,Partner,5,168.3,7,2,0,
C-11011,KiteStudio 1011,2025-05-26,Business,E-commerce,Brazil,Paid Ads,14,717.6,6,3,0,
C-11012,BlueHealth 1012,2025-07-27,Growth,Media,France,Organic Search,4,133.65,6,3,0,
C-11013,LumenLearn 1013,2024-05-14,Starter,E-commerce,Brazil,Paid Ads,1,29.0,5,12,1,2025-08-17
C-11014,OrbitLabs 1014,2025-05-16,Starter,Real Estate,United States,Organic Search,2,39.15,5,0,0,
C-11015,HarborWorks 1015,2024-12-21,Growth,Healthcare,Brazil,Organic Search,14,480.15,4,5,1,2025-09-04
C-11016,OrbitLogistics 1016,2025-07-17,Growth,Real Estate,Australia,Referral,5,168.3,7,4,0,
C-11017,SummitPay 1017,2024-12-30,Enterprise,Education,India,Organic Search,173,3993.0,6,3,0,
C-11018,SummitLogistics 1018,2024-10-08,Starter,Healthcare,India,Outbound Sales,4,59.45,6,5,0,
C-11019,ApexLogistics 1019,2025-03-01,Growth,Real Estate,Australia,Outbound Sales,25,861.3,6,3,0,
C-11020,OrbitWorks 1020,2024-05-08,Growth,Logistics,United Kingdom,Paid Ads,6,202.95,10,0,0,
C-11021,NovaStudio 1021,2024-01-12,Growth,Healthcare,Australia,Paid Ads,11,376.2,6,3,0,
C-11022,NovaLabs 1022,2024-04-21,Business,Healthcare,Germany,Organic Search,37,3124.55,8,4,0,
C-11023,KiteStudio 1023,2024-12-02,Starter,Media,Australia,Paid Ads,5,69.6,9,6,0,
C-11024,PixelSystems 1024,2023-08-22,Business,Real Estate,France,Paid Ads,31,2496.65,7,2,0,
C-11025,ApexSystems 1025,2024-10-02,Starter,Real Estate,India,Organic Search,3,49.3,4,11,1,2025-01-27
C-11026,KitePay 1026,2024-09-15,Starter,Education,India,Organic Search,3,49.3,8,4,0,
C-11027,ApexStudio 1027,2025-03-09,Growth,Education,Canada,Outbound Sales,20,688.05,8,4,0,
C-11028,PixelWorks 1028,2024-10-24,Growth,Education,France,Outbound Sales,24,826.65,7,2,0,
C-11029,HarborSystems 1029,2024-06-10,Starter,Media,Brazil,Outbound Sales,1,29.0,7,4,0,
C-11030,LumenPay 1030,2025-08-26,Starter,Fintech,Germany,Organic Search,4,59.45,8,3,0,
C-11031,SummitHealth 1031,2023-11-20,Starter,E-commerce,India,Partner,3,49.3,10,3,0,
C-11032,BlueLogistics 1032,2025-05-04,Growth,Media,United States,Referral,20,688.05,8,5,0,
C-11033,ApexStudio 1033,2025-09-09,Growth,Healthcare,France,Organic Search,19,653.4,7,3,0,
C-11034,HarborHealth 1034,2024-12-28,Growth,Media,India,Partner,6,202.95,4,5,0,
C-11035,OrbitCloud 1035,2025-07-29,Starter,Fintech,Germany,Referral,4,59.45,7,3,0,
C-11036,BrightlyCloud 1036,2025-08-26,Growth,Media,Brazil,Paid Ads,17,584.1,8,3,0,
C-11037,BlueLearn 1037,2023-08-07,Starter,Real Estate,United States,Organic Search,1,29.0,5,7,1,2024-07-28
C-11038,OrbitSystems 1038,2024-11-06,Starter,Logistics,Germany,Partner,5,69.6,8,4,0,
C-11039,HarborLogistics 1039,2024-09-08,Growth,Education,Brazil,Outbound Sales,14,480.15,9,0,0,
C-11040,PixelWorks 1040,2023-11-19,Enterprise,Real Estate,Brazil,Organic Search,137,3237.0,8,5,0,
C-11041,OrbitLearn 1041,2025-05-03,Starter,E-commerce,Brazil,Outbound Sales,3,49.3,9,4,0,
C-11042,LumenHealth 1042,2024-05-27,Growth,Healthcare,United Kingdom,Organic Search,8,272.25,8,2,0,
C-11043,OrbitCloud 1043,2025-06-24,Starter,Fintech,United Kingdom,Organic Search,2,39.15,6,10,0,
C-11044,BrightlyHealth 1044,2025-02-08,Business,Media,United States,Organic Search,15,822.25,10,1,0,
C-11045,PixelLogistics 1045,2023-07-26,Starter,Healthcare,Germany,Paid Ads,1,29.0,4,3,0,
C-11046,KiteLearn 1046,2025-06-14,Growth,Real Estate,Germany,Organic Search,20,688.05,8,4,0,
C-11047,HarborStudio 1047,2024-01-30,Growth,Logistics,India,Paid Ads,16,549.45,8,1,0,
C-11048,HarborLearn 1048,2024-09-05,Starter,Fintech,United Kingdom,Referral,5,69.6,9,2,0,
C-11049,ApexWorks 1049,2024-08-10,Business,Education,India,Paid Ads,23,1659.45,7,2,0,
C-11050,LumenSystems 1050,2024-06-27,Starter,E-commerce,France,Referral,5,69.6,7,6,1,2024-11-09
C-11051,NovaWorks 1051,2025-06-22,Growth,Healthcare,Australia,Outbound Sales,18,618.75,7,2,0,
C-11052,KiteLabs 1052,2025-06-10,Starter,Media,India,Organic Search,2,39.15,7,9,1,2025-08-27
C-11053,BlueCloud 1053,2024-01-24,Starter,Media,France,Referral,2,39.15,7,9,1,2025-03-12
C-11054,BlueHealth 1054,2023-07-27,Starter,Healthcare,Germany,Outbound Sales,3,49.3,10,4,0,
C-11055,KiteLogistics 1055,2025-05-31,Business,Media,Brazil,Partner,80,7624.5,7,3,0,
C-11056,HarborSystems 1056,2023-12-13,Growth,Logistics,United States,Referral,14,480.15,7,3,0,
C-11057,NovaLogistics 1057,2025-06-07,Growth,Real Estate,Canada,Organic Search,6,202.95,8,1,0,
C-11058,SummitCloud 1058,2025-08-14,Starter,Education,United States,Partner,5,69.6,6,4,0,
C-11059,NovaCloud 1059,2025-04-07,Starter,Media,India,Paid Ads,4,59.45,6,3,0,
C-11060,HarborPay 1060,2025-09-13,Growth,Logistics,United States,Referral,22,757.35,8,4,0,
C-11061,NovaHealth 1061,2024-03-26,Starter,Real Estate,India,Referral,2,39.15,8,4,0,
C-11062,BlueLogistics 1062,2024-02-29,Business,Education,Germany,Outbound Sales,63,5845.45,9,3,0,
C-11063,KiteStudio 1063,2025-09-23,Business,Real Estate,Germany,Outbound Sales,12,508.3,8,2,0,
C-11064,ApexHealth 1064,2025-08-31,Starter,Education,Australia,Paid Ads,4,59.45,8,2,0,
C-11065,LumenCloud 1065,2024-10-31,Business,Fintech,United Kingdom,Paid Ads,79,7519.85,6,3,0,
C-11066,KiteStudio 1066,2025-02-16,Business,Education,Germany,Organic Search,48,4275.7,9,5,0,
C-11067,ApexSystems 1067,2024-11-24,Growth,Healthcare,Brazil,Partner,4,133.65,7,3,0,
C-11068,PixelLabs 1068,2024-07-26,Starter,Healthcare,Canada,Outbound Sales,1,29.0,9,2,0,
C-11069,SummitSystems 1069,2025-01-17,Growth,Fintech,Germany,Outbound Sales,5,168.3,10,2,0,
C-11070,PixelWorks 1070,2024-02-04,Starter,Education,France,Referral,5,69.6,6,5,0,
C-11071,ApexCloud 1071,2025-04-08,Enterprise,E-commerce,Brazil,Organic Search,308,6828.0,9,5,0,
C-11072,LumenPay 1072,2025-06-01,Business,Education,Brazil,Partner,39,3333.85,10,2,0,
C-11073,NovaSystems 1073,2025-02-11,Starter,Education,Australia,Organic Search,4,59.45,7,2,0,
C-11074,NovaPay 1074,2025-03-14,Growth,Fintech,United Kingdom,Outbound Sales,5,168.3,7,7,0,
C-11075,BrightlyHealth 1075,2025-08-16,Growth,Healthcare,Brazil,Outbound Sales,23,792.0,7,2,0,
C-11076,BlueStudio 1076,2025-09-11,Starter,Education,Brazil,Paid Ads,1,29.0,8,4,0,
C-11077,OrbitLogistics 1077,2025-05-08,Business,Real Estate,France,Organic Search,17,1031.55,8,3,0,
C-11078,BrightlyStudio 1078,2025-02-05,Starter,E-commerce,Germany,Organic Search,1,29.0,8,3,0,
C-11079,ApexLogistics 1079,2023-06-26,Starter,Logistics,United States,Partner,3,49.3,10,0,0,
C-11080,KiteWorks 1080,2024-11-14,Starter,Healthcare,Canada,Outbound Sales,5,69.6,8,3,0,
C-11081,HarborWorks 1081,2023-09-24,Starter,Education,India,Organic Search,3,49.3,5,7,1,2024-03-02
C-11082,LumenStudio 1082,2024-09-30,Growth,Healthcare,Australia,Referral,21,722.7,8,4,0,
C-11083,OrbitLogistics 1083,2025-09-14,Starter,Media,Brazil,Outbound Sales,5,69.6,6,3,0,
C-11084,OrbitWorks 1084,2023-11-20,Business,Healthcare,Australia,Organic Search,42,3647.8,10,6,0,
C-11085,LumenWorks 1085,2024-08-18,Growth,Real Estate,Brazil,Paid Ads,20,688.05,10,2,0,
C-11086,BlueLabs 1086,2025-07-20,Starter,E-commerce,United Kingdom,Paid Ads,2,39.15,8,2,0,
C-11087,KiteCloud 1087,2023-09-04,Growth,E-commerce,United Kingdom,Organic Search,14,480.15,8,3,0,
C-11088,NovaWorks 1088,2025-01-15,Starter,Healthcare,India,Referral,3,49.3,7,5,0,
C-11089,KitePay 1089,2024-07-19,Starter,Logistics,United States,Referral,5,69.6,9,3,0,
C-11090,NovaLearn 1090,2025-08-06,Starter,Fintech,India,Organic Search,1,29.0,8,2,0,
C-11091,BlueLogistics 1091,2025-06-26,Growth,Fintech,Germany,Organic Search,3,99.0,9,1,0,
C-11092,LumenLearn 1092,2024-08-28,Growth,Media,Brazil,Organic Search,14,480.15,10,6,0,
C-11093,HarborStudio 1093,2025-09-09,Growth,Media,United Kingdom,Organic Search,9,306.9,5,1,0,
C-11094,HarborLabs 1094,2023-07-15,Starter,E-commerce,Canada,Organic Search,1,29.0,4,5,1,2024-08-09
C-11095,OrbitSystems 1095,2025-04-10,Starter,Real Estate,United States,Organic Search,1,29.0,7,4,0,
C-11096,ApexHealth 1096,2024-02-29,Starter,Logistics,France,Organic Search,5,69.6,8,4,0,
C-11097,HarborSystems 1097,2024-02-20,Starter,Fintech,Australia,Referral,3,49.3,7,0,0,
C-11098,LumenPay 1098,2025-09-05,Business,Real Estate,Brazil,Referral,35,2915.25,6,3,0,
C-11099,NovaLabs 1099,2025-01-17,Growth,Healthcare,India,Organic Search,15,514.8,4,3,0,
C-11100,KiteWorks 1100,2024-08-12,Growth,Education,Brazil,Organic Search,21,722.7,5,1,0,
C-11101,LumenWorks 1101,2025-08-16,Business,Real Estate,Brazil,Partner,10,299.0,8,2,0,
C-11102,HarborSystems 1102,2024-07-27,Starter,Education,France,Organic Search,3,49.3,5,4,0,
C-11103,NovaWorks 1103,2025-07-08,Growth,Logistics,India,Referral,12,410.85,9,3,0,
C-11104,BrightlyLearn 1104,2024-12-05,Starter,Healthcare,Germany,Paid Ads,3,49.3,7,5,0,
C-11105,LumenPay 1105,2024-01-03,Business,Real Estate,Canada,Referral,53,4798.95,7,2,0,
C-11106,ApexStudio 1106,2024-05-01,Business,Logistics,France,Organic Search,18,1136.2,9,1,0,
C-11107,KitePay 1107,2025-06-01,Starter,Healthcare,United States,Referral,3,49.3,6,1,0,
C-11108,HarborCloud 1108,2023-02-04,Starter,Real Estate,Australia,Paid Ads,1,29.0,6,0,0,
C-11109,OrbitStudio 1109,2024-05-05,Business,E-commerce,France,Organic Search,47,4171.05,7,2,0,
C-11110,OrbitLabs 1110,2025-07-15,Growth,Education,Australia,Organic Search,6,202.95,10,4,0,
C-11111,ApexSystems 1111,2024-08-20,Growth,Education,Australia,Organic Search,15,514.8,10,4,0,
C-11112,BrightlySystems 1112,2024-12-03,Growth,E-commerce,Germany,Referral,10,341.55,7,4,0,
C-11113,OrbitCloud 1113,2025-08-11,Starter,Media,United States,Paid Ads,5,69.6,9,2,0,
C-11114,HarborHealth 1114,2024-12-22,Growth,E-commerce,United Kingdom,Paid Ads,18,618.75,9,3,0,
C-11115,BrightlyLabs 1115,2023-05-23,Starter,Real Estate,Brazil,Referral,3,49.3,2,7,1,2024-09-21
C-11116,NovaLogistics 1116,2023-06-17,Starter,E-commerce,India,Paid Ads,1,29.0,4,8,1,2023-12-06
C-11117,BrightlyStudio 1117,2024-11-14,Starter,Logistics,Brazil,Organic Search,1,29.0,6,2,0,
C-11118,NovaHealth 1118,2025-07-25,Starter,Healthcare,France,Organic Search,1,29.0,8,3,0,
C-11119,NovaSystems 1119,2025-03-23,Starter,Logistics,Australia,Organic Search,2,39.15,8,2,0,
C-11120,SummitLearn 1120,2025-02-26,Growth,Logistics,Canada,Organic Search,22,757.35,5,9,1,2025-08-03
C-11121,BlueHealth 1121,2025-02-24,Starter,Education,Germany,Organic Search,3,49.3,7,1,0,
C-11122,NovaPay 1122,2025-04-21,Starter,Media,Brazil,Paid Ads,5,69.6,8,1,0,
C-11123,BlueHealth 1123,2024-04-16,Starter,Education,United Kingdom,Paid Ads,3,49.3,6,8,1,2024-10-22
C-11124,HarborStudio 1124,2023-10-22,Business,Education,Canada,Paid Ads,16,926.9,7,8,0,
C-11125,BrightlySystems 1125,2024-05-23,Growth,Media,Australia,Outbound Sales,15,514.8,7,7,0,
C-11126,KiteLogistics 1126,2023-07-18,Enterprise,Fintech,Germany,Paid Ads,48,1368.0,6,3,0,
C-11127,PixelSystems 1127,2025-07-01,Growth,Media,India,Outbound Sales,4,133.65,7,2,0,
C-11128,SummitStudio 1128,2024-03-01,Starter,Logistics,United Kingdom,Paid Ads,2,39.15,8,5,0,
C-11129,SummitCloud 1129,2024-11-27,Growth,Media,Canada,Outbound Sales,19,653.4,8,2,0,
C-11130,BrightlySystems 1130,2025-04-13,Business,Education,India,Referral,32,2601.3,6,5,0,
C-11131,ApexLearn 1131,2024-07-22,Starter,Real Estate,India,Referral,1,29.0,4,13,1,2024-10-18
C-11132,OrbitLearn 1132,2024-03-12,Business,Education,Canada,Paid Ads,31,2496.65,5,1,0,
C-11133,SummitPay 1133,2025-05-15,Starter,Healthcare,Australia,Organic Search,3,49.3,9,5,0,
C-11134,BrightlyPay 1134,2023-12-18,Starter,Healthcare,Brazil,Organic Search,3,49.3,5,5,1,2024-07-20
C-11135,BrightlyStudio 1135,2024-09-17,Business,Logistics,Australia,Outbound Sales,28,2182.7,10,7,0,
C-11136,NovaLogistics 1136,2025-01-17,Starter,Media,Canada,Organic Search,5,69.6,9,1,0,
C-11137,HarborLearn 1137,2024-04-29,Growth,Media,India,Partner,8,272.25,5,4,0,
C-11138,NovaWorks 1138,2025-05-31,Growth,Healthcare,France,Organic Search,21,722.7,10,2,0,
C-11139,NovaSystems 1139,2023-05-23,Starter,Real Estate,Australia,Partner,2,39.15,6,6,0,
C-11140,NovaHealth 1140,2023-12-31,Starter,E-commerce,Australia,Organic Search,3,49.3,4,4,1,2024-06-26
C-11141,BlueSystems 1141,2024-04-02,Business,Education,Germany,Organic Search,61,5636.15,7,2,0,
C-11142,BlueStudio 1142,2025-03-17,Growth,Fintech,United States,Organic Search,25,861.3,7,3,0,
C-11143,HarborLabs 1143,2024-11-02,Starter,Fintech,India,Outbound Sales,2,39.15,9,1,0,
C-11144,BrightlyLogistics 1144,2023-07-15,Growth,Media,France,Outbound Sales,16,549.45,8,5,0,
C-11145,LumenStudio 1145,2025-09-20,Starter,Real Estate,France,Organic Search,5,69.6,9,3,0,
C-11146,OrbitHealth 1146,2024-09-28,Growth,Healthcare,France,Paid Ads,19,653.4,7,3,0,
C-11147,LumenCloud 1147,2025-08-04,Starter,Logistics,India,Paid Ads,2,39.15,6,1,0,
C-11148,SummitCloud 1148,2025-05-13,Starter,Logistics,Canada,Organic Search,5,69.6,6,4,0,
C-11149,ApexLogistics 1149,2025-09-23,Growth,Fintech,Germany,Outbound Sales,20,688.05,6,1,0,
C-11150,HarborLogistics 1150,2024-07-19,Enterprise,E-commerce,Australia,Paid Ads,208,4728.0,7,8,0,
C-11151,PixelStudio 1151,2025-09-08,Starter,E-commerce,Germany,Referral,2,39.15,6,1,0,
C-11152,BlueLearn 1152,2025-03-17,Starter,Healthcare,Brazil,Organic Search,1,29.0,8,1,0,
C-11153,ApexPay 1153,2024-11-23,Starter,E-commerce,India,Organic Search,2,39.15,5,13,1,2025-08-25
C-11154,OrbitWorks 1154,2023-09-22,Starter,Fintech,United Kingdom,Paid Ads,1,29.0,7,2,0,
C-11155,NovaSystems 1155,2025-04-10,Starter,Logistics,United States,Organic Search,2,39.15,8,2,0,
C-11156,NovaHealth 1156,2025-03-03,Business,Healthcare,Germany,Organic Search,31,2496.65,7,4,0,
C-11157,ApexWorks 1157,2025-08-16,Growth,Healthcare,Canada,Referral,3,99.0,8,5,0,
C-11158,ApexHealth 1158,2025-08-17,Enterprise,Logistics,Brazil,Partner,253,5673.0,8,6,0,
C-11159,ApexLogistics 1159,2024-02-15,Growth,Fintech,United States,Referral,16,549.45,5,5,1,2025-04-28
C-11160,HarborStudio 1160,2023-10-03,Business,Logistics,France,Organic Search,74,6996.6,6,3,0,
C-11161,OrbitLearn 1161,2024-05-11,Starter,E-commerce,United Kingdom,Referral,1,29.0,6,2,0,
C-11162,KiteHealth 1162,2024-09-03,Starter,Fintech,United States,Organic Search,5,69.6,9,4,0,
C-11163,HarborLabs 1163,2024-01-22,Business,Real Estate,India,Outbound Sales,11,403.65,6,0,0,
C-11164,SummitLabs 1164,2025-05-07,Business,Education,United Kingdom,Paid Ads,19,1240.85,9,1,0,
C-11165,LumenLearn 1165,2025-03-22,Starter,E-commerce,United Kingdom,Paid Ads,5,69.6,7,1,0,
C-11166,SummitLogistics 1166,2023-05-07,Business,Fintech,India,Paid Ads,16,926.9,8,2,0,
C-11167,LumenPay 1167,2024-06-13,Starter,Education,United Kingdom,Organic Search,1,29.0,8,1,0,
C-11168,BlueSystems 1168,2023-05-06,Business,Fintech,France,Organic Search,23,1659.45,8,4,0,
C-11169,OrbitHealth 1169,2023-08-16,Starter,Logistics,United Kingdom,Outbound Sales,3,49.3,5,11,1,2024-07-28
C-11170,BrightlyLabs 1170,2023-10-20,Business,E-commerce,Germany,Paid Ads,21,1450.15,5,2,0,
C-11171,ApexLearn 1171,2024-12-22,Enterprise,E-commerce,India,Paid Ads,243,5463.0,8,5,0,
C-11172,NovaStudio 1172,2023-04-28,Growth,Logistics,France,Outbound Sales,24,826.65,9,4,0,
C-11173,LumenLabs 1173,2024-09-22,Starter,Media,Canada,Paid Ads,1,29.0,5,2,0,
C-11174,BlueCloud 1174,2023-11-15,Starter,E-commerce,United Kingdom,Organic Search,3,49.3,7,3,0,
C-11175,OrbitLogistics 1175,2024-04-21,Starter,Healthcare,Germany,Referral,5,69.6,10,1,0,
C-11176,LumenStudio 1176,2023-06-29,Enterprise,Education,Australia,Organic Search,309,6849.0,9,2,0,
C-11177,ApexStudio 1177,2025-06-06,Growth,Fintech,France,Referral,13,445.5,3,2,0,
C-11178,KiteLearn 1178,2023-12-25,Growth,Logistics,Canada,Organic Search,6,202.95,6,9,1,2024-12-10
C-11179,LumenHealth 1179,2023-10-06,Growth,Fintech,United Kingdom,Partner,20,688.05,9,2,0,
C-11180,HarborLearn 1180,2023-10-22,Business,Fintech,United Kingdom,Outbound Sales,56,5112.9,7,6,0,
C-11181,LumenLabs 1181,2024-08-24,Starter,Healthcare,France,Partner,1,29.0,5,0,1,2025-02-12
C-11182,BrightlySystems 1182,2024-08-14,Starter,Logistics,United Kingdom,Referral,4,59.45,7,8,0,
C-11183,KiteHealth 1183,2023-07-29,Growth,E-commerce,Canada,Outbound Sales,21,722.7,4,8,1,2024-12-17
C-11184,ApexHealth 1184,2025-06-07,Enterprise,Media,Germany,Organic Search,313,6933.0,7,5,0,
C-11185,BlueWorks 1185,2025-01-30,Growth,Education,Australia,Organic Search,13,445.5,7,3,0,
C-11186,HarborLearn 1186,2023-09-12,Starter,E-commerce,United States,Organic Search,2,39.15,6,5,1,2024-07-28
C-11187,KiteSystems 1187,2024-03-22,Starter,Real Estate,Germany,Referral,3,49.3,3,6,1,2025-03-01
C-11188,KitePay 1188,2025-06-27,Business,Fintech,India,Referral,67,6264.05,6,5,0,
C-11189,SummitCloud 1189,2024-10-16,Growth,E-commerce,Brazil,Referral,7,237.6,4,4,1,2025-01-22
C-11190,KiteStudio 1190,2025-04-18,Starter,Fintech,India,Outbound Sales,4,59.45,10,4,0,
C-11191,SummitLogistics 1191,2024-06-05,Starter,Real Estate,Australia,Organic Search,5,69.6,7,4,0,
C-11192,OrbitCloud 1192,2023-03-13,Starter,Healthcare,Germany,Organic Search,4,59.45,6,11,1,2024-08-15
C-11193,ApexLabs 1193,2023-05-29,Starter,Education,Brazil,Paid Ads,5,69.6,4,12,1,2024-08-25
C-11194,HarborPay 1194,2024-07-27,Growth,E-commerce,Brazil,Outbound Sales,6,202.95,8,4,0,
C-11195,SummitPay 1195,2024-05-26,Growth,Logistics,Brazil,Organic Search,20,688.05,10,8,0,
C-11196,SummitHealth 1196,2023-11-08,Growth,Education,India,Partner,15,514.8,8,7,0,
C-11197,HarborLearn 1197,2025-02-26,Starter,Education,India,Organic Search,1,29.0,8,3,0,
C-11198,KiteHealth 1198,2024-01-10,Starter,Real Estate,United Kingdom,Outbound Sales,4,59.45,8,5,0,
C-11199,SummitLearn 1199,2023-07-07,Starter,Real Estate,United States,Partner,1,29.0,10,1,0,
C-11200,ApexLabs 1200,2025-03-11,Starter,Real Estate,Germany,Organic Search,4,59.45,8,2,0,
C-11201,HarborWorks 1201,2025-01-01,Growth,Healthcare,United Kingdom,Referral,20,688.05,7,3,0,
C-11202,PixelCloud 1202,2023-07-12,Growth,Fintech,United Kingdom,Organic Search,24,826.65,8,3,0,
C-11203,NovaLearn 1203,2024-11-30,Growth,Education,Canada,Referral,4,133.65,8,0,0,
C-11204,NovaStudio 1204,2024-11-09,Starter,E-commerce,Germany,Organic Search,5,69.6,9,5,0,
C-11205,SummitStudio 1205,2024-12-08,Growth,Healthcare,Brazil,Paid Ads,23,792.0,10,2,0,
C-11206,HarborLabs 1206,2024-02-28,Starter,Fintech,Brazil,Organic Search,5,69.6,6,4,0,
C-11207,KiteSystems 1207,2025-09-09,Growth,Media,France,Outbound Sales,18,618.75,7,1,0,
C-11208,BlueLearn 1208,2024-07-10,Growth,Healthcare,Australia,Paid Ads,10,341.55,9,1,0,
C-11209,PixelLabs 1209,2025-06-13,Growth,Logistics,India,Partner,18,618.75,8,3,0,
C-11210,LumenWorks 1210,2024-10-26,Starter,Media,Brazil,Organic Search,1,29.0,8,5,0,
C-11211,BrightlyCloud 1211,2025-03-15,Growth,E-commerce,United States,Organic Search,21,722.7,8,3,0,
C-11212,ApexLabs 1212,2025-03-25,Business,Healthcare,Australia,Partner,61,5636.15,7,1,0,
C-11213,SummitCloud 1213,2025-07-05,Enterprise,Healthcare,Germany,Outbound Sales,218,4938.0,7,3,0,
C-11214,KiteCloud 1214,2023-12-03,Business,Logistics,Germany,Paid Ads,52,4694.3,10,6,0,
C-11215,BrightlyHealth 1215,2023-12-15,Growth,Fintech,Brazil,Organic Search,17,584.1,5,5,1,2024-04-19
C-11216,ApexStudio 1216,2025-06-25,Growth,Education,United States,Referral,22,757.35,9,1,0,
C-11217,ApexPay 1217,2023-10-06,Starter,Media,Brazil,Paid Ads,5,69.6,8,3,0,
C-11218,ApexWorks 1218,2023-12-07,Business,Logistics,Brazil,Referral,61,5636.15,8,6,0,
C-11219,LumenWorks 1219,2024-02-11,Business,Fintech,India,Outbound Sales,18,1136.2,10,2,0,
C-11220,BlueLearn 1220,2024-02-13,Growth,Healthcare,India,Organic Search,13,445.5,8,3,0,
C-11221,OrbitPay 1221,2025-08-15,Starter,Media,Canada,Organic Search,2,39.15,10,2,0,
C-11222,NovaLearn 1222,2024-11-22,Growth,Healthcare,United Kingdom,Referral,21,722.7,9,4,0,
C-11223,LumenLogistics 1223,2025-03-13,Growth,Healthcare,United Kingdom,Outbound Sales,9,306.9,8,2,0,
C-11224,KiteWorks 1224,2025-01-27,Starter,Healthcare,Canada,Paid Ads,3,49.3,9,5,0,
C-11225,BlueWorks 1225,2025-03-07,Starter,Real Estate,Canada,Organic Search,4,59.45,9,3,0,
C-11226,HarborCloud 1226,2025-07-23,Starter,Real Estate,Germany,Paid Ads,2,39.15,8,1,0,
C-11227,BrightlyLogistics 1227,2023-01-17,Growth,Real Estate,India,Paid Ads,19,653.4,7,2,0,
C-11228,BlueLogistics 1228,2023-10-31,Starter,Healthcare,United Kingdom,Organic Search,1,29.0,5,8,1,2024-09-10
C-11229,OrbitCloud 1229,2024-08-08,Starter,Real Estate,India,Referral,4,59.45,10,4,0,
C-11230,OrbitLearn 1230,2024-12-21,Growth,Media,Brazil,Partner,3,99.0,8,2,0,
C-11231,BlueLearn 1231,2023-07-08,Growth,Education,United States,Referral,8,272.25,8,12,1,2023-12-19
C-11232,BrightlyLearn 1232,2024-12-16,Starter,Education,France,Referral,3,49.3,8,2,0,
C-11233,KiteStudio 1233,2024-10-22,Starter,Logistics,India,Referral,5,69.6,4,9,1,2025-05-30
C-11234,OrbitStudio 1234,2024-04-18,Growth,Healthcare,Australia,Organic Search,15,514.8,8,0,0,
C-11235,PixelLearn 1235,2024-04-07,Starter,Real Estate,United Kingdom,Referral,4,59.45,8,4,0,
C-11236,HarborHealth 1236,2023-12-03,Starter,Fintech,Australia,Partner,1,29.0,8,3,0,
C-11237,KiteStudio 1237,2023-12-11,Business,Healthcare,United States,Partner,24,1764.1,6,3,0,
C-11238,PixelHealth 1238,2025-03-09,Growth,Real Estate,Germany,Organic Search,6,202.95,9,2,0,
C-11239,PixelCloud 1239,2024-12-15,Starter,Education,India,Outbound Sales,2,39.15,10,5,0,
C-11240,SummitPay 1240,2024-10-25,Enterprise,Healthcare,India,Outbound Sales,42,1242.0,6,0,0,
C-11241,LumenLabs 1241,2024-05-12,Growth,Real Estate,United Kingdom,Partner,17,584.1,6,2,0,
C-11242,BrightlyLogistics 1242,2025-01-06,Starter,Education,Canada,Paid Ads,2,39.15,5,9,1,2025-09-22
C-11243,BrightlyLearn 1243,2025-05-05,Growth,Fintech,Brazil,Paid Ads,12,410.85,7,5,0,
C-11244,OrbitLearn 1244,2024-11-23,Business,E-commerce,Canada,Partner,56,5112.9,9,1,0,
C-11245,SummitStudio 1245,2025-08-02,Starter,E-commerce,Canada,Organic Search,4,59.45,9,1,0,
C-11246,OrbitCloud 1246,2024-02-15,Business,Fintech,Australia,Partner,44,3857.1,10,2,0,
C-11247,PixelCloud 1247,2025-08-22,Starter,Fintech,Brazil,Organic Search,5,69.6,10,3,0,
C-11248,HarborPay 1248,2025-05-01,Growth,Media,Canada,Organic Search,17,584.1,7,3,0,
C-11249,KiteWorks 1249,2025-09-07,Starter,E-commerce,Canada,Organic Search,4,59.45,7,2,0,
C-11250,NovaLearn 1250,2024-09-13,Business,E-commerce,India,Referral,49,4380.35,8,0,0,
C-11251,OrbitWorks 1251,2025-09-18,Growth,Media,France,Paid Ads,22,757.35,9,2,0,
C-11252,BlueStudio 1252,2025-02-11,Business,Media,Australia,Paid Ads,37,3124.55,7,2,0,
C-11253,BrightlyPay 1253,2025-06-23,Starter,E-commerce,United States,Partner,4,59.45,10,2,0,
C-11254,KiteLabs 1254,2025-04-03,Business,Real Estate,United States,Referral,44,3857.1,9,2,0,
C-11255,BrightlyCloud 1255,2025-02-20,Growth,Healthcare,Germany,Outbound Sales,18,618.75,5,3,0,
C-11256,HarborCloud 1256,2025-07-31,Business,Healthcare,France,Organic Search,63,5845.45,8,4,0,
C-11257,KiteSystems 1257,2025-09-16,Starter,Education,France,Paid Ads,2,39.15,8,2,0,
C-11258,PixelHealth 1258,2023-09-21,Growth,Real Estate,France,Organic Search,4,133.65,6,6,1,2024-11-30
C-11259,HarborCloud 1259,2025-01-31,Starter,Education,United Kingdom,Paid Ads,3,49.3,8,8,0,
C-11260,SummitHealth 1260,2024-12-25,Growth,Real Estate,Australia,Outbound Sales,24,826.65,8,3,0,
C-11261,SummitLabs 1261,2024-02-13,Business,Real Estate,Canada,Referral,17,1031.55,7,2,0,
C-11262,OrbitHealth 1262,2024-12-29,Starter,Real Estate,United Kingdom,Organic Search,1,29.0,10,5,0,
C-11263,BlueCloud 1263,2025-02-17,Growth,Logistics,United States,Paid Ads,5,168.3,7,4,0,
C-11264,BrightlyPay 1264,2025-03-26,Growth,E-commerce,India,Paid Ads,6,202.95,7,4,0,
C-11265,BlueLogistics 1265,2025-05-03,Starter,Healthcare,India,Paid Ads,5,69.6,7,3,0,
C-11266,NovaPay 1266,2024-04-28,Starter,Real Estate,Brazil,Outbound Sales,1,29.0,8,2,0,
C-11267,NovaHealth 1267,2024-11-13,Starter,Fintech,Brazil,Paid Ads,5,69.6,7,2,0,
C-11268,LumenLearn 1268,2024-03-08,Business,Healthcare,Brazil,Outbound Sales,21,1450.15,10,6,0,
C-11269,KiteSystems 1269,2024-06-27,Starter,Education,United Kingdom,Outbound Sales,4,59.45,10,3,0,
C-11270,KitePay 1270,2024-05-17,Growth,Education,Germany,Partner,20,688.05,10,3,0,
C-11271,BluePay 1271,2024-02-09,Business,E-commerce,India,Referral,35,2915.25,5,2,0,
C-11272,HarborSystems 1272,2025-08-09,Growth,Fintech,India,Organic Search,14,480.15,9,3,0,
C-11273,LumenLearn 1273,2025-04-13,Growth,Healthcare,India,Organic Search,7,237.6,8,1,0,
C-11274,SummitStudio 1274,2023-04-14,Enterprise,Education,Germany,Paid Ads,325,7185.0,5,2,0,
C-11275,PixelLabs 1275,2025-07-31,Growth,E-commerce,United States,Paid Ads,16,549.45,8,3,0,
C-11276,BrightlyPay 1276,2025-07-23,Starter,E-commerce,India,Outbound Sales,3,49.3,10,3,0,
C-11277,OrbitLearn 1277,2023-07-23,Starter,Fintech,Germany,Paid Ads,2,39.15,9,5,0,
C-11278,LumenSystems 1278,2025-07-07,Starter,Logistics,France,Organic Search,3,49.3,10,3,0,
C-11279,LumenWorks 1279,2025-09-14,Starter,Logistics,United States,Paid Ads,5,69.6,4,1,0,
C-11280,ApexWorks 1280,2023-11-05,Starter,Fintech,Brazil,Referral,1,29.0,6,3,0,
C-11281,ApexStudio 1281,2023-09-17,Growth,Fintech,France,Organic Search,20,688.05,7,7,0,
C-11282,ApexLogistics 1282,2024-09-05,Starter,Fintech,United Kingdom,Referral,4,59.45,9,5,0,
C-11283,LumenLabs 1283,2024-12-21,Growth,Healthcare,Germany,Paid Ads,6,202.95,8,2,0,
C-11284,HarborPay 1284,2023-10-22,Growth,E-commerce,Australia,Organic Search,14,480.15,9,12,0,
C-11285,PixelLabs 1285,2025-03-07,Growth,Media,France,Outbound Sales,16,549.45,3,10,1,2025-07-16
C-11286,NovaPay 1286,2024-09-08,Growth,Education,Germany,Organic Search,7,237.6,7,8,0,
C-11287,OrbitHealth 1287,2025-03-14,Growth,Real Estate,France,Paid Ads,4,133.65,8,5,0,
C-11288,OrbitStudio 1288,2024-11-01,Growth,E-commerce,India,Partner,5,168.3,7,2,0,
C-11289,BlueSystems 1289,2025-08-31,Starter,Logistics,Australia,Paid Ads,3,49.3,10,5,0,
C-11290,BrightlyWorks 1290,2024-07-01,Starter,Fintech,Brazil,Paid Ads,5,69.6,6,7,0,
C-11291,BrightlyHealth 1291,2024-03-19,Growth,Media,France,Organic Search,7,237.6,6,8,0,
C-11292,LumenPay 1292,2024-04-12,Growth,Logistics,India,Outbound Sales,25,861.3,7,2,0,
C-11293,PixelStudio 1293,2025-06-20,Growth,Media,United States,Paid Ads,16,549.45,7,1,0,
C-11294,OrbitPay 1294,2025-08-16,Starter,Real Estate,United States,Organic Search,3,49.3,8,2,0,
C-11295,PixelHealth 1295,2024-09-30,Starter,E-commerce,Germany,Paid Ads,4,59.45,8,3,0,
C-11296,SummitWorks 1296,2023-12-26,Growth,Education,Brazil,Paid Ads,4,133.65,9,3,0,
C-11297,ApexLearn 1297,2023-02-19,Starter,Logistics,United States,Paid Ads,4,59.45,5,3,1,2024-04-15
C-11298,BrightlyLabs 1298,2024-07-11,Starter,E-commerce,Australia,Organic Search,4,59.45,9,6,0,
C-11299,PixelLogistics 1299,2024-11-24,Growth,Logistics,Germany,Organic Search,24,826.65,3,2,0,
C-11300,BrightlyHealth 1300,2024-06-25,Starter,Logistics,United States,Organic Search,5,69.6,6,0,0,
C-11301,OrbitSystems 1301,2023-05-01,Starter,Education,United Kingdom,Referral,5,69.6,8,4,0,
C-11302,PixelWorks 1302,2025-08-26,Starter,Fintech,United Kingdom,Organic Search,5,69.6,9,7,0,
C-11303,NovaPay 1303,2023-05-29,Growth,Healthcare,Germany,Outbound Sales,5,168.3,6,4,0,
C-11304,BlueCloud 1304,2024-10-01,Starter,Education,United States,Organic Search,1,29.0,4,7,1,2025-03-26
C-11305,PixelSystems 1305,2023-05-11,Growth,Education,France,Referral,13,445.5,6,3,0,
C-11306,OrbitPay 1306,2024-03-21,Starter,Real Estate,Brazil,Organic Search,2,39.15,10,3,0,
C-11307,SummitLearn 1307,2023-04-06,Business,Logistics,United States,Organic Search,46,4066.4,8,0,0,
C-11308,PixelLearn 1308,2025-05-24,Starter,Education,Brazil,Organic Search,2,39.15,7,3,0,
C-11309,OrbitLabs 1309,2025-05-02,Starter,E-commerce,Canada,Partner,4,59.45,7,6,0,
C-11310,SummitLearn 1310,2024-11-15,Enterprise,Healthcare,United Kingdom,Outbound Sales,263,5883.0,7,2,0,
C-11311,NovaSystems 1311,2025-04-13,Growth,Logistics,Canada,Outbound Sales,10,341.55,4,7,1,2025-07-26
C-11312,HarborHealth 1312,2024-06-18,Starter,Real Estate,Australia,Partner,4,59.45,9,5,0,
C-11313,ApexPay 1313,2025-06-22,Growth,E-commerce,Canada,Partner,9,306.9,10,3,0,
C-11314,OrbitLogistics 1314,2024-09-19,Growth,Real Estate,France,Organic Search,12,410.85,9,2,0,
C-11315,BlueLogistics 1315,2024-10-30,Business,Real Estate,United Kingdom,Organic Search,61,5636.15,8,3,0,
C-11316,ApexStudio 1316,2024-01-14,Starter,Fintech,Germany,Paid Ads,4,59.45,6,6,1,2024-03-10
C-11317,ApexSystems 1317,2024-08-19,Starter,E-commerce,France,Organic Search,2,39.15,7,9,1,2025-04-23
C-11318,NovaCloud 1318,2023-11-08,Growth,Education,France,Outbound Sales,7,237.6,4,3,0,
C-11319,BlueSystems 1319,2024-07-27,Growth,Fintech,Germany,Outbound Sales,6,202.95,5,4,0,
C-11320,SummitStudio 1320,2025-03-08,Growth,Media,Germany,Referral,18,618.75,4,15,1,2025-06-28
C-11321,BlueWorks 1321,2024-05-11,Starter,Fintech,United Kingdom,Partner,3,49.3,10,0,0,
C-11322,NovaHealth 1322,2023-04-25,Growth,Education,United Kingdom,Referral,22,757.35,2,5,1,2024-04-15
C-11323,ApexHealth 1323,2024-05-31,Business,E-commerce,Germany,Referral,53,4798.95,8,1,0,
C-11324,KiteWorks 1324,2025-06-22,Starter,Healthcare,Germany,Organic Search,3,49.3,6,4,0,
C-11325,SummitHealth 1325,2025-05-16,Starter,Fintech,Australia,Referral,2,39.15,7,0,0,
C-11326,SummitSystems 1326,2023-01-08,Growth,Logistics,United States,Organic Search,3,99.0,9,1,0,
C-11327,HarborLearn 1327,2025-05-13,Growth,E-commerce,Canada,Paid Ads,25,861.3,5,0,0,
C-11328,LumenCloud 1328,2025-09-07,Starter,Real Estate,Australia,Paid Ads,5,69.6,8,4,0,
C-11329,OrbitLearn 1329,2025-01-09,Starter,Fintech,India,Referral,2,39.15,6,4,0,
C-11330,HarborSystems 1330,2024-08-04,Business,Fintech,Canada,Paid Ads,65,6054.75,9,0,0,
C-11331,SummitWorks 1331,2024-10-05,Growth,Education,Australia,Organic Search,6,202.95,8,0,0,
C-11332,ApexWorks 1332,2024-04-02,Enterprise,Fintech,United States,Partner,352,7752.0,9,3,0,
C-11333,BlueLearn 1333,2024-11-18,Starter,Media,United States,Organic Search,3,49.3,8,4,0,
C-11334,LumenPay 1334,2023-03-31,Starter,Real Estate,France,Outbound Sales,5,69.6,6,5,1,2024-05-16
C-11335,LumenWorks 1335,2025-09-14,Starter,Logistics,France,Organic Search,5,69.6,9,6,0,
C-11336,PixelLearn 1336,2023-10-02,Starter,Logistics,India,Outbound Sales,1,29.0,8,8,1,2024-06-10
C-11337,SummitPay 1337,2025-03-24,Growth,Education,Australia,Paid Ads,4,133.65,7,1,0,
C-11338,BrightlySystems 1338,2024-04-15,Growth,Logistics,Brazil,Organic Search,13,445.5,10,2,0,
C-11339,BlueLabs 1339,2025-07-27,Starter,Real Estate,India,Paid Ads,2,39.15,8,4,0,
C-11340,BrightlyCloud 1340,2024-02-29,Starter,E-commerce,Germany,Organic Search,1,29.0,8,4,0,
C-11341,PixelCloud 1341,2025-09-21,Starter,Healthcare,United Kingdom,Organic Search,2,39.15,10,1,0,
C-11342,BlueHealth 1342,2024-09-18,Starter,E-commerce,Canada,Referral,1,29.0,8,0,0,
C-11343,OrbitPay 1343,2025-01-09,Business,Real Estate,Canada,Referral,79,7519.85,9,4,0,
C-11344,BrightlySystems 1344,2024-09-13,Growth,Education,Australia,Paid Ads,25,861.3,9,4,0,
C-11345,HarborLabs 1345,2024-07-23,Enterprise,Education,United Kingdom,Referral,325,7185.0,8,4,0,
C-11346,LumenPay 1346,2024-12-11,Starter,Media,Germany,Paid Ads,5,69.6,8,2,0,
C-11347,ApexCloud 1347,2025-02-20,Starter,Logistics,United States,Referral,2,39.15,8,0,0,
C-11348,PixelPay 1348,2025-01-05,Business,E-commerce,India,Partner,64,5950.1,9,5,0,
C-11349,KiteSystems 1349,2025-08-26,Business,E-commerce,Australia,Referral,19,1240.85,7,3,0,
C-11350,BlueStudio 1350,2024-01-19,Growth,Media,India,Organic Search,3,99.0,6,5,1,2025-01-17
C-11351,HarborCloud 1351,2024-04-15,Starter,Healthcare,United States,Paid Ads,1,29.0,7,4,1,2024-08-06
C-11352,BlueSystems 1352,2024-11-06,Growth,Healthcare,France,Paid Ads,18,618.75,6,7,0,
C-11353,SummitLabs 1353,2024-05-14,Growth,Fintech,Australia,Paid Ads,22,757.35,9,3,0,
C-11354,OrbitWorks 1354,2025-03-13,Starter,Real Estate,United States,Organic Search,2,39.15,8,4,0,
C-11355,LumenLabs 1355,2024-09-10,Growth,Education,France,Paid Ads,13,445.5,8,2,0,
C-11356,NovaLogistics 1356,2025-07-17,Enterprise,Fintech,Brazil,Organic Search,317,7017.0,9,3,0,
C-11357,BlueCloud 1357,2024-04-26,Growth,Logistics,Australia,Organic Search,16,549.45,6,1,0,
C-11358,SummitStudio 1358,2025-03-04,Growth,Logistics,Germany,Referral,7,237.6,3,5,1,2025-05-31
C-11359,SummitWorks 1359,2024-01-06,Business,Fintech,United Kingdom,Referral,64,5950.1,8,2,0,
C-11360,SummitLogistics 1360,2023-11-24,Starter,E-commerce,United States,Organic Search,4,59.45,6,13,1,2025-03-01
C-11361,BrightlyLabs 1361,2023-07-23,Business,E-commerce,Australia,Paid Ads,62,5740.8,6,1,0,
C-11362,BrightlySystems 1362,2023-11-15,Starter,Healthcare,Australia,Referral,1,29.0,8,4,0,
C-11363,BlueLabs 1363,2023-09-25,Starter,Education,France,Outbound Sales,3,49.3,4,9,1,2024-06-24
C-11364,NovaWorks 1364,2023-12-12,Growth,Real Estate,Brazil,Organic Search,7,237.6,10,5,0,
C-11365,BlueLabs 1365,2023-12-05,Starter,Real Estate,Australia,Partner,2,39.15,5,4,1,2025-03-30
C-11366,SummitCloud 1366,2025-02-14,Starter,Logistics,Germany,Outbound Sales,3,49.3,10,8,1,2025-03-26
C-11367,OrbitSystems 1367,2025-08-17,Starter,Fintech,India,Outbound Sales,3,49.3,7,2,0,
C-11368,LumenPay 1368,2025-07-17,Growth,Healthcare,United Kingdom,Organic Search,22,757.35,7,2,0,
C-11369,ApexPay 1369,2025-01-07,Growth,Healthcare,United States,Partner,3,99.0,8,1,0,
C-11370,ApexLearn 1370,2025-09-05,Growth,E-commerce,Brazil,Organic Search,14,480.15,9,8,0,
C-11371,PixelHealth 1371,2025-02-01,Starter,E-commerce,United States,Partner,1,29.0,10,3,0,
C-11372,OrbitStudio 1372,2023-10-16,Starter,E-commerce,Germany,Organic Search,5,69.6,6,1,0,
C-11373,BlueHealth 1373,2024-02-17,Business,Fintech,United States,Organic Search,19,1240.85,9,4,0,
C-11374,NovaWorks 1374,2025-01-30,Business,Healthcare,India,Outbound Sales,58,5322.2,6,3,0,
C-11375,SummitSystems 1375,2024-10-30,Business,Healthcare,India,Organic Search,60,5531.5,8,4,0,
C-11376,OrbitHealth 1376,2024-04-11,Starter,Fintech,Canada,Organic Search,4,59.45,4,6,1,2024-07-29
C-11377,SummitLearn 1377,2023-04-12,Starter,Healthcare,Brazil,Referral,5,69.6,3,5,1,2024-05-01
C-11378,HarborStudio 1378,2025-05-10,Starter,Media,France,Paid Ads,4,59.45,7,1,0,
C-11379,BrightlyLearn 1379,2024-02-20,Business,Healthcare,United States,Paid Ads,45,3961.75,4,2,0,
C-11380,BrightlyLogistics 1380,2023-10-15,Starter,E-commerce,Germany,Referral,5,69.6,5,9,1,2024-09-26
C-11381,LumenLabs 1381,2024-03-25,Growth,Media,United States,Paid Ads,20,688.05,9,3,0,
C-11382,PixelLabs 1382,2025-08-18,Starter,Media,India,Referral,3,49.3,9,4,0,
C-11383,LumenHealth 1383,2023-12-25,Growth,Education,United Kingdom,Referral,3,99.0,6,5,0,
C-11384,KiteStudio 1384,2025-08-19,Starter,E-commerce,India,Paid Ads,4,59.45,9,1,0,
C-11385,PixelLabs 1385,2024-10-15,Enterprise,Media,India,Paid Ads,226,5106.0,10,2,0,
C-11386,SummitLogistics 1386,2025-01-26,Business,Healthcare,France,Referral,77,7310.55,10,2,0,
C-11387,NovaWorks 1387,2025-02-21,Enterprise,Logistics,Canada,Organic Search,231,5211.0,10,2,0,
C-11388,ApexLearn 1388,2023-11-04,Starter,Education,France,Organic Search,4,59.45,7,1,0,
C-11389,LumenStudio 1389,2024-04-23,Starter,Education,United States,Organic Search,4,59.45,10,2,0,
C-11390,NovaStudio 1390,2025-04-11,Starter,E-commerce,Australia,Paid Ads,3,49.3,10,7,0,
C-11391,OrbitLearn 1391,2024-01-11,Starter,Real Estate,United Kingdom,Paid Ads,1,29.0,6,4,1,2024-11-04
C-11392,HarborCloud 1392,2024-10-27,Starter,Media,Brazil,Referral,2,39.15,7,3,0,
C-11393,PixelSystems 1393,2025-01-02,Growth,E-commerce,United States,Referral,17,584.1,4,6,0,
C-11394,OrbitLogistics 1394,2025-03-21,Starter,Fintech,Canada,Partner,3,49.3,9,5,0,
C-11395,KiteWorks 1395,2025-05-30,Business,Education,Brazil,Organic Search,33,2705.95,8,4,0,
C-11396,LumenPay 1396,2025-03-10,Growth,Healthcare,Canada,Organic Search,6,202.95,8,4,0,
C-11397,OrbitWorks 1397,2024-05-09,Business,Education,Canada,Outbound Sales,63,5845.45,6,5,0,
C-11398,BlueLearn 1398,2023-11-23,Growth,Logistics,Germany,Paid Ads,11,376.2,3,3,1,2025-01-15
C-11399,BlueSystems 1399,2025-09-25,Enterprise,Logistics,Brazil,Outbound Sales,110,2670.0,9,1,0,
C-11400,BlueStudio 1400,2024-07-18,Growth,Healthcare,France,Organic Search,24,826.65,6,5,0,
C-11401,NovaStudio 1401,2023-04-01,Starter,Media,Germany,Partner,4,59.45,4,6,1,2024-05-04
C-11402,KiteLearn 1402,2023-09-13,Starter,Real Estate,Canada,Partner,4,59.45,10,6,0,
C-11403,BlueLogistics 1403,2025-04-23,Starter,Media,Brazil,Organic Search,4,59.45,8,0,0,
C-11404,KiteLabs 1404,2024-09-07,Starter,Healthcare,Canada,Organic Search,2,39.15,6,5,0,
C-11405,SummitLearn 1405,2024-10-05,Business,Media,Brazil,Organic Search,76,7205.9,8,3,0,
C-11406,HarborHealth 1406,2024-05-17,Growth,Logistics,France,Organic Search,22,757.35,6,3,0,
C-11407,LumenStudio 1407,2025-07-09,Starter,Real Estate,Brazil,Organic Search,5,69.6,8,3,0,
C-11408,ApexLearn 1408,2025-01-15,Growth,E-commerce,United States,Referral,10,341.55,6,2,0,
C-11409,OrbitLabs 1409,2025-04-25,Growth,Media,United States,Partner,14,480.15,7,2,0,
C-11410,LumenHealth 1410,2024-04-04,Business,E-commerce,United States,Paid Ads,32,2601.3,3,7,1,2024-06-06
C-11411,LumenCloud 1411,2024-09-20,Business,Media,Canada,Organic Search,59,5426.85,7,3,0,
C-11412,BlueWorks 1412,2023-06-28,Business,Fintech,United Kingdom,Paid Ads,50,4485.0,8,1,0,
C-11413,LumenCloud 1413,2023-04-30,Starter,Education,India,Referral,5,69.6,3,7,1,2024-07-24
C-11414,ApexLogistics 1414,2024-05-22,Starter,Logistics,Brazil,Outbound Sales,5,69.6,9,1,0,
C-11415,BrightlyLearn 1415,2025-08-20,Starter,Fintech,United States,Organic Search,1,29.0,10,5,0,
C-11416,OrbitLogistics 1416,2024-06-26,Starter,Education,India,Organic Search,2,39.15,3,5,1,2025-08-31
C-11417,HarborWorks 1417,2025-08-05,Starter,Logistics,Brazil,Referral,5,69.6,9,5,0,
C-11418,BlueWorks 1418,2024-10-08,Growth,Education,United States,Paid Ads,13,445.5,8,2,0,
C-11419,HarborLogistics 1419,2024-07-05,Growth,Real Estate,United Kingdom,Referral,22,757.35,8,2,0,
C-11420,ApexHealth 1420,2025-01-04,Starter,E-commerce,France,Organic Search,5,69.6,6,5,0,
C-11421,LumenCloud 1421,2025-05-16,Starter,Logistics,Brazil,Referral,2,39.15,8,3,0,
C-11422,SummitLearn 1422,2025-02-24,Growth,E-commerce,United States,Outbound Sales,12,410.85,9,5,0,
C-11423,BlueLogistics 1423,2025-09-08,Business,Media,United States,Paid Ads,72,6787.3,6,2,0,
C-11424,NovaLearn 1424,2024-03-14,Business,E-commerce,Germany,Outbound Sales,31,2496.65,10,3,0,
C-11425,NovaHealth 1425,2025-06-20,Business,Healthcare,Canada,Outbound Sales,74,6996.6,10,2,0,
C-11426,ApexPay 1426,2025-07-28,Growth,Logistics,India,Referral,22,757.35,7,2,0,
C-11427,KiteLabs 1427,2025-06-29,Starter,Media,Canada,Outbound Sales,1,29.0,10,4,0,
C-11428,BlueCloud 1428,2025-07-05,Starter,E-commerce,Brazil,Partner,3,49.3,8,2,0,
C-11429,OrbitLogistics 1429,2025-06-23,Starter,Healthcare,India,Organic Search,3,49.3,10,3,0,
C-11430,HarborWorks 1430,2024-11-02,Business,Media,Germany,Partner,24,1764.1,6,3,0,
C-11431,PixelCloud 1431,2025-03-03,Starter,Logistics,Canada,Organic Search,3,49.3,7,3,0,
C-11432,NovaHealth 1432,2024-12-04,Starter,Real Estate,France,Partner,2,39.15,9,1,0,
C-11433,ApexLabs 1433,2023-04-16,Growth,Logistics,Germany,Partner,8,272.25,10,2,0,
C-11434,KiteSystems 1434,2023-04-05,Growth,Logistics,United States,Partner,10,341.55,8,1,0,
C-11435,OrbitSystems 1435,2025-06-28,Business,Media,Brazil,Organic Search,42,3647.8,7,4,0,
C-11436,LumenLearn 1436,2023-11-29,Starter,E-commerce,United States,Partner,1,29.0,9,1,0,
C-11437,PixelWorks 1437,2024-11-25,Business,Education,Australia,Outbound Sales,18,1136.2,10,3,0,
C-11438,PixelCloud 1438,2024-01-20,Starter,E-commerce,Germany,Paid Ads,2,39.15,4,3,0,
C-11439,PixelLogistics 1439,2024-03-19,Starter,Logistics,Germany,Referral,5,69.6,5,8,1,2024-05-18
C-11440,LumenCloud 1440,2025-06-04,Growth,Education,Canada,Organic Search,8,272.25,7,5,0,
C-11441,ApexStudio 1441,2024-04-21,Growth,Media,Canada,Paid Ads,21,722.7,8,3,0,
C-11442,KiteCloud 1442,2025-07-24,Starter,Education,United States,Organic Search,4,59.45,9,2,0,
C-11443,BlueHealth 1443,2025-05-18,Growth,Healthcare,Germany,Paid Ads,11,376.2,7,3,0,
C-11444,PixelHealth 1444,2024-09-07,Starter,Logistics,Germany,Outbound Sales,5,69.6,9,7,0,
C-11445,ApexHealth 1445,2024-08-26,Growth,E-commerce,United States,Referral,4,133.65,10,4,0,
C-11446,HarborPay 1446,2025-06-10,Business,Logistics,Germany,Outbound Sales,64,5950.1,9,5,0,
C-11447,BrightlyLearn 1447,2025-03-05,Enterprise,Media,United Kingdom,Organic Search,196,4476.0,8,2,0,
C-11448,NovaLogistics 1448,2025-01-10,Starter,Fintech,United States,Organic Search,4,59.45,8,3,0,
C-11449,HarborLabs 1449,2024-04-30,Growth,Fintech,United Kingdom,Paid Ads,5,168.3,8,2,0,
C-11450,SummitCloud 1450,2023-07-24,Growth,Media,France,Organic Search,19,653.4,8,2,0,
C-11451,NovaLearn 1451,2024-09-08,Growth,Media,France,Outbound Sales,12,410.85,10,3,0,
C-11452,SummitLearn 1452,2023-09-16,Growth,Media,Canada,Paid Ads,5,168.3,8,2,0,
C-11453,SummitCloud 1453,2023-11-21,Starter,Education,Brazil,Organic Search,3,49.3,4,7,1,2024-07-02
C-11454,HarborLabs 1454,2025-03-05,Enterprise,Real Estate,Canada,Partner,196,4476.0,7,2,0,
C-11455,KiteCloud 1455,2025-01-05,Starter,E-commerce,India,Organic Search,3,49.3,6,3,0,
C-11456,BlueCloud 1456,2025-09-22,Starter,Fintech,Germany,Paid Ads,1,29.0,9,1,0,
C-11457,LumenStudio 1457,2025-02-11,Growth,Media,Australia,Organic Search,3,99.0,7,3,0,
C-11458,HarborWorks 1458,2023-07-17,Starter,Education,France,Paid Ads,2,39.15,3,6,1,2024-05-14
C-11459,BlueSystems 1459,2024-08-16,Growth,Healthcare,Australia,Partner,12,410.85,8,4,0,
C-11460,OrbitLearn 1460,2023-11-18,Growth,Education,India,Paid Ads,8,272.25,10,5,0,
C-11461,BrightlyStudio 1461,2024-12-14,Growth,Logistics,United Kingdom,Partner,8,272.25,10,4,0,
C-11462,KiteWorks 1462,2025-07-03,Starter,Healthcare,India,Organic Search,5,69.6,8,2,0,
C-11463,HarborStudio 1463,2024-05-05,Starter,Education,India,Paid Ads,2,39.15,7,8,1,2025-03-04
C-11464,ApexLogistics 1464,2024-10-12,Business,Education,Germany,Referral,35,2915.25,9,5,0,
C-11465,HarborSystems 1465,2025-04-19,Growth,E-commerce,Germany,Outbound Sales,11,376.2,8,2,0,
C-11466,BrightlyLearn 1466,2024-02-02,Growth,Media,India,Outbound Sales,11,376.2,6,5,0,
C-11467,LumenLearn 1467,2025-06-14,Growth,Education,India,Outbound Sales,17,584.1,9,1,0,
C-11468,BrightlyLearn 1468,2024-06-05,Starter,E-commerce,United States,Referral,1,29.0,2,9,1,2024-08-23
C-11469,ApexHealth 1469,2024-10-26,Starter,Education,Germany,Paid Ads,1,29.0,5,2,0,
C-11470,HarborLogistics 1470,2025-03-31,Starter,E-commerce,United Kingdom,Referral,3,49.3,8,2,0,
C-11471,NovaLearn 1471,2024-05-22,Growth,Real Estate,United Kingdom,Partner,21,722.7,10,2,0,
C-11472,NovaLogistics 1472,2024-12-15,Growth,Media,India,Paid Ads,25,861.3,9,4,0,
C-11473,NovaStudio 1473,2024-12-15,Business,Education,India,Organic Search,35,2915.25,9,4,0,
C-11474,NovaCloud 1474,2024-01-30,Starter,Fintech,Australia,Referral,5,69.6,9,1,0,
C-11475,OrbitCloud 1475,2025-04-25,Starter,Logistics,Brazil,Paid Ads,3,49.3,9,2,0,
C-11476,SummitHealth 1476,2025-04-29,Growth,Logistics,Germany,Organic Search,10,341.55,10,3,0,
C-11477,BrightlyWorks 1477,2025-07-15,Growth,Healthcare,Brazil,Organic Search,7,237.6,10,2,0,
C-11478,SummitLogistics 1478,2023-10-20,Starter,Real Estate,Australia,Organic Search,2,39.15,5,5,1,2024-08-01
C-11479,NovaHealth 1479,2025-01-26,Enterprise,Real Estate,India,Outbound Sales,362,7962.0,8,3,0,
C-11480,SummitHealth 1480,2025-07-29,Growth,Education,Germany,Paid Ads,17,584.1,8,2,0,
C-11481,LumenWorks 1481,2023-12-30,Starter,Media,Germany,Organic Search,3,49.3,3,5,1,2024-03-04
C-11482,ApexLogistics 1482,2025-03-11,Growth,Logistics,Australia,Referral,15,514.8,10,1,0,
C-11483,OrbitPay 1483,2023-07-12,Starter,Fintech,United States,Referral,3,49.3,3,7,1,2024-03-22
C-11484,SummitSystems 1484,2024-01-03,Starter,Logistics,Germany,Paid Ads,4,59.45,5,3,0,
C-11485,NovaHealth 1485,2024-04-20,Growth,Healthcare,United States,Partner,16,549.45,9,1,0,
C-11486,PixelHealth 1486,2024-03-28,Starter,Healthcare,Brazil,Organic Search,4,59.45,7,0,0,
C-11487,OrbitStudio 1487,2025-08-19,Growth,Real Estate,United States,Outbound Sales,22,757.35,8,1,0,
C-11488,ApexLearn 1488,2023-11-01,Starter,Real Estate,United States,Outbound Sales,2,39.15,2,3,1,2025-01-01
C-11489,HarborLogistics 1489,2024-09-03,Growth,Media,Canada,Organic Search,3,99.0,9,2,0,
C-11490,LumenLogistics 1490,2024-08-08,Starter,Real Estate,Canada,Organic Search,4,59.45,8,1,0,
C-11491,NovaWorks 1491,2024-05-27,Business,Real Estate,Canada,Referral,50,4485.0,6,2,0,
C-11492,ApexCloud 1492,2025-03-28,Growth,Logistics,Canada,Referral,13,445.5,8,3,0,
C-11493,PixelPay 1493,2024-07-07,Starter,Healthcare,Canada,Paid Ads,5,69.6,10,1,0,
C-11494,OrbitLearn 1494,2024-09-24,Growth,E-commerce,Brazil,Paid Ads,13,445.5,7,3,0,
C-11495,PixelLogistics 1495,2024-10-18,Starter,Fintech,India,Referral,3,49.3,9,4,0,
C-11496,OrbitCloud 1496,2025-03-24,Starter,Logistics,Brazil,Referral,5,69.6,8,3,0,
C-11497,HarborHealth 1497,2023-09-21,Starter,Fintech,India,Organic Search,5,69.6,6,1,0,
C-11498,ApexHealth 1498,2023-05-16,Business,Fintech,France,Organic Search,18,1136.2,8,1,0,
C-11499,ApexLogistics 1499,2025-02-05,Growth,Logistics,Germany,Paid Ads,14,480.15,7,3,0,
C-11500,PixelPay 1500,2024-07-03,Growth,E-commerce,Canada,Referral,10,341.55,6,1,0,
C-11501,LumenLearn 1501,2025-07-13,Growth,Real Estate,India,Referral,23,792.0,9,2,0,
C-11502,SummitPay 1502,2025-09-12,Starter,Fintech,India,Organic Search,3,49.3,7,4,0,
C-11503,NovaPay 1503,2025-01-20,Growth,Real Estate,United States,Paid Ads,15,514.8,10,0,0,
C-11504,BlueSystems 1504,2023-11-02,Starter,E-commerce,India,Organic Search,3,49.3,9,1,0,
C-11505,KiteLearn 1505,2024-12-08,Starter,Fintech,Brazil,Outbound Sales,3,49.3,9,2,0,
C-11506,HarborLabs 1506,2024-10-03,Growth,Healthcare,India,Organic Search,19,653.4,10,3,0,
C-11507,OrbitSystems 1507,2025-02-26,Growth,Fintech,Germany,Partner,5,168.3,6,1,0,
C-11508,OrbitStudio 1508,2024-11-22,Growth,Real Estate,France,Outbound Sales,17,584.1,9,6,0,
C-11509,KiteCloud 1509,2025-06-02,Starter,Real Estate,Brazil,Partner,5,69.6,9,2,0,
C-11510,ApexSystems 1510,2023-08-22,Business,Fintech,Canada,Partner,18,1136.2,8,5,0,
C-11511,HarborLogistics 1511,2024-04-08,Starter,Education,Canada,Paid Ads,1,29.0,6,10,1,2025-06-14
C-11512,BlueCloud 1512,2023-09-17,Growth,Real Estate,Australia,Paid Ads,21,722.7,9,3,0,
C-11513,NovaLearn 1513,2024-12-21,Starter,Healthcare,Canada,Organic Search,4,59.45,10,3,0,
C-11514,HarborLearn 1514,2023-06-03,Starter,E-commerce,Brazil,Outbound Sales,5,69.6,6,5,1,2023-08-16
C-11515,OrbitStudio 1515,2025-09-13,Growth,Media,United Kingdom,Paid Ads,17,584.1,9,0,0,
C-11516,BrightlyLearn 1516,2025-07-16,Growth,Healthcare,United Kingdom,Referral,8,272.25,6,7,0,
C-11517,SummitWorks 1517,2025-07-06,Growth,Healthcare,Canada,Outbound Sales,7,237.6,9,6,0,
C-11518,PixelLabs 1518,2023-09-18,Starter,Media,United States,Referral,3,49.3,5,6,1,2024-09-15
C-11519,ApexWorks 1519,2025-07-29,Starter,Education,Brazil,Referral,3,49.3,4,2,0,
C-11520,NovaStudio 1520,2024-07-30,Business,Real Estate,Australia,Organic Search,10,299.0,10,1,0,
C-11521,ApexStudio 1521,2024-07-04,Growth,Healthcare,Australia,Partner,25,861.3,9,1,0,
C-11522,HarborLearn 1522,2024-12-08,Growth,Healthcare,India,Paid Ads,12,410.85,4,5,0,
C-11523,NovaPay 1523,2025-05-09,Starter,Media,United States,Paid Ads,4,59.45,10,2,0,
C-11524,LumenStudio 1524,2025-03-24,Growth,Logistics,United States,Paid Ads,16,549.45,9,2,0,
C-11525,SummitHealth 1525,2024-01-31,Starter,Media,Australia,Organic Search,4,59.45,6,1,0,
C-11526,NovaWorks 1526,2025-06-30,Starter,Education,Germany,Organic Search,5,69.6,9,6,0,
C-11527,BrightlyLogistics 1527,2023-03-13,Growth,Real Estate,Australia,Paid Ads,25,861.3,7,4,0,
C-11528,NovaLogistics 1528,2025-08-19,Starter,Healthcare,Canada,Referral,2,39.15,8,2,0,
C-11529,SummitLogistics 1529,2023-12-13,Starter,Media,India,Organic Search,5,69.6,7,1,0,
C-11530,SummitLabs 1530,2024-07-08,Growth,E-commerce,Germany,Partner,15,514.8,5,2,0,
C-11531,LumenSystems 1531,2024-08-07,Growth,E-commerce,Canada,Outbound Sales,6,202.95,7,0,0,
C-11532,KiteCloud 1532,2024-12-11,Starter,E-commerce,United States,Outbound Sales,1,29.0,8,4,0,
C-11533,NovaStudio 1533,2024-06-17,Starter,Real Estate,Canada,Referral,4,59.45,8,1,0,
C-11534,HarborStudio 1534,2025-01-25,Growth,Fintech,Australia,Organic Search,17,584.1,6,7,0,
C-11535,ApexCloud 1535,2023-10-25,Growth,E-commerce,Brazil,Organic Search,15,514.8,9,5,0,
C-11536,NovaCloud 1536,2024-03-22,Business,E-commerce,France,Organic Search,33,2705.95,7,6,1,2024-10-16
C-11537,NovaLearn 1537,2024-10-08,Starter,Education,United States,Paid Ads,1,29.0,7,0,0,
C-11538,ApexLogistics 1538,2023-04-23,Business,Fintech,Canada,Paid Ads,13,612.95,4,9,1,2024-03-26
C-11539,ApexSystems 1539,2024-07-06,Starter,Real Estate,France,Paid Ads,4,59.45,6,3,0,
C-11540,ApexLogistics 1540,2023-08-24,Business,Real Estate,Canada,Organic Search,49,4380.35,6,1,0,
C-11541,SummitHealth 1541,2023-08-10,Growth,Logistics,India,Outbound Sales,9,306.9,9,1,0,
C-11542,SummitPay 1542,2024-02-01,Starter,Education,United States,Paid Ads,2,39.15,9,3,0,
C-11543,HarborWorks 1543,2024-06-29,Starter,Logistics,Canada,Paid Ads,5,69.6,9,8,0,
C-11544,KiteCloud 1544,2024-04-17,Growth,Real Estate,Germany,Paid Ads,16,549.45,7,5,0,
C-11545,ApexLabs 1545,2024-05-07,Starter,E-commerce,Brazil,Paid Ads,1,29.0,8,5,0,
C-11546,ApexSystems 1546,2024-08-09,Starter,Media,France,Referral,2,39.15,8,1,0,
C-11547,ApexLabs 1547,2024-12-23,Business,Media,Australia,Organic Search,46,4066.4,8,2,0,
C-11548,OrbitStudio 1548,2024-04-08,Growth,Real Estate,United Kingdom,Referral,7,237.6,7,0,0,
C-11549,BrightlyCloud 1549,2025-04-17,Starter,Logistics,Canada,Organic Search,1,29.0,7,3,0,
C-11550,NovaSystems 1550,2024-12-26,Growth,Media,United Kingdom,Outbound Sales,11,376.2,8,0,0,
C-11551,BrightlyHealth 1551,2025-07-21,Starter,Logistics,France,Paid Ads,2,39.15,9,6,0,
C-11552,ApexCloud 1552,2023-02-26,Growth,Healthcare,Australia,Referral,5,168.3,6,2,0,
C-11553,BrightlyStudio 1553,2025-04-22,Business,E-commerce,Germany,Organic Search,32,2601.3,7,1,0,
C-11554,PixelSystems 1554,2024-03-14,Growth,Media,Australia,Outbound Sales,20,688.05,7,4,0,
C-11555,ApexLogistics 1555,2024-04-11,Starter,Fintech,France,Organic Search,2,39.15,9,6,0,
C-11556,LumenCloud 1556,2023-03-26,Growth,Real Estate,India,Paid Ads,25,861.3,10,6,0,
C-11557,SummitPay 1557,2024-03-17,Starter,E-commerce,Germany,Paid Ads,5,69.6,4,12,1,2025-03-15
C-11558,HarborLabs 1558,2025-07-24,Enterprise,Media,Canada,Paid Ads,65,1725.0,6,3,0,
C-11559,SummitStudio 1559,2024-07-22,Growth,Healthcare,United States,Referral,22,757.35,9,4,0,
C-11560,BrightlyLabs 1560,2024-04-29,Business,Fintech,India,Outbound Sales,55,5008.25,7,2,0,
C-11561,OrbitCloud 1561,2024-02-16,Business,E-commerce,United Kingdom,Paid Ads,42,3647.8,6,6,0,
C-11562,SummitWorks 1562,2025-06-15,Growth,Education,Brazil,Referral,8,272.25,9,3,0,
C-11563,BrightlyLogistics 1563,2023-09-14,Starter,Fintech,Germany,Outbound Sales,2,39.15,8,4,0,
C-11564,BrightlyStudio 1564,2025-07-29,Starter,Real Estate,India,Paid Ads,3,49.3,7,2,0,
C-11565,OrbitLabs 1565,2025-04-11,Growth,Logistics,Canada,Organic Search,18,618.75,7,2,0,
C-11566,ApexPay 1566,2025-03-14,Growth,E-commerce,India,Referral,19,653.4,6,1,0,
C-11567,PixelWorks 1567,2024-07-07,Growth,Logistics,India,Organic Search,4,133.65,4,3,0,
C-11568,BlueHealth 1568,2023-12-18,Business,Healthcare,France,Outbound Sales,71,6682.65,6,4,0,
C-11569,BrightlyCloud 1569,2025-01-06,Starter,Healthcare,Germany,Paid Ads,1,29.0,8,2,0,
C-11570,BrightlyStudio 1570,2025-02-03,Growth,Education,United States,Organic Search,8,272.25,6,4,0,
C-11571,KiteLearn 1571,2024-10-31,Growth,E-commerce,India,Partner,12,410.85,3,8,1,2025-08-23
C-11572,OrbitStudio 1572,2025-04-10,Starter,Real Estate,Brazil,Organic Search,4,59.45,7,3,0,
C-11573,SummitLabs 1573,2023-08-02,Starter,Logistics,India,Paid Ads,2,39.15,7,4,0,
C-11574,NovaHealth 1574,2025-06-18,Growth,E-commerce,Brazil,Referral,11,376.2,8,1,0,
C-11575,BlueSystems 1575,2024-10-11,Starter,Media,Australia,Referral,2,39.15,7,4,0,
C-11576,BrightlyPay 1576,2024-01-23,Business,Education,United Kingdom,Partner,29,2287.35,9,1,0,
C-11577,BrightlySystems 1577,2024-06-15,Business,Logistics,Australia,Organic Search,47,4171.05,6,6,1,2024-11-07
C-11578,BlueLabs 1578,2025-02-05,Starter,Logistics,Australia,Paid Ads,1,29.0,6,7,1,2025-04-13
C-11579,OrbitLogistics 1579,2025-02-16,Business,Healthcare,Germany,Organic Search,24,1764.1,6,5,0,
C-11580,LumenLabs 1580,2024-12-09,Enterprise,Fintech,Canada,Paid Ads,98,2418.0,9,2,0,
C-11581,OrbitLogistics 1581,2024-02-20,Starter,Media,Germany,Paid Ads,4,59.45,6,5,0,
C-11582,OrbitStudio 1582,2024-09-12,Business,Logistics,Germany,Organic Search,76,7205.9,7,1,0,
C-11583,BrightlyLearn 1583,2023-12-01,Starter,Logistics,Germany,Organic Search,4,59.45,7,4,0,
C-11584,LumenCloud 1584,2025-04-27,Starter,Media,United Kingdom,Organic Search,4,59.45,7,2,0,
C-11585,KiteLabs 1585,2025-04-11,Starter,Education,United Kingdom,Paid Ads,3,49.3,9,3,0,
C-11586,LumenHealth 1586,2024-05-31,Growth,Logistics,United Kingdom,Referral,25,861.3,7,2,0,
C-11587,HarborSystems 1587,2025-01-07,Enterprise,Education,India,Referral,232,5232.0,10,3,0,
C-11588,SummitLogistics 1588,2023-08-12,Starter,E-commerce,Germany,Paid Ads,1,29.0,5,6,1,2024-11-27
C-11589,SummitLabs 1589,2024-03-31,Starter,E-commerce,Australia,Referral,1,29.0,9,2,0,
C-11590,SummitLogistics 1590,2024-08-14,Growth,Fintech,Canada,Organic Search,3,99.0,7,1,0,
C-11591,ApexLearn 1591,2024-10-22,Starter,Healthcare,Brazil,Organic Search,2,39.15,8,7,0,
C-11592,HarborStudio 1592,2024-09-12,Starter,Fintech,France,Organic Search,2,39.15,5,4,1,2025-04-09
C-11593,LumenLabs 1593,2025-06-15,Starter,Real Estate,Germany,Organic Search,2,39.15,9,4,0,
C-11594,ApexLearn 1594,2025-01-22,Starter,Education,Australia,Paid Ads,2,39.15,5,4,1,2025-06-21
C-11595,KiteLearn 1595,2025-05-20,Starter,Media,France,Organic Search,3,49.3,7,3,0,
C-11596,BrightlyWorks 1596,2024-01-10,Business,Media,India,Organic Search,31,2496.65,9,2,0,
C-11597,SummitSystems 1597,2023-11-10,Business,Education,India,Paid Ads,74,6996.6,8,0,0,
C-11598,BlueStudio 1598,2024-04-01,Starter,Education,Brazil,Organic Search,1,29.0,7,3,0,
C-11599,OrbitCloud 1599,2023-07-30,Starter,Logistics,Australia,Outbound Sales,4,59.45,4,5,1,2024-02-11
C-11600,PixelSystems 1600,2025-05-22,Starter,Media,India,Organic Search,3,49.3,9,3,0,
C-11601,LumenPay 1601,2025-04-17,Growth,Logistics,Brazil,Paid Ads,21,722.7,6,1,0,
C-11602,LumenLearn 1602,2024-02-16,Business,Logistics,France,Organic Search,32,2601.3,8,0,0,
C-11603,OrbitLearn 1603,2024-08-15,Starter,Logistics,United Kingdom,Organic Search,5,69.6,6,5,1,2024-11-18
C-11604,SummitLabs 1604,2023-12-03,Growth,Media,United Kingdom,Referral,20,688.05,7,4,0,
C-11605,LumenLogistics 1605,2024-12-18,Starter,Education,Australia,Paid Ads,2,39.15,7,3,0,
C-11606,LumenPay 1606,2023-07-07,Enterprise,Fintech,Canada,Referral,388,8508.0,9,1,0,
C-11607,KiteCloud 1607,2024-09-07,Starter,Education,United States,Organic Search,3,49.3,8,2,0,
C-11608,NovaCloud 1608,2025-02-25,Starter,Media,Brazil,Referral,2,39.15,5,4,0,
C-11609,BlueSystems 1609,2025-05-16,Starter,Real Estate,Australia,Paid Ads,4,59.45,8,2,0,
C-11610,ApexHealth 1610,2023-05-03,Starter,Logistics,India,Paid Ads,1,29.0,8,5,0,
C-11611,OrbitStudio 1611,2023-11-22,Growth,Education,United Kingdom,Paid Ads,7,237.6,6,6,1,2024-05-01
C-11612,SummitCloud 1612,2023-06-01,Starter,Logistics,Canada,Partner,2,39.15,6,3,0,
C-11613,ApexPay 1613,2025-05-14,Business,E-commerce,Australia,Paid Ads,15,822.25,7,4,0,
C-11614,NovaStudio 1614,2025-04-07,Business,Logistics,Brazil,Organic Search,72,6787.3,5,9,1,2025-05-31
C-11615,ApexStudio 1615,2025-01-31,Growth,Fintech,Canada,Referral,25,861.3,8,3,0,
C-11616,BlueLogistics 1616,2025-07-20,Growth,Healthcare,Brazil,Outbound Sales,21,722.7,10,3,0,
C-11617,OrbitSystems 1617,2025-06-05,Business,Healthcare,France,Outbound Sales,59,5426.85,7,6,0,
C-11618,SummitLabs 1618,2025-03-22,Growth,Logistics,Canada,Referral,21,722.7,10,5,0,
C-11619,KiteHealth 1619,2024-03-13,Business,Healthcare,India,Paid Ads,66,6159.4,8,1,0,
C-11620,PixelLogistics 1620,2023-08-22,Growth,Logistics,Australia,Organic Search,25,861.3,7,3,0,
C-11621,OrbitCloud 1621,2025-06-04,Starter,Real Estate,Brazil,Paid Ads,4,59.45,8,7,0,
C-11622,OrbitLabs 1622,2023-08-31,Business,Logistics,India,Organic Search,54,4903.6,9,5,0,
C-11623,SummitSystems 1623,2024-01-30,Starter,E-commerce,India,Referral,3,49.3,8,2,0,
C-11624,SummitLabs 1624,2025-03-14,Growth,Media,France,Organic Search,8,272.25,9,1,0,
C-11625,NovaCloud 1625,2024-02-19,Starter,Logistics,United Kingdom,Paid Ads,3,49.3,6,3,0,
C-11626,BrightlyPay 1626,2023-05-10,Growth,Media,India,Partner,19,653.4,6,3,0,
C-11627,ApexPay 1627,2025-09-17,Growth,Education,Brazil,Paid Ads,3,99.0,7,7,0,
C-11628,KiteLogistics 1628,2024-04-19,Business,Real Estate,United States,Referral,50,4485.0,8,3,0,
C-11629,OrbitLearn 1629,2025-01-02,Growth,Real Estate,Canada,Paid Ads,20,688.05,8,5,0,
C-11630,BrightlyLearn 1630,2024-12-02,Starter,Logistics,Canada,Paid Ads,5,69.6,9,3,0,
C-11631,BlueSystems 1631,2025-06-28,Growth,Real Estate,France,Paid Ads,21,722.7,9,3,0,
C-11632,ApexHealth 1632,2024-01-01,Starter,Healthcare,Canada,Referral,3,49.3,5,6,1,2024-12-05
C-11633,KitePay 1633,2024-04-01,Growth,Education,Canada,Referral,23,792.0,6,8,1,2025-03-07
C-11634,BrightlyHealth 1634,2025-02-16,Starter,Education,United Kingdom,Outbound Sales,3,49.3,8,3,0,
C-11635,ApexSystems 1635,2025-07-01,Starter,Education,Australia,Referral,3,49.3,5,5,0,
C-11636,BrightlyStudio 1636,2024-10-13,Growth,Media,Germany,Referral,9,306.9,5,1,0,
C-11637,PixelWorks 1637,2024-09-07,Starter,Real Estate,Australia,Outbound Sales,2,39.15,5,7,1,2025-08-13
C-11638,BrightlyStudio 1638,2023-11-17,Starter,Media,France,Referral,4,59.45,4,2,1,2024-05-15
C-11639,ApexHealth 1639,2023-08-17,Growth,Media,United States,Organic Search,11,376.2,9,3,0,
C-11640,HarborSystems 1640,2024-12-12,Starter,E-commerce,Brazil,Paid Ads,5,69.6,3,14,1,2025-06-17
C-11641,SummitPay 1641,2025-06-18,Business,Healthcare,United States,Outbound Sales,17,1031.55,10,2,0,
C-11642,LumenStudio 1642,2024-11-13,Starter,E-commerce,Brazil,Referral,1,29.0,9,5,0,
C-11643,OrbitPay 1643,2024-12-04,Enterprise,E-commerce,Canada,Paid Ads,177,4077.0,9,5,0,
C-11644,LumenLearn 1644,2024-05-18,Enterprise,Logistics,Germany,Referral,355,7815.0,9,4,0,
C-11645,BlueWorks 1645,2024-04-16,Starter,Healthcare,Australia,Partner,3,49.3,5,3,0,
C-11646,SummitCloud 1646,2023-12-23,Starter,E-commerce,United States,Organic Search,5,69.6,1,7,1,2024-06-14
C-11647,PixelWorks 1647,2025-07-15,Business,E-commerce,United States,Outbound Sales,42,3647.8,10,5,0,
C-11648,KiteHealth 1648,2025-01-17,Growth,Education,Brazil,Outbound Sales,14,480.15,8,2,0,
C-11649,LumenHealth 1649,2025-01-17,Starter,Real Estate,Germany,Paid Ads,3,49.3,6,3,0,
C-11650,LumenLearn 1650,2025-09-14,Starter,Healthcare,India,Outbound Sales,4,59.45,10,5,0,
C-11651,LumenStudio 1651,2025-07-05,Starter,Healthcare,France,Paid Ads,5,69.6,6,2,0,
C-11652,PixelPay 1652,2025-06-07,Starter,E-commerce,Germany,Organic Search,1,29.0,9,4,0,
C-11653,SummitPay 1653,2024-02-25,Growth,E-commerce,France,Organic Search,22,757.35,8,3,0,
C-11654,LumenLearn 1654,2024-08-13,Starter,Real Estate,Canada,Partner,1,29.0,7,6,0,
C-11655,ApexHealth 1655,2025-08-15,Growth,Logistics,India,Organic Search,8,272.25,5,6,0,
C-11656,KiteHealth 1656,2024-06-09,Business,Healthcare,France,Organic Search,67,6264.05,7,5,0,
C-11657,SummitLabs 1657,2023-10-15,Starter,Real Estate,United States,Outbound Sales,4,59.45,10,5,0,
C-11658,BlueWorks 1658,2025-03-06,Enterprise,Logistics,Brazil,Organic Search,40,1200.0,8,2,0,
C-11659,SummitLabs 1659,2023-03-09,Starter,Education,Australia,Organic Search,4,59.45,4,8,1,2024-01-05
C-11660,OrbitPay 1660,2023-08-01,Growth,Education,Brazil,Organic Search,14,480.15,8,2,0,
C-11661,PixelWorks 1661,2025-04-11,Starter,Logistics,Australia,Outbound Sales,2,39.15,7,5,0,
C-11662,OrbitLabs 1662,2025-08-19,Growth,Healthcare,Germany,Paid Ads,16,549.45,8,6,0,
C-11663,ApexLogistics 1663,2024-11-02,Starter,Real Estate,France,Referral,1,29.0,6,1,0,
C-11664,KiteSystems 1664,2024-05-03,Growth,Fintech,Brazil,Organic Search,18,618.75,8,2,0,
C-11665,HarborSystems 1665,2025-08-25,Growth,Education,Brazil,Paid Ads,8,272.25,6,2,0,
C-11666,BrightlyWorks 1666,2024-12-13,Growth,Media,United States,Referral,17,584.1,7,3,0,
C-11667,BrightlyHealth 1667,2023-02-22,Starter,Fintech,Canada,Referral,5,69.6,7,2,0,
C-11668,SummitSystems 1668,2023-06-14,Starter,Real Estate,Australia,Partner,5,69.6,4,6,1,2023-07-19
C-11669,BlueStudio 1669,2025-06-19,Growth,Education,United Kingdom,Organic Search,13,445.5,7,3,0,
C-11670,SummitLogistics 1670,2024-08-14,Growth,E-commerce,Germany,Referral,11,376.2,8,5,0,
C-11671,BluePay 1671,2023-06-21,Starter,Media,United Kingdom,Outbound Sales,2,39.15,9,5,0,
C-11672,KiteWorks 1672,2025-03-18,Starter,Healthcare,India,Paid Ads,3,49.3,5,3,0,
C-11673,BlueSystems 1673,2024-03-01,Growth,Media,United States,Partner,7,237.6,9,5,0,
C-11674,BlueLearn 1674,2025-04-10,Starter,Fintech,Brazil,Partner,1,29.0,8,3,0,
C-11675,NovaWorks 1675,2023-07-18,Growth,Fintech,India,Organic Search,9,306.9,9,3,0,
C-11676,BlueStudio 1676,2023-08-16,Starter,Fintech,Australia,Outbound Sales,3,49.3,10,0,0,
C-11677,BlueCloud 1677,2024-10-13,Business,Real Estate,Brazil,Referral,43,3752.45,7,2,0,
C-11678,KitePay 1678,2024-02-02,Growth,Healthcare,Australia,Organic Search,23,792.0,5,2,0,
C-11679,BlueWorks 1679,2024-11-10,Business,Education,United States,Organic Search,14,717.6,7,6,0,
C-11680,BlueLearn 1680,2024-12-21,Business,Education,Australia,Paid Ads,80,7624.5,9,1,0,
C-11681,HarborLabs 1681,2025-07-14,Business,Logistics,India,Paid Ads,73,6891.95,9,3,0,
C-11682,OrbitLabs 1682,2024-04-14,Growth,Real Estate,United Kingdom,Organic Search,21,722.7,8,1,0,
C-11683,HarborStudio 1683,2024-08-11,Starter,Logistics,United Kingdom,Paid Ads,3,49.3,7,8,0,
C-11684,NovaCloud 1684,2024-12-09,Growth,Healthcare,France,Partner,14,480.15,8,6,0,
C-11685,SummitHealth 1685,2025-06-06,Business,Media,United States,Paid Ads,35,2915.25,8,4,0,
C-11686,BrightlyCloud 1686,2025-06-12,Growth,Media,Australia,Organic Search,16,549.45,5,3,0,
C-11687,LumenWorks 1687,2024-03-04,Business,Healthcare,Germany,Organic Search,31,2496.65,7,4,0,
C-11688,PixelWorks 1688,2023-11-10,Starter,E-commerce,Australia,Referral,4,59.45,3,2,1,2025-02-16
C-11689,BlueSystems 1689,2025-07-14,Growth,E-commerce,India,Referral,22,757.35,9,2,0,
C-11690,SummitPay 1690,2025-01-26,Starter,Media,Australia,Referral,5,69.6,6,8,0,
C-11691,SummitSystems 1691,2025-03-12,Business,Logistics,United Kingdom,Referral,65,6054.75,10,6,0,
C-11692,BrightlyStudio 1692,2024-10-11,Starter,Healthcare,Australia,Referral,3,49.3,8,4,0,
C-11693,PixelCloud 1693,2024-06-11,Growth,Media,Australia,Outbound Sales,14,480.15,3,10,1,2025-07-08
C-11694,KitePay 1694,2025-05-06,Growth,Fintech,United States,Paid Ads,19,653.4,9,7,0,
C-11695,BrightlyLearn 1695,2024-01-23,Starter,Media,Germany,Referral,4,59.45,2,3,1,2025-04-20
C-11696,LumenStudio 1696,2025-01-02,Enterprise,Media,Germany,Referral,200,4560.0,9,2,0,
C-11697,SummitLogistics 1697,2024-06-18,Business,Fintech,Germany,Outbound Sales,78,7415.2,9,3,0,
C-11698,LumenStudio 1698,2023-04-28,Business,Real Estate,Germany,Paid Ads,66,6159.4,9,3,0,
C-11699,KiteCloud 1699,2024-06-24,Starter,Media,Brazil,Paid Ads,3,49.3,7,3,0,
C-11700,BrightlyLabs 1700,2024-01-21,Starter,Logistics,Germany,Organic Search,5,69.6,7,2,0,
C-11701,KiteSystems 1701,2025-09-07,Business,E-commerce,Brazil,Paid Ads,43,3752.45,8,2,0,
C-11702,KiteWorks 1702,2025-07-22,Starter,Fintech,France,Organic Search,1,29.0,10,2,0,
C-11703,ApexSystems 1703,2023-05-13,Starter,Real Estate,Brazil,Organic Search,1,29.0,4,6,1,2024-08-30
C-11704,PixelLogistics 1704,2024-09-21,Starter,Fintech,Brazil,Referral,3,49.3,6,3,0,
C-11705,BlueLabs 1705,2024-11-21,Business,E-commerce,France,Organic Search,76,7205.9,5,5,0,
C-11706,ApexLabs 1706,2025-06-18,Starter,Education,Canada,Organic Search,3,49.3,8,3,0,
C-11707,HarborCloud 1707,2025-04-10,Growth,Fintech,Canada,Organic Search,25,861.3,9,0,0,
C-11708,BrightlyCloud 1708,2024-11-13,Starter,E-commerce,Germany,Paid Ads,2,39.15,7,4,0,
C-11709,PixelSystems 1709,2025-01-11,Growth,Logistics,Brazil,Referral,16,549.45,9,1,0,
C-11710,NovaHealth 1710,2024-12-19,Starter,Fintech,Australia,Partner,1,29.0,7,3,0,
C-11711,BluePay 1711,2023-05-04,Growth,Real Estate,Brazil,Organic Search,12,410.85,2,8,1,2023-11-28
C-11712,KiteCloud 1712,2025-02-26,Growth,Real Estate,Germany,Organic Search,14,480.15,9,4,0,
C-11713,PixelCloud 1713,2023-09-05,Business,Education,Brazil,Referral,52,4694.3,8,4,0,
C-11714,KiteLabs 1714,2025-08-25,Business,Healthcare,India,Organic Search,23,1659.45,8,7,0,
C-11715,BlueCloud 1715,2024-12-20,Starter,E-commerce,United Kingdom,Outbound Sales,1,29.0,6,4,0,
C-11716,LumenLearn 1716,2024-10-06,Starter,Logistics,Canada,Organic Search,1,29.0,8,1,0,
C-11717,KiteSystems 1717,2024-08-15,Business,Logistics,Brazil,Organic Search,47,4171.05,7,4,1,2025-07-23
C-11718,HarborSystems 1718,2025-07-19,Starter,Real Estate,Canada,Organic Search,1,29.0,7,3,0,
C-11719,ApexPay 1719,2025-08-28,Growth,Education,United Kingdom,Referral,16,549.45,8,2,0,
C-11720,BrightlyLogistics 1720,2023-06-09,Growth,Logistics,Canada,Organic Search,14,480.15,7,2,0,
C-11721,BlueStudio 1721,2025-07-25,Starter,Real Estate,France,Referral,5,69.6,6,2,0,
C-11722,OrbitLabs 1722,2023-12-10,Starter,Education,United Kingdom,Paid Ads,5,69.6,7,7,0,
C-11723,KiteLearn 1723,2024-01-25,Starter,Fintech,Brazil,Organic Search,4,59.45,7,4,0,
C-11724,NovaLearn 1724,2023-09-19,Growth,Media,France,Partner,4,133.65,8,5,1,2024-10-04
C-11725,LumenSystems 1725,2025-03-18,Business,Real Estate,Brazil,Organic Search,49,4380.35,8,2,0,
C-11726,LumenLearn 1726,2024-11-19,Growth,Fintech,India,Organic Search,3,99.0,7,4,0,
C-11727,SummitWorks 1727,2025-06-02,Starter,E-commerce,United Kingdom,Outbound Sales,4,59.45,5,5,0,
C-11728,ApexStudio 1728,2024-01-11,Starter,Fintech,Canada,Paid Ads,2,39.15,3,5,1,2025-05-08
C-11729,BlueLearn 1729,2024-01-19,Starter,Real Estate,Brazil,Organic Search,1,29.0,3,8,1,2024-10-14
C-11730,NovaLearn 1730,2024-07-12,Enterprise,Logistics,Canada,Paid Ads,188,4308.0,4,5,0,
C-11731,NovaHealth 1731,2025-02-26,Starter,Fintech,United States,Outbound Sales,1,29.0,6,0,0,
C-11732,LumenLabs 1732,2024-02-13,Business,Education,Canada,Outbound Sales,28,2182.7,7,1,0,
C-11733,SummitSystems 1733,2025-06-10,Starter,Real Estate,Brazil,Organic Search,4,59.45,7,4,0,
C-11734,ApexHealth 1734,2023-03-02,Starter,Healthcare,Canada,Referral,4,59.45,6,6,1,2024-04-16
C-11735,NovaLabs 1735,2024-08-19,Growth,Real Estate,Australia,Outbound Sales,14,480.15,7,2,0,
C-11736,BlueSystems 1736,2024-08-07,Growth,Real Estate,Brazil,Partner,19,653.4,7,5,0,
C-11737,BlueLogistics 1737,2023-12-11,Starter,Media,United Kingdom,Referral,1,29.0,10,3,0,
C-11738,BrightlyLogistics 1738,2025-09-03,Starter,Real Estate,Germany,Referral,5,69.6,7,1,0,
C-11739,HarborLearn 1739,2023-12-23,Growth,Logistics,Brazil,Organic Search,8,272.25,8,2,0,
C-11740,NovaCloud 1740,2023-06-02,Growth,E-commerce,Canada,Paid Ads,22,757.35,5,8,1,2024-05-31
C-11741,KiteLearn 1741,2025-09-09,Starter,Fintech,India,Paid Ads,2,39.15,6,2,0,
C-11742,LumenPay 1742,2024-04-20,Growth,Fintech,France,Outbound Sales,7,237.6,7,4,0,
C-11743,ApexPay 1743,2024-03-31,Starter,Healthcare,Germany,Organic Search,2,39.15,8,2,0,
C-11744,HarborWorks 1744,2025-02-05,Growth,Real Estate,France,Partner,14,480.15,4,6,1,2025-07-31
C-11745,PixelPay 1745,2025-02-10,Starter,Media,France,Outbound Sales,3,49.3,9,6,0,
C-11746,OrbitPay 1746,2023-11-30,Growth,Logistics,United States,Paid Ads,8,272.25,7,3,0,
C-11747,OrbitLabs 1747,2024-02-19,Starter,Media,Brazil,Paid Ads,4,59.45,8,2,0,
C-11748,LumenWorks 1748,2025-01-28,Growth,Healthcare,Canada,Referral,19,653.4,10,1,0,
C-11749,NovaCloud 1749,2025-03-04,Starter,Education,United Kingdom,Referral,2,39.15,6,2,0,
C-11750,OrbitLearn 1750,2024-02-03,Growth,Education,Australia,Organic Search,9,306.9,8,2,0,
C-11751,SummitSystems 1751,2024-04-20,Growth,Healthcare,India,Organic Search,6,202.95,9,3,0,
C-11752,BlueSystems 1752,2025-07-05,Business,Education,Germany,Paid Ads,28,2182.7,7,3,0,
C-11753,OrbitLearn 1753,2025-09-13,Starter,Healthcare,United States,Referral,3,49.3,6,0,0,
C-11754,PixelPay 1754,2023-07-22,Starter,Healthcare,India,Paid Ads,1,29.0,4,5,0,
C-11755,ApexHealth 1755,2024-12-28,Growth,Logistics,Brazil,Paid Ads,19,653.4,10,1,0,
C-11756,BrightlyStudio 1756,2025-09-04,Starter,Logistics,Australia,Paid Ads,2,39.15,8,5,0,
C-11757,BrightlyPay 1757,2024-01-02,Starter,Real Estate,Canada,Paid Ads,3,49.3,5,8,1,2024-06-11
C-11758,LumenLearn 1758,2023-09-06,Starter,E-commerce,Australia,Referral,4,59.45,9,6,0,
C-11759,SummitLogistics 1759,2025-04-04,Growth,Fintech,Canada,Organic Search,18,618.75,7,2,0,
C-11760,NovaCloud 1760,2024-08-28,Enterprise,Media,Brazil,Paid Ads,105,2565.0,10,2,0,
C-11761,KitePay 1761,2024-02-09,Growth,Education,United Kingdom,Outbound Sales,6,202.95,7,2,0,
C-11762,NovaSystems 1762,2025-01-13,Growth,Healthcare,France,Paid Ads,20,688.05,6,2,0,
C-11763,KitePay 1763,2025-04-24,Starter,Education,Germany,Organic Search,4,59.45,8,6,0,
C-11764,HarborWorks 1764,2025-07-24,Business,Real Estate,France,Paid Ads,25,1868.75,4,3,0,
C-11765,NovaLogistics 1765,2025-02-05,Starter,Real Estate,Brazil,Outbound Sales,1,29.0,8,3,0,
C-11766,PixelWorks 1766,2025-01-26,Starter,Logistics,Australia,Outbound Sales,1,29.0,8,2,0,
C-11767,NovaPay 1767,2024-07-27,Starter,Logistics,United Kingdom,Organic Search,3,49.3,10,5,0,
C-11768,KiteLogistics 1768,2024-12-13,Growth,Media,France,Partner,8,272.25,8,4,0,
C-11769,PixelCloud 1769,2025-03-18,Enterprise,E-commerce,India,Organic Search,94,2334.0,7,2,0,
C-11770,BrightlySystems 1770,2023-09-19,Growth,Fintech,Brazil,Organic Search,23,792.0,4,10,1,2024-08-07
C-11771,ApexCloud 1771,2023-07-14,Business,Logistics,United States,Referral,48,4275.7,7,1,0,
C-11772,KiteSystems 1772,2024-12-04,Growth,Media,Canada,Outbound Sales,24,826.65,10,6,0,
C-11773,PixelHealth 1773,2024-07-29,Growth,Media,Germany,Organic Search,22,757.35,8,2,0,
C-11774,PixelHealth 1774,2025-09-02,Growth,Healthcare,Germany,Organic Search,4,133.65,9,1,0,
C-11775,BrightlyLearn 1775,2024-07-11,Business,Real Estate,Canada,Partner,61,5636.15,5,3,0,
C-11776,BrightlyLearn 1776,2023-09-16,Starter,Logistics,Germany,Referral,5,69.6,9,6,0,
C-11777,NovaStudio 1777,2023-11-26,Growth,Education,United States,Referral,10,341.55,10,3,0,
C-11778,HarborCloud 1778,2023-10-31,Business,Healthcare,Germany,Partner,40,3438.5,7,5,0,
C-11779,BrightlyLogistics 1779,2023-12-02,Growth,Media,United Kingdom,Organic Search,6,202.95,8,1,0,
C-11780,BlueLabs 1780,2023-11-14,Starter,Fintech,Canada,Partner,2,39.15,7,2,0,
C-11781,SummitSystems 1781,2024-05-19,Starter,Real Estate,Australia,Outbound Sales,2,39.15,9,3,0,
C-11782,OrbitLearn 1782,2024-03-17,Growth,Education,United Kingdom,Paid Ads,3,99.0,10,2,0,
C-11783,ApexStudio 1783,2024-12-02,Starter,Healthcare,India,Referral,5,69.6,9,4,0,
C-11784,BrightlyLabs 1784,2025-06-22,Enterprise,Education,Canada,Organic Search,67,1767.0,5,5,0,
C-11785,OrbitWorks 1785,2025-07-08,Growth,E-commerce,Canada,Organic Search,20,688.05,10,7,0,
C-11786,HarborLabs 1786,2024-03-21,Starter,Logistics,United States,Organic Search,1,29.0,3,12,1,2024-09-03
C-11787,KiteStudio 1787,2024-07-26,Starter,E-commerce,France,Partner,3,49.3,7,9,1,2025-06-20
C-11788,BlueLabs 1788,2025-06-27,Growth,E-commerce,France,Paid Ads,4,133.65,8,3,0,
C-11789,ApexSystems 1789,2025-06-22,Starter,Education,Canada,Partner,2,39.15,5,1,0,
C-11790,LumenLearn 1790,2025-09-24,Starter,Media,Canada,Organic Search,3,49.3,6,3,0,
C-11791,OrbitPay 1791,2023-08-04,Growth,Fintech,Germany,Referral,23,792.0,7,5,0,
C-11792,SummitLabs 1792,2025-04-22,Business,Real Estate,United States,Organic Search,21,1450.15,9,3,0,
C-11793,KiteStudio 1793,2024-08-12,Business,Real Estate,Germany,Referral,55,5008.25,8,2,0,
C-11794,BlueStudio 1794,2025-06-14,Growth,Real Estate,India,Outbound Sales,4,133.65,8,0,0,
C-11795,OrbitLearn 1795,2024-05-13,Business,Education,United States,Paid Ads,67,6264.05,9,4,0,
C-11796,PixelLabs 1796,2025-07-21,Growth,Media,Canada,Referral,18,618.75,7,5,0,
C-11797,SummitLogistics 1797,2024-04-16,Business,Media,United Kingdom,Paid Ads,53,4798.95,10,4,0,
C-11798,KiteCloud 1798,2024-10-20,Starter,Healthcare,United States,Referral,2,39.15,7,3,0,
C-11799,SummitSystems 1799,2023-08-18,Starter,Education,United States,Partner,2,39.15,8,4,0,
